HIERARCHY
ROOT Hips
{
	OFFSET 0.00 0.00 0.00
	CHANNELS 6 Xposition Yposition Zposition Xrotation Yrotation Zrotation
	JOINT Spine
	{
		OFFSET 0.00000 1.15266 1.72900
		CHANNELS 3 Xrotation Yrotation Zrotation
		JOINT Spine1
		{
			OFFSET 0.00000 0.40032 2.27031
			CHANNELS 3 Xrotation Yrotation Zrotation
			JOINT Spine2
			{
				OFFSET 0.00000 0.20092 2.29656
				CHANNELS 3 Xrotation Yrotation Zrotation
				JOINT Spine3
				{
					OFFSET 0.00000 0.00000 2.30533
					CHANNELS 3 Xrotation Yrotation Zrotation
					JOINT Neck
					{
						OFFSET 0.00000 -0.86449 6.05149
						CHANNELS 3 Xrotation Yrotation Zrotation
						JOINT Head
						{
							OFFSET 0.00000 -0.55043 3.12167
							CHANNELS 3 Xrotation Yrotation Zrotation
							End Site
							{
								OFFSET 0.00000 0.00000 3.73175
							}
						}
					}
					JOINT RightShoulder
					{
						OFFSET -0.78828 -1.31380 4.25672
						CHANNELS 3 Xrotation Yrotation Zrotation
						JOINT RightArm
						{
							OFFSET -3.91513 0.00000 0.00000
							CHANNELS 3 Xrotation Yrotation Zrotation
							JOINT RightForeArm
							{
								OFFSET -6.91491 0.00000 0.00000
								CHANNELS 3 Xrotation Yrotation Zrotation
								JOINT RightHand
								{
									OFFSET -6.09622 0.00000 0.00000
									CHANNELS 3 Xrotation Yrotation Zrotation
									JOINT RightHandEnd
									{
										OFFSET -1.74995 0.00000 0.00000
										CHANNELS 3 Xrotation Yrotation Zrotation
										End Site
										{
											OFFSET -1.74995 0.00000 0.00000
										}
									}
									JOINT RightHandThumb1
									{
										OFFSET -0.69998 -1.16663 -0.46665
										CHANNELS 3 Yrotation Xrotation Zrotation
										End Site
										{
											OFFSET -1.69032 -0.45292 0.00000
										}
									}
								}
							}
						}
					}
					JOINT LeftShoulder
					{
						OFFSET 0.78828 -1.31380 4.25672
						CHANNELS 3 Xrotation Yrotation Zrotation
						JOINT LeftArm
						{
							OFFSET 3.91513 0.00000 0.00000
							CHANNELS 3 Xrotation Yrotation Zrotation
							JOINT LeftForeArm
							{
								OFFSET 6.91491 0.00000 0.00000
								CHANNELS 3 Xrotation Yrotation Zrotation
								JOINT LeftHand
								{
									OFFSET 6.09622 0.00000 0.00000
									CHANNELS 3 Xrotation Yrotation Zrotation
									JOINT LeftHandEnd
									{
										OFFSET 1.74995 0.00000 0.00000
										CHANNELS 3 Xrotation Yrotation Zrotation
										End Site
										{
											OFFSET 1.74995 0.00000 0.00000
										}
									}
									JOINT LeftHandThumb1
									{
										OFFSET 0.69998 -1.16663 -0.46665
										CHANNELS 3 Yrotation Xrotation Zrotation
										End Site
										{
											OFFSET 1.69032 -0.45292 0.00000
										}
									}
								}
							}
						}
					}
				}
			}
		}
	}
	JOINT RightUpLeg
	{
		OFFSET -2.33857 0.00000 -0.68318
		CHANNELS 3 Xrotation Yrotation Zrotation
		JOINT RightLeg
		{
			OFFSET 0.00000 0.00000 -10.74496
			CHANNELS 3 Xrotation Yrotation Zrotation
			JOINT RightFoot
			{
				OFFSET 0.00000 0.00000 -10.93085
				CHANNELS 3 Xrotation Yrotation Zrotation
				JOINT RightToeBase
				{
					OFFSET 0.00000 -4.08727 -1.48765
					CHANNELS 3 Xrotation Yrotation Zrotation
					End Site
					{
						OFFSET 0.00000 -1.89187 -0.00000
					}
				}
			}
		}
	}
	JOINT LeftUpLeg
	{
		OFFSET 2.33857 0.00000 -0.68318
		CHANNELS 3 Xrotation Yrotation Zrotation
		JOINT LeftLeg
		{
			OFFSET 0.00000 0.00000 -10.74496
			CHANNELS 3 Xrotation Yrotation Zrotation
			JOINT LeftFoot
			{
				OFFSET 0.00000 0.00000 -10.93085
				CHANNELS 3 Xrotation Yrotation Zrotation
				JOINT LeftToeBase
				{
					OFFSET 0.00000 -4.08727 -1.48765
					CHANNELS 3 Xrotation Yrotation Zrotation
					End Site
					{
						OFFSET 0.00000 -1.89187 -0.00000
					}
				}
			}
		}
	}
}
MOTION
Frames: 779
Frame Time:	0.0333333
0.1081 -113.8641 24.4236 -6.3750 0.7993 174.1813 -0.0953 1.7897 0.3053 -0.3614 0.2761 0.1877 0.7990 -0.1400 4.9767 -1.4096 -0.8139 1.4970 -2.5341 -3.3677 -3.3142 3.3078 -1.2990 -7.1278 -6.4106 -0.5739 -2.4492 -10.4508 -2.0339 10.0589 0.0000 0.0000 12.1538 0.0637 4.7831 -15.3322 0.0000 -0.0000 -0.0000 -0.0000 -0.0000 -0.0000 -9.3109 1.9097 0.2116 -6.0004 0.1782 -15.5610 -0.0000 0.0000 2.3711 6.2266 11.8306 4.9716 0.0000 -0.0000 0.0000 -0.0000 0.0000 0.0000 -15.130400 1.067200 -2.859500 12.268300 0.000000 0.000000 -4.257900 0.807900 4.609700 1.603100 0.000000 0.000000 -6.043000 1.706900 2.920300 1.276300 0.000000 0.000000 -5.258800 0.979700 4.886600 -10.132300 0.000000 0.000000
0.1079 -113.8686 24.4224 -6.3199 0.8366 174.0418 -0.0988 1.7864 0.3152 -0.3659 0.2548 0.1921 0.8374 -0.0605 5.0930 -1.3909 -0.8112 1.4935 -2.4917 -3.2868 -3.4655 3.1313 -1.3927 -7.4013 -6.2072 -0.6167 -2.3347 -10.3995 -1.9826 10.0459 0.0000 0.0000 12.1126 -0.1044 4.8419 -15.1945 -0.0000 0.0000 0.0000 -0.0000 -0.0000 0.0000 -9.1497 2.0464 0.1636 -5.9267 0.1111 -15.3938 -0.0000 0.0000 2.3954 6.2524 11.7179 4.9499 -0.0000 0.0000 -0.0000 0.0000 0.0000 0.0000 -15.145530 1.079270 -2.809945 12.339360 0.000000 0.000000 -4.279490 0.850910 4.675660 1.629960 0.000000 0.000000 -6.040535 1.729680 2.973255 1.368610 0.000000 0.000000 -5.333940 0.915440 4.953325 -10.077985 0.000000 0.000000
0.1079 -113.8732 24.4215 -6.2277 0.8769 173.8209 -0.1314 1.7244 0.3367 -0.4035 0.1958 0.1984 0.9460 0.1383 5.2991 -1.3283 -0.7790 1.4777 -2.3977 -3.2255 -3.7001 2.8417 -1.4821 -7.8039 -5.8961 -0.7868 -2.2646 -10.3788 -1.8077 10.2038 0.0000 0.0000 11.9409 -0.2890 4.8491 -15.1174 -0.0000 0.0000 0.0000 -0.0000 -0.0000 0.0000 -8.9047 2.2548 0.0294 -5.9347 0.0171 -15.1029 -0.0000 0.0000 2.4298 6.3042 11.6357 4.9176 0.0000 0.0000 0.0000 0.0000 -0.0000 -0.0000 -15.113655 1.087345 -2.763110 12.361885 0.000000 0.000000 -4.261895 0.869865 4.811745 1.623245 0.000000 0.000000 -5.992255 1.757390 3.068285 1.444855 0.000000 0.000000 -5.408400 0.750030 5.062380 -9.800885 0.000000 0.000000
0.1087 -113.8780 24.4217 -6.1983 0.8995 173.6527 -0.1730 1.6524 0.3534 -0.4412 0.1469 0.2049 1.0357 0.3317 5.4612 -1.2835 -0.7393 1.4601 -2.3881 -3.2217 -3.9204 2.6532 -1.5105 -8.1725 -5.6820 -0.9430 -2.2244 -10.4151 -1.6737 10.3028 0.0000 0.0000 11.8120 -0.3784 4.8122 -15.1513 0.0000 -0.0000 -0.0000 0.0000 0.0000 -0.0000 -8.7325 2.4736 -0.0639 -6.0416 -0.0278 -14.8610 -0.0000 0.0000 2.4736 6.2846 11.6479 4.9282 -0.0000 -0.0000 -0.0000 -0.0000 0.0000 0.0000 -15.084415 1.085305 -2.766935 12.292950 0.000000 0.000000 -4.196360 0.857710 4.955820 1.585080 0.000000 0.000000 -5.989790 1.770310 3.170370 1.491520 0.000000 0.000000 -5.434410 0.578925 5.134630 -9.444055 0.000000 0.000000
0.1126 -113.8820 24.4232 -6.2059 0.8844 173.6270 -0.1447 1.6194 0.3491 -0.4358 0.1161 0.2028 1.0627 0.4618 5.5006 -1.3030 -0.7140 1.4457 -2.5604 -3.2676 -4.0955 2.6712 -1.5104 -8.4456 -5.6464 -0.9554 -2.1580 -10.4357 -1.7398 10.1353 0.0000 0.0000 11.8452 -0.3624 4.8209 -15.2210 0.0000 -0.0000 0.0000 0.0000 -0.0000 -0.0000 -8.7125 2.6046 -0.0595 -6.1169 0.0532 -14.7231 -0.0000 0.0000 2.5316 6.1832 11.6645 5.0114 -0.0000 0.0000 -0.0000 -0.0000 0.0000 -0.0000 -15.042680 1.064395 -2.833405 12.177520 0.000000 0.000000 -4.121985 0.855500 5.036740 1.553375 0.000000 0.000000 -6.034585 1.747530 3.265400 1.552040 0.000000 0.000000 -5.430500 0.526565 5.083970 -9.269635 0.000000 0.000000
0.1191 -113.8873 24.4242 -6.2037 0.8718 173.6878 -0.0783 1.6291 0.3364 -0.4107 0.1146 0.2037 1.0969 0.5531 5.4640 -1.3474 -0.6890 1.4309 -2.8110 -3.3321 -4.2654 2.7535 -1.5447 -8.6774 -5.6406 -0.8803 -2.0806 -10.3911 -1.9316 9.8328 0.0000 0.0000 11.8949 -0.3322 4.8781 -15.2454 0.0000 0.0000 -0.0000 0.0000 0.0000 0.0000 -8.7370 2.6204 -0.0728 -6.0662 0.2219 -14.5694 -0.0000 0.0000 2.5795 6.1085 11.5625 5.1285 0.0000 0.0000 -0.0000 -0.0000 0.0000 0.0000 -15.036560 1.050115 -2.888315 12.163240 0.000000 0.000000 -4.100735 0.881595 5.031130 1.550230 0.000000 0.000000 -6.101565 1.720160 3.379725 1.654295 0.000000 0.000000 -5.433135 0.579265 4.917455 -9.303635 0.000000 0.000000
0.1270 -113.8938 24.4235 -6.1692 0.8867 173.7455 -0.0330 1.6651 0.3303 -0.3987 0.1193 0.2063 1.1832 0.6688 5.4343 -1.3650 -0.6728 1.4083 -2.9620 -3.3869 -4.4362 2.7403 -1.6216 -8.9088 -5.5296 -0.8501 -2.0683 -10.3024 -2.0641 9.6841 0.0000 0.0000 11.7575 -0.3727 4.8768 -15.2365 0.0000 -0.0000 -0.0000 -0.0000 -0.0000 -0.0000 -8.6663 2.5952 -0.1534 -5.9543 0.3668 -14.3747 -0.0000 0.0000 2.5829 6.1113 11.3590 5.2133 -0.0000 0.0000 -0.0000 0.0000 0.0000 -0.0000 -15.077785 1.053940 -2.869955 12.285895 0.000000 0.000000 -4.137880 0.908285 4.963725 1.553970 0.000000 0.000000 -6.142025 1.713955 3.479685 1.754170 0.000000 0.000000 -5.446225 0.627800 4.759355 -9.350725 0.000000 0.000000
0.1354 -113.8993 24.4220 -6.1299 0.9141 173.7782 0.0097 1.7316 0.3281 -0.3870 0.1454 0.2107 1.2507 0.7500 5.4053 -1.3832 -0.6862 1.3833 -3.0033 -3.3937 -4.5680 2.6890 -1.7032 -9.1335 -5.3831 -0.8729 -2.1530 -10.2161 -2.1009 9.7342 0.0000 0.0000 11.5122 -0.4515 4.7769 -15.2629 -0.0000 0.0000 -0.0000 -0.0000 0.0000 0.0000 -8.5323 2.6400 -0.1482 -5.9049 0.4273 -14.2983 -0.0000 0.0000 2.5516 6.1151 11.1850 5.2588 0.0000 0.0000 0.0000 -0.0000 0.0000 -0.0000 -15.127170 1.062525 -2.814195 12.428525 0.000000 0.000000 -4.186925 0.920525 4.890625 1.540285 0.000000 0.000000 -6.144405 1.721605 3.516830 1.797350 0.000000 0.000000 -5.449880 0.630010 4.698240 -9.311455 0.000000 0.000000
0.1446 -113.9027 24.4214 -6.1217 0.9239 173.7954 0.0877 1.8197 0.3242 -0.3425 0.1909 0.2120 1.2284 0.7530 5.3502 -1.4490 -0.7131 1.3659 -3.0773 -3.3501 -4.6595 2.7479 -1.7501 -9.3423 -5.3531 -0.9081 -2.3161 -10.1288 -2.1131 9.8424 0.0000 0.0000 11.3886 -0.4703 4.6843 -15.3389 -0.0000 0.0000 0.0000 0.0000 -0.0000 -0.0000 -8.5045 2.7765 0.0646 -5.9261 0.4239 -14.4273 -0.0000 0.0000 2.5444 6.0657 11.0956 5.3035 -0.0000 0.0000 -0.0000 -0.0000 -0.0000 0.0000 -15.146210 1.053260 -2.805270 12.468900 0.000000 0.000000 -4.200525 0.936420 4.873540 1.516740 0.000000 0.000000 -6.128595 1.714040 3.498640 1.767090 0.000000 0.000000 -5.431265 0.634345 4.715240 -9.274905 0.000000 0.000000
0.1555 -113.9041 24.4225 -6.1303 0.9028 173.7754 0.1828 1.8866 0.3192 -0.2681 0.2338 0.2152 1.1435 0.7296 5.2899 -1.5380 -0.7207 1.3570 -3.2150 -3.2997 -4.7414 2.8966 -1.7515 -9.5261 -5.4248 -0.9779 -2.4983 -10.0440 -2.0962 9.9275 0.0000 0.0000 11.4197 -0.3887 4.6730 -15.3994 -0.0000 0.0000 0.0000 0.0000 -0.0000 -0.0000 -8.6315 2.9479 0.3627 -5.9474 0.3674 -14.5987 -0.0000 0.0000 2.5856 6.0268 11.0244 5.3775 0.0000 -0.0000 0.0000 -0.0000 0.0000 0.0000 -15.114675 1.012120 -2.868255 12.391890 0.000000 0.000000 -4.166695 0.965490 4.941710 1.508750 0.000000 0.000000 -6.090600 1.672475 3.469485 1.682685 0.000000 0.000000 -5.401005 0.670640 4.762670 -9.302275 0.000000 0.000000
0.1678 -113.9039 24.4238 -6.1127 0.8701 173.6864 0.2698 1.9221 0.3197 -0.2019 0.2428 0.2151 1.0444 0.7669 5.2767 -1.5990 -0.7141 1.3439 -3.2723 -3.2875 -4.8068 2.9666 -1.7232 -9.6638 -5.4416 -1.1257 -2.6070 -10.0079 -1.9732 9.9807 0.0000 0.0000 11.4302 -0.2846 4.6694 -15.3788 0.0000 0.0000 0.0000 0.0000 -0.0000 -0.0000 -8.7670 3.1035 0.5368 -5.9558 0.2356 -14.5922 -0.0000 0.0000 2.6208 6.0238 10.9111 5.4741 -0.0000 -0.0000 -0.0000 -0.0000 0.0000 0.0000 -15.036815 0.949645 -2.932260 12.267620 0.000000 0.000000 -4.113570 0.997705 5.059520 1.523965 0.000000 0.000000 -6.018180 1.612550 3.444750 1.595305 0.000000 0.000000 -5.384175 0.707700 4.846310 -9.328965 0.000000 0.000000
0.1817 -113.9026 24.4244 -6.0681 0.8413 173.5454 0.3459 1.9508 0.3214 -0.1437 0.2418 0.2164 0.9297 0.8412 5.3118 -1.6323 -0.7239 1.3279 -3.1987 -3.2925 -4.8357 2.8972 -1.7053 -9.7597 -5.3540 -1.3126 -2.6099 -10.0330 -1.7475 9.9759 0.0000 0.0000 11.3313 -0.2768 4.6114 -15.3292 0.0000 0.0000 0.0000 -0.0000 -0.0000 0.0000 -8.7797 3.2601 0.5709 -6.0512 0.0335 -14.4394 -0.0000 0.0000 2.6269 5.9368 10.7812 5.5605 0.0000 0.0000 -0.0000 -0.0000 0.0000 0.0000 -14.938470 0.876885 -2.937190 12.143435 0.000000 0.000000 -4.060530 1.028985 5.165855 1.538075 0.000000 0.000000 -5.940490 1.551010 3.378195 1.557480 0.000000 0.000000 -5.395480 0.717560 5.013760 -9.320210 0.000000 0.000000
0.1977 -113.9036 24.4251 -6.0477 0.8277 173.3990 0.4168 1.9713 0.3288 -0.0958 0.2420 0.2218 0.8235 0.9505 5.3813 -1.6669 -0.7235 1.3160 -3.1826 -3.3199 -4.8728 2.8104 -1.7119 -9.8493 -5.3065 -1.4887 -2.6017 -10.0639 -1.5407 9.8900 0.0000 0.0000 11.2267 -0.3784 4.5980 -15.3700 0.0000 -0.0000 0.0000 0.0000 0.0000 -0.0000 -8.7598 3.3749 0.5611 -6.2975 -0.1516 -14.3093 -0.0000 0.0000 2.6551 5.6786 10.6350 5.6174 0.0000 -0.0000 0.0000 0.0000 0.0000 0.0000 -14.876760 0.805825 -2.906080 12.034210 0.000000 0.000000 -4.003325 1.063325 5.245925 1.529065 0.000000 0.000000 -5.915925 1.496440 3.280275 1.571845 0.000000 0.000000 -5.418430 0.717730 5.226345 -9.334575 0.000000 0.000000
0.2175 -113.9081 24.4267 -6.0625 0.8167 173.3018 0.4898 1.9512 0.3395 -0.0598 0.2210 0.2287 0.7666 1.1505 5.4653 -1.7029 -0.6751 1.3119 -3.3799 -3.4139 -4.9738 2.8148 -1.7200 -9.9486 -5.4271 -1.6361 -2.6725 -10.0571 -1.4732 9.7325 0.0000 0.0000 11.2313 -0.4631 4.7449 -15.5049 -0.0000 -0.0000 -0.0000 -0.0000 0.0000 0.0000 -8.8501 3.3987 0.5370 -6.6121 -0.2946 -14.2666 -0.0000 0.0000 2.7444 5.3657 10.4129 5.6587 -0.0000 -0.0000 -0.0000 -0.0000 -0.0000 0.0000 -14.848370 0.736295 -2.928690 11.925495 0.000000 0.000000 -3.933880 1.100980 5.334920 1.509005 0.000000 0.000000 -5.926890 1.437450 3.165015 1.573800 0.000000 0.000000 -5.422255 0.738300 5.415640 -9.394755 0.000000 0.000000
0.2420 -113.9146 24.4288 -6.1188 0.7917 173.2982 0.5363 1.9180 0.3488 -0.0271 0.1817 0.2321 0.7414 1.3984 5.4928 -1.7408 -0.6109 1.2994 -3.6654 -3.5618 -5.0923 2.8594 -1.7095 -10.0361 -5.6160 -1.7818 -2.7589 -10.0446 -1.4897 9.5578 0.0000 0.0000 11.3061 -0.4324 4.9555 -15.6011 0.0000 -0.0000 0.0000 -0.0000 0.0000 0.0000 -8.9955 3.4111 0.5091 -6.8569 -0.5092 -14.2754 -0.0000 0.0000 2.8518 5.1706 10.1253 5.7091 0.0000 0.0000 0.0000 0.0000 -0.0000 -0.0000 -14.832645 0.661495 -3.057380 11.787710 0.000000 0.000000 -3.857890 1.147220 5.447290 1.504330 0.000000 0.000000 -5.963865 1.357465 3.065310 1.539120 0.000000 0.000000 -5.403810 0.789725 5.505485 -9.439975 0.000000 0.000000
0.2712 -113.9187 24.4312 -6.1838 0.7218 173.3996 0.5738 1.9106 0.3473 0.0200 0.1645 0.2314 0.6859 1.5568 5.4148 -1.7911 -0.5919 1.2639 -3.8391 -3.6634 -5.1571 2.8636 -1.6903 -10.0971 -5.6888 -1.9671 -2.7721 -10.0770 -1.4197 9.4497 0.0000 0.0000 11.3496 -0.3483 5.0395 -15.6018 -0.0000 -0.0000 -0.0000 0.0000 0.0000 0.0000 -9.0535 3.5225 0.5176 -6.9983 -0.8424 -14.3179 -0.0000 0.0000 2.9184 5.1070 9.8719 5.7745 0.0000 0.0000 -0.0000 -0.0000 0.0000 0.0000 -14.744500 0.560005 -3.311785 11.537470 0.000000 0.000000 -3.756570 1.211735 5.593575 1.510025 0.000000 0.000000 -6.013420 1.233025 2.995185 1.521015 0.000000 0.000000 -5.393355 0.865120 5.479985 -9.437255 0.000000 0.000000
0.3040 -113.9178 24.4351 -6.2027 0.5965 173.5468 0.6404 1.8950 0.3414 0.0654 0.1558 0.2291 0.6454 1.6328 5.2974 -1.8441 -0.6020 1.2190 -3.9517 -3.6616 -5.1907 2.8679 -1.6676 -10.1435 -5.6461 -2.2122 -2.7639 -10.1461 -1.1994 9.4622 0.0000 0.0000 11.3388 -0.3198 5.0073 -15.6028 0.0000 -0.0000 0.0000 0.0000 0.0000 0.0000 -9.0539 3.6723 0.5602 -7.1105 -1.1401 -14.3977 -0.0000 0.0000 2.9446 5.1060 9.7146 5.8473 -0.0000 0.0000 -0.0000 -0.0000 0.0000 0.0000 -14.505225 0.419075 -3.670145 11.111025 0.000000 0.000000 -3.591330 1.284410 5.798000 1.500165 0.000000 0.000000 -6.026680 1.059880 2.947500 1.535890 0.000000 0.000000 -5.396840 0.953775 5.400595 -9.422975 0.000000 0.000000
0.3365 -113.9197 24.4398 -6.2969 0.4872 173.6508 0.6294 1.8357 0.3489 0.0604 0.1206 0.2295 0.7110 1.7393 5.2503 -1.8797 -0.5737 1.1906 -4.1902 -3.5924 -5.2512 2.9499 -1.6351 -10.1711 -5.6337 -2.4874 -2.8312 -10.2082 -0.9222 9.5500 0.0000 0.0000 11.3347 -0.3452 5.0212 -15.6599 0.0000 0.0000 0.0000 0.0000 -0.0000 -0.0000 -9.1270 3.7503 0.6247 -7.2266 -1.2801 -14.5397 -0.0000 0.0000 2.9665 5.1227 9.6310 5.9137 0.0000 0.0000 0.0000 -0.0000 0.0000 -0.0000 -14.302925 0.277890 -4.058595 10.602385 0.000000 0.000000 -3.374750 1.344165 6.070340 1.480785 0.000000 0.000000 -6.112870 0.889710 2.887745 1.554505 0.000000 0.000000 -5.386215 1.038775 5.371610 -9.411585 0.000000 0.000000
0.3671 -113.9236 24.4443 -6.4370 0.4124 173.6916 0.6172 1.7661 0.3623 0.0542 0.0781 0.2329 0.7682 1.8603 5.2666 -1.9300 -0.5312 1.1820 -4.4935 -3.4743 -5.3009 3.0863 -1.6238 -10.1646 -5.6417 -2.7079 -2.9592 -10.2472 -0.6994 9.6659 0.0000 0.0000 11.3585 -0.3574 5.0988 -15.6979 0.0000 0.0000 0.0000 -0.0000 0.0000 0.0000 -9.2215 3.7795 0.7939 -7.2939 -1.3138 -14.7738 -0.0000 0.0000 2.9839 5.1279 9.5914 5.9692 0.0000 -0.0000 0.0000 0.0000 0.0000 0.0000 -14.150095 0.150050 -4.403780 10.085075 0.000000 0.000000 -3.153835 1.395335 6.359680 1.479255 0.000000 0.000000 -6.206115 0.746740 2.739080 1.502230 0.000000 0.000000 -5.345585 1.109240 5.481005 -9.376820 0.000000 0.000000
0.3962 -113.9254 24.4480 -6.5563 0.3549 173.7085 0.7425 1.7732 0.3632 0.1447 0.0846 0.2348 0.5653 1.8609 5.2572 -2.0550 -0.5572 1.1694 -4.6096 -3.2832 -5.2667 3.1725 -1.6809 -10.1513 -5.5162 -2.8398 -3.0702 -10.2937 -0.5314 9.8511 0.0000 0.0000 11.3684 -0.3494 5.1112 -15.6855 -0.0000 0.0000 -0.0000 0.0000 -0.0000 0.0000 -9.1495 3.8904 1.1794 -7.3183 -1.3813 -15.1205 -0.0000 0.0000 3.0062 5.1058 9.6134 6.0033 -0.0000 0.0000 -0.0000 0.0000 0.0000 0.0000 -13.991485 0.029350 -4.666090 9.593095 0.000000 0.000000 -2.959355 1.458320 6.592920 1.496595 0.000000 0.000000 -6.255415 0.626720 2.529725 1.407115 0.000000 0.000000 -5.301385 1.163130 5.679990 -9.328540 0.000000 0.000000
0.4245 -113.9241 24.4511 -6.6041 0.2989 173.7199 1.0447 1.8445 0.3445 0.3275 0.1453 0.2362 0.1010 1.7419 5.2112 -2.2406 -0.6437 1.1497 -4.4992 -3.0370 -5.1999 3.1748 -1.8003 -10.1790 -5.2329 -2.9265 -3.1606 -10.3840 -0.3740 10.1244 0.0000 0.0000 11.3523 -0.3721 5.0428 -15.7032 0.0000 0.0000 0.0000 -0.0000 -0.0000 -0.0000 -8.9216 4.0557 1.7004 -7.3737 -1.4745 -15.4890 -0.0000 0.0000 3.0566 5.1093 9.6551 6.0432 -0.0000 -0.0000 -0.0000 -0.0000 0.0000 0.0000 -13.783915 -0.087440 -4.873235 9.138005 0.000000 0.000000 -2.784765 1.528105 6.775500 1.497190 0.000000 0.000000 -6.253035 0.518005 2.391770 1.346595 0.000000 0.000000 -5.280985 1.213365 5.827805 -9.326755 0.000000 0.000000
0.4524 -113.9256 24.4536 -6.6868 0.2585 173.7179 1.3061 1.8805 0.3278 0.4810 0.1864 0.2402 -0.3043 1.6803 5.1956 -2.3890 -0.6867 1.1422 -4.4342 -2.8256 -5.2233 3.1543 -1.9163 -10.2495 -4.9913 -3.0136 -3.2897 -10.5014 -0.2404 10.3785 0.0000 0.0000 11.3526 -0.4129 5.0415 -15.7572 -0.0000 0.0000 0.0000 -0.0000 -0.0000 -0.0000 -8.7815 4.1169 2.1288 -7.4525 -1.5209 -15.6992 -0.0000 0.0000 3.0966 5.1777 9.6128 6.1403 -0.0000 0.0000 -0.0000 -0.0000 0.0000 0.0000 -13.652335 -0.194795 -5.062445 8.753805 0.000000 0.000000 -2.622415 1.579190 6.948135 1.466250 0.000000 0.000000 -6.328770 0.413285 2.404010 1.367505 0.000000 0.000000 -5.288210 1.278900 5.833160 -9.389400 0.000000 0.000000
0.4813 -113.9279 24.4557 -6.8190 0.2188 173.7207 1.4024 1.8469 0.3222 0.5379 0.1604 0.2445 -0.3886 1.7428 5.2307 -2.4609 -0.6473 1.1619 -4.6199 -2.6795 -5.3622 3.1787 -1.9933 -10.3255 -4.9351 -3.0639 -3.4753 -10.5797 -0.1703 10.4975 0.0000 0.0000 11.4037 -0.4200 5.1456 -15.7653 0.0000 -0.0000 -0.0000 0.0000 -0.0000 0.0000 -8.8530 4.0183 2.3915 -7.4679 -1.5046 -15.6937 -0.0000 0.0000 3.0625 5.2468 9.4515 6.2781 0.0000 -0.0000 -0.0000 0.0000 -0.0000 0.0000 -13.586205 -0.306315 -5.254035 8.411425 0.000000 0.000000 -2.473580 1.607580 7.118900 1.429190 0.000000 0.000000 -6.465025 0.294880 2.496490 1.420120 0.000000 0.000000 -5.313115 1.363730 5.728610 -9.456295 0.000000 0.000000
0.5112 -113.9254 24.4578 -6.9318 0.1647 173.7479 1.4438 1.8108 0.3221 0.5552 0.1254 0.2494 -0.2962 1.7886 5.2641 -2.5070 -0.5860 1.1844 -4.9254 -2.5413 -5.5078 3.2517 -2.0666 -10.3943 -4.9745 -3.0396 -3.6613 -10.6049 -0.1501 10.5043 0.0000 0.0000 11.4782 -0.3872 5.2181 -15.7367 0.0000 0.0000 0.0000 0.0000 0.0000 -0.0000 -8.9929 3.8708 2.6129 -7.4061 -1.4634 -15.5674 -0.0000 0.0000 2.9690 5.2323 9.2725 6.3708 -0.0000 0.0000 -0.0000 0.0000 0.0000 0.0000 -13.485395 -0.424975 -5.469085 8.061395 0.000000 0.000000 -2.332565 1.631465 7.295700 1.413805 0.000000 0.000000 -6.575865 0.164150 2.619825 1.475455 0.000000 0.000000 -5.355275 1.451535 5.558355 -9.472700 0.000000 0.000000
0.5391 -113.9220 24.4599 -7.0765 0.1103 173.8044 1.5004 1.7886 0.3099 0.5916 0.0895 0.2526 -0.3083 1.8261 5.2803 -2.5722 -0.5594 1.1946 -5.1048 -2.4027 -5.5820 3.3337 -2.1640 -10.4357 -4.9819 -3.0162 -3.8077 -10.6388 -0.1128 10.4753 0.0000 0.0000 11.5239 -0.3674 5.1930 -15.7386 0.0000 0.0000 0.0000 0.0000 -0.0000 0.0000 -9.0599 3.7849 2.8326 -7.3342 -1.4552 -15.4014 -0.0000 0.0000 2.9042 5.1802 9.1987 6.3858 0.0000 -0.0000 -0.0000 0.0000 -0.0000 0.0000 -13.399630 -0.533180 -5.772110 7.694875 0.000000 0.000000 -2.183985 1.653140 7.535315 1.415335 0.000000 0.000000 -6.760060 0.036990 2.828500 1.618850 0.000000 0.000000 -5.434920 1.535685 5.287885 -9.459525 0.000000 0.000000
0.5602 -113.9209 24.4613 -7.3134 0.0922 173.8970 1.5364 1.7373 0.3023 0.6262 0.0372 0.2543 -0.4650 1.9318 5.2979 -2.6329 -0.5211 1.1745 -5.0942 -2.3241 -5.5511 3.3976 -2.2423 -10.3682 -4.9733 -3.0902 -3.8873 -10.7173 0.0050 10.3926 0.0000 0.0000 11.5094 -0.4141 5.1503 -15.6963 -0.0000 0.0000 0.0000 0.0000 -0.0000 -0.0000 -9.1022 3.7662 2.9864 -7.2589 -1.5049 -15.2073 -0.0000 0.0000 2.8837 5.1867 9.2018 6.3797 0.0000 0.0000 -0.0000 0.0000 -0.0000 -0.0000 -13.396740 -0.591660 -6.203230 7.323255 0.000000 0.000000 -2.051555 1.655265 7.875825 1.423070 0.000000 0.000000 -7.089690 -0.050390 3.091915 1.865180 0.000000 0.000000 -5.538195 1.614395 4.944655 -9.446775 0.000000 0.000000
0.5737 -113.9114 24.4628 -7.5119 0.0539 174.0700 1.5665 1.6190 0.2975 0.6664 -0.0543 0.2495 -0.6076 2.0895 5.3202 -2.6699 -0.4409 1.1371 -5.0102 -2.3101 -5.4068 3.4476 -2.2327 -10.1049 -5.0435 -3.2214 -3.9167 -10.7642 0.1934 10.2263 0.0000 0.0000 11.4503 -0.5246 5.1314 -15.5529 0.0000 0.0000 0.0000 0.0000 -0.0000 -0.0000 -9.1851 3.8129 3.0490 -7.1458 -1.5839 -15.0243 -0.0000 0.0000 2.8609 5.2140 9.1103 6.3424 -0.0000 -0.0000 -0.0000 -0.0000 -0.0000 0.0000 -13.289130 -0.637050 -6.712125 6.861875 0.000000 0.000000 -1.916745 1.619990 8.227810 1.432760 0.000000 0.000000 -7.355060 -0.122470 3.207940 2.071220 0.000000 0.000000 -5.629060 1.682650 4.676565 -9.426630 0.000000 0.000000
0.5776 -113.8918 24.4651 -7.6344 -0.0110 174.2775 1.5928 1.4765 0.2951 0.7114 -0.1514 0.2394 -0.6477 2.1985 5.3588 -2.7014 -0.3554 1.1126 -4.9711 -2.2938 -5.1600 3.4806 -2.1285 -9.6509 -5.2219 -3.2975 -3.9258 -10.6973 0.3718 10.0763 0.0000 0.0000 11.3663 -0.6369 5.0976 -15.4640 0.0000 0.0000 0.0000 -0.0000 -0.0000 -0.0000 -9.2684 3.9385 3.0493 -7.0044 -1.6115 -14.9159 -0.0000 0.0000 2.8553 5.1510 8.7910 6.1625 0.0000 0.0000 0.0000 0.0000 0.0000 0.0000 -13.088785 -0.681930 -7.115960 6.390635 0.000000 0.000000 -1.765360 1.562700 8.447450 1.441770 0.000000 0.000000 -7.484515 -0.177720 3.161700 2.172880 0.000000 0.000000 -5.682440 1.719965 4.543030 -9.397220 0.000000 0.000000
0.5691 -113.8764 24.4671 -7.7922 -0.0409 174.3972 1.5864 1.3288 0.2915 0.7107 -0.2325 0.2362 -0.6151 2.3108 5.4648 -2.7265 -0.2983 1.1158 -4.9942 -2.2622 -4.8483 3.4543 -2.0050 -9.0939 -5.4167 -3.3204 -3.8783 -10.5534 0.4774 10.0662 0.0000 0.0000 11.2585 -0.6810 5.0620 -15.5458 -0.0000 0.0000 0.0000 0.0000 -0.0000 -0.0000 -9.2769 4.0911 2.9499 -6.8495 -1.5536 -14.8993 -0.0000 0.0000 2.9265 5.0091 8.3387 5.8590 -0.0000 0.0000 -0.0000 -0.0000 -0.0000 0.0000 -13.056485 -0.689325 -7.266665 6.137760 0.000000 0.000000 -1.645510 1.518840 8.491310 1.441685 0.000000 0.000000 -7.686050 -0.187070 3.208620 2.337525 0.000000 0.000000 -5.734375 1.718520 4.410770 -9.395010 0.000000 0.000000
0.5478 -113.8785 24.4664 -8.1405 0.0304 174.4152 1.4032 1.1957 0.2941 0.5931 -0.2774 0.2439 -0.4284 2.4749 5.6243 -2.7236 -0.2473 1.1251 -5.1090 -2.2363 -4.5006 3.3516 -1.9453 -8.5175 -5.5060 -3.3753 -3.6765 -10.4325 0.5246 10.2132 0.0000 0.0000 11.1418 -0.6392 5.0533 -15.6459 -0.0000 -0.0000 0.0000 0.0000 0.0000 0.0000 -9.1930 4.2340 2.7346 -6.6602 -1.4976 -15.0639 -0.0000 0.0000 3.0609 4.9065 8.0359 5.6780 -0.0000 0.0000 -0.0000 0.0000 0.0000 0.0000 -13.434480 -0.602200 -7.237425 6.252085 0.000000 0.000000 -1.660980 1.502605 8.452890 1.454180 0.000000 0.000000 -8.255380 -0.122385 3.576755 2.818540 0.000000 0.000000 -5.860685 1.685370 4.061590 -9.390505 0.000000 0.000000
0.5238 -113.8699 24.4658 -8.2209 0.0291 174.5245 1.2784 1.0830 0.2754 0.4443 -0.3168 0.2471 0.0908 2.5750 5.7249 -2.6997 -0.1836 1.1277 -5.4189 -2.1931 -4.1593 3.2901 -1.9557 -7.9892 -5.4345 -3.3655 -3.2880 -10.3631 0.4081 10.4798 0.0000 0.0000 11.0647 -0.5312 5.0169 -15.6694 0.0000 -0.0000 0.0000 -0.0000 -0.0000 0.0000 -8.9834 4.3181 2.4513 -6.5000 -1.4160 -15.6003 -0.0000 0.0000 3.2437 4.8633 8.0603 5.7906 -0.0000 0.0000 -0.0000 0.0000 0.0000 0.0000 -13.553990 -0.525870 -7.322510 6.391060 0.000000 0.000000 -1.748615 1.467415 8.450510 1.521755 0.000000 0.000000 -8.682930 -0.091700 4.009150 3.522510 0.000000 0.000000 -6.104295 1.632840 3.554735 -9.288675 0.000000 0.000000
0.5021 -113.8364 24.4680 -7.8530 -0.1389 174.7733 1.2859 1.0395 0.2351 0.3500 -0.3771 0.2338 0.9553 2.4808 5.7527 -2.6782 -0.1314 1.1350 -6.0019 -2.0842 -3.8862 3.3926 -1.9830 -7.5773 -5.2680 -3.1073 -2.7560 -10.3157 -0.0444 10.9344 0.0000 0.0000 11.0031 -0.4128 4.8847 -15.7487 0.0000 -0.0000 0.0000 0.0000 -0.0000 -0.0000 -8.6246 4.3169 2.0932 -6.5286 -1.1746 -16.6011 -0.0000 0.0000 3.5537 4.7728 8.3179 6.0536 -0.0000 -0.0000 0.0000 -0.0000 0.0000 0.0000 -13.122615 -0.535730 -7.607260 6.369725 0.000000 0.000000 -1.795025 1.375700 8.512305 1.648405 0.000000 0.000000 -8.657175 -0.152815 4.221565 4.215345 0.000000 0.000000 -6.419985 1.556425 3.119875 -9.091050 0.000000 0.000000
0.4755 -113.7997 24.4713 -7.3143 -0.3492 174.9201 1.3289 1.0471 0.2004 0.2475 -0.4552 0.2191 1.9319 2.3206 5.8624 -2.6263 -0.1085 1.1704 -6.7146 -1.9474 -3.6787 3.5825 -1.9996 -7.2946 -5.0785 -2.6065 -2.0708 -10.3172 -0.8323 11.7287 0.0000 0.0000 10.8030 -0.4240 4.7009 -15.7531 0.0000 0.0000 0.0000 0.0000 -0.0000 -0.0000 -8.1698 4.1792 1.5349 -6.7701 -0.7473 -17.9089 -0.0000 0.0000 3.9753 4.5627 8.5628 6.2166 0.0000 0.0000 -0.0000 -0.0000 0.0000 0.0000 -12.536370 -0.574065 -7.897365 6.340060 0.000000 0.000000 -1.799190 1.244715 8.659185 1.753890 0.000000 0.000000 -8.395120 -0.229315 4.253950 4.777535 0.000000 0.000000 -6.731595 1.452640 2.945030 -8.969245 0.000000 0.000000
0.4335 -113.7907 24.4702 -7.0713 -0.4264 174.7200 1.1485 1.0393 0.2037 0.0420 -0.5627 0.2168 2.8125 2.3458 6.1881 -2.4911 -0.0960 1.2267 -7.3277 -1.8605 -3.4293 3.6350 -2.0244 -7.0503 -4.8586 -2.1420 -1.1675 -10.4781 -1.6075 12.9671 0.0000 0.0000 10.4237 -0.7343 4.5555 -15.1607 -0.0000 0.0000 -0.0000 -0.0000 -0.0000 -0.0000 -7.7422 3.9795 0.7589 -7.0350 -0.4256 -19.3844 -0.0000 0.0000 4.2174 4.2402 8.6103 6.1825 -0.0000 -0.0000 -0.0000 -0.0000 0.0000 0.0000 -12.382435 -0.535730 -7.995370 6.465520 0.000000 0.000000 -1.833360 1.120190 8.919795 1.774460 0.000000 0.000000 -8.407360 -0.217755 4.359435 5.299520 0.000000 0.000000 -7.023485 1.321825 2.999855 -9.047955 0.000000 0.000000
0.3762 -113.7941 24.4656 -6.9879 -0.4506 174.2563 0.8407 0.9449 0.2294 -0.2336 -0.7291 0.2178 3.6254 2.5630 6.6863 -2.3082 -0.0626 1.2877 -7.8067 -1.8164 -3.0755 3.5071 -2.0691 -6.7501 -4.5754 -1.8805 -0.1338 -10.8497 -2.1032 14.6949 0.0000 0.0000 10.1227 -1.3249 4.5360 -13.7945 0.0000 -0.0000 0.0000 -0.0000 -0.0000 0.0000 -7.3739 3.8297 -0.0292 -7.1907 -0.4031 -21.2209 -0.0000 0.0000 4.0855 3.7346 8.3496 5.9128 -0.0000 -0.0000 0.0000 0.0000 0.0000 0.0000 -12.365945 -0.479885 -7.988315 6.481160 0.000000 0.000000 -1.794515 0.993030 9.299405 1.764430 0.000000 0.000000 -8.545315 -0.167435 4.571595 5.785295 0.000000 0.000000 -7.333395 1.160240 3.161355 -9.241840 0.000000 0.000000
0.3055 -113.7827 24.4620 -6.8583 -0.5466 173.7264 0.5192 0.7912 0.2605 -0.4737 -0.9344 0.2124 4.4203 2.7349 7.2399 -2.1640 -0.0055 1.3826 -8.3430 -1.6978 -2.7160 3.4242 -2.1398 -6.4049 -4.2665 -1.6583 0.7834 -11.2888 -2.4787 16.9674 0.0000 0.0000 10.1618 -1.9950 4.8255 -12.1498 -0.0000 0.0000 0.0000 -0.0000 -0.0000 0.0000 -7.0525 3.6796 -0.5968 -7.2598 -0.3597 -23.8300 -0.0000 0.0000 3.9280 2.8753 7.6929 5.3252 -0.0000 0.0000 -0.0000 -0.0000 0.0000 0.0000 -12.160330 -0.476400 -7.951765 6.252000 0.000000 0.000000 -1.589580 0.819035 9.689980 1.805655 0.000000 0.000000 -8.548545 -0.144315 4.809425 6.171705 0.000000 0.000000 -7.671780 0.938390 3.330675 -9.386340 0.000000 0.000000
0.2146 -113.7491 24.4600 -6.5889 -0.6581 173.1520 0.3084 0.6734 0.2933 -0.6506 -1.1082 0.2105 5.1145 2.6983 7.8375 -2.0668 0.0722 1.5554 -9.0510 -1.4073 -2.4855 3.5878 -2.2864 -6.0916 -3.9527 -1.2150 1.4549 -11.5916 -3.0200 19.8109 0.0000 0.0000 10.4429 -2.6564 5.5257 -10.6821 0.0000 -0.0000 -0.0000 -0.0000 -0.0000 0.0000 -6.7711 3.3353 -0.8592 -7.3076 0.2291 -27.5415 -0.0000 0.0000 4.3167 1.7072 6.6633 4.4354 -0.0000 0.0000 0.0000 0.0000 0.0000 0.0000 -11.798910 -0.431265 -7.768675 6.036015 0.000000 0.000000 -1.409295 0.579505 9.981360 1.831665 0.000000 0.000000 -8.291335 -0.057360 4.967780 6.377915 0.000000 0.000000 -7.984410 0.620065 3.613895 -9.442610 0.000000 0.000000
0.0962 -113.7070 24.4558 -6.3048 -0.6753 172.4968 0.1178 0.5923 0.3359 -0.7987 -1.2284 0.2171 5.6748 2.5723 8.4952 -1.9546 0.1693 1.7800 -9.8686 -1.0304 -2.3667 3.9419 -2.5337 -5.8388 -3.5662 -0.6317 1.9883 -11.8261 -3.5971 23.1973 0.0000 0.0000 10.6672 -3.4756 6.2204 -9.3601 0.0000 -0.0000 -0.0000 -0.0000 -0.0000 0.0000 -6.5412 2.7424 -0.8570 -7.3609 1.4209 -32.3714 -0.0000 0.0000 5.2400 0.6570 5.3544 3.3244 -0.0000 0.0000 0.0000 -0.0000 0.0000 -0.0000 -11.585475 -0.229475 -7.424935 6.135550 0.000000 0.000000 -1.483500 0.300535 10.215535 1.698300 0.000000 0.000000 -7.958560 0.189650 5.016060 6.464190 0.000000 0.000000 -8.230230 0.216825 4.089300 -9.459100 0.000000 0.000000
-0.0447 -113.6536 24.4496 -5.9181 -0.6943 171.9228 -0.0431 0.4366 0.3691 -0.9350 -1.3082 0.2230 6.2438 2.4989 9.0984 -1.8304 0.2814 1.9854 -10.6589 -0.7783 -2.2717 4.3139 -2.7859 -5.6042 -3.0212 -0.2071 2.4960 -12.3398 -3.9518 27.0729 0.0000 0.0000 10.7695 -4.4923 6.2827 -8.1242 0.0000 -0.0000 0.0000 -0.0000 -0.0000 0.0000 -6.3119 2.0397 -0.8146 -7.5012 2.8394 -37.8369 -0.0000 0.0000 5.9863 0.0568 3.8376 1.9195 -0.0000 -0.0000 -0.0000 -0.0000 -0.0000 0.0000 -11.431795 0.074315 -7.177075 6.565820 0.000000 0.000000 -1.734165 0.016125 10.483965 1.428850 0.000000 0.000000 -7.514095 0.510015 5.068505 6.507030 0.000000 0.000000 -8.413660 -0.188030 4.503930 -9.421955 0.000000 0.000000
-0.2002 -113.5902 24.4400 -5.5231 -0.7352 171.6508 -0.2472 0.2563 0.3686 -1.0882 -1.2759 0.2285 6.8530 2.4159 9.4268 -1.7561 0.3463 2.1479 -11.3097 -0.7949 -2.1930 4.6258 -2.9008 -5.3286 -2.3309 -0.0221 2.9085 -13.2048 -4.2420 31.4551 0.0000 0.0000 10.8921 -5.2998 5.8877 -7.0001 -0.0000 0.0000 0.0000 0.0000 -0.0000 -0.0000 -5.9656 1.2773 -1.0768 -7.8748 4.3096 -43.1706 -0.0000 0.0000 6.0013 -0.2495 2.1989 0.1732 -0.0000 -0.0000 -0.0000 -0.0000 0.0000 0.0000 -11.600095 0.476025 -6.940775 7.715445 0.000000 0.000000 -2.230565 -0.268200 10.501645 1.226380 0.000000 0.000000 -7.134655 0.835225 5.470810 6.663260 0.000000 0.000000 -8.583150 -0.520550 4.341070 -9.244645 0.000000 0.000000
-0.3706 -113.5380 24.4125 -5.3886 -0.3778 171.6793 -0.5787 0.5047 0.3602 -1.3004 -0.9603 0.2697 7.2368 2.1599 9.3516 -1.7458 0.2569 2.2682 -11.6975 -1.0863 -2.1683 4.8772 -2.8780 -4.9800 -1.5566 0.1528 3.2219 -13.9431 -4.7451 36.1774 0.0000 0.0000 11.1968 -5.5498 6.0020 -5.7705 -0.0000 -0.0000 -0.0000 0.0000 -0.0000 0.0000 -5.3888 0.2595 -1.9044 -8.4765 5.8867 -47.7814 -0.0000 0.0000 5.4503 -0.6163 0.5439 -1.5135 -0.0000 -0.0000 0.0000 -0.0000 0.0000 -0.0000 -12.897280 1.284290 -5.862125 10.546285 0.000000 0.000000 -3.588185 -0.642710 9.538085 1.188555 0.000000 0.000000 -7.227135 1.454705 6.542065 7.095825 0.000000 0.000000 -8.782390 -0.835220 3.337900 -8.855515 0.000000 0.000000
-0.5488 -113.5011 24.3496 -5.4202 0.7703 171.9271 -0.9567 1.6518 0.3508 -1.4622 -0.4224 0.3457 7.2203 1.8345 8.9286 -1.7703 -0.0141 2.3431 -11.8254 -1.6381 -2.2298 5.1172 -2.8552 -4.5900 -0.7475 0.4999 3.5243 -14.2410 -5.4653 40.8741 0.0000 0.0000 11.7852 -5.4432 7.1969 -4.3205 0.0000 -0.0000 0.0000 -0.0000 0.0000 0.0000 -4.6027 -1.2194 -3.1975 -9.2110 7.4459 -51.7204 -0.0000 0.0000 4.8214 -1.0645 -1.1854 -2.6001 -0.0000 0.0000 0.0000 -0.0000 0.0000 0.0000 -15.417360 2.679480 -3.600615 15.245680 0.000000 0.000000 -5.926790 -1.250970 7.482190 1.139255 0.000000 0.000000 -7.728550 2.718230 7.956635 7.772425 0.000000 0.000000 -9.047250 -1.269145 1.930725 -8.291795 0.000000 0.000000
-0.7089 -113.4341 24.2685 -4.8851 2.2253 172.3606 -0.9363 3.2918 0.2988 -1.3991 0.0817 0.4074 7.1132 1.6834 8.3727 -1.8188 -0.3148 2.3633 -11.9192 -2.3520 -2.4043 5.4319 -2.9227 -4.2638 -0.0178 0.8695 3.8126 -14.4300 -6.3963 45.3161 0.0000 0.0000 12.6369 -5.2473 9.0769 -3.0731 0.0000 -0.0000 0.0000 -0.0000 -0.0000 -0.0000 -3.8885 -2.8854 -4.6056 -9.9581 8.6618 -55.4441 -0.0000 0.0000 4.2413 -1.3512 -3.1739 -3.1262 0.0000 -0.0000 0.0000 0.0000 0.0000 0.0000 -17.771605 4.199450 -1.293800 20.564385 0.000000 0.000000 -8.090635 -2.012740 5.248730 0.896920 0.000000 0.000000 -7.617030 4.333910 8.939065 8.288630 0.000000 0.000000 -9.340755 -1.803965 0.827765 -7.741760 0.000000 0.000000
-0.8332 -113.3218 24.2060 -3.8270 3.2017 172.7720 -0.6184 4.5182 0.2409 -1.2037 0.3940 0.4405 7.3038 1.7482 7.9206 -1.9058 -0.4908 2.3747 -12.1760 -2.9537 -2.6742 5.8885 -3.0228 -4.0704 0.4560 0.9656 4.0611 -14.7896 -7.6249 49.5167 0.0000 0.0000 13.5613 -4.8025 10.8784 -2.2971 0.0000 -0.0000 0.0000 0.0000 -0.0000 -0.0000 -3.5900 -4.1241 -5.7987 -10.5360 9.5544 -59.3318 -0.0000 0.0000 3.5673 -1.3302 -5.3627 -3.6271 0.0000 0.0000 -0.0000 0.0000 -0.0000 -0.0000 -19.472115 5.146435 0.296635 25.594685 0.000000 0.000000 -8.982880 -2.678205 3.065845 0.566100 0.000000 0.000000 -6.697840 5.598200 9.235290 8.465855 0.000000 0.000000 -9.609865 -2.265600 0.297195 -7.383060 0.000000 0.000000
-0.9263 -113.1823 24.1753 -2.7535 3.5326 172.9422 -0.3236 5.0819 0.2371 -1.0521 0.5044 0.4455 7.6347 1.8430 7.6948 -1.9867 -0.5470 2.3868 -12.3671 -3.1856 -2.8801 6.4449 -3.0511 -3.9777 0.6794 0.7700 4.5055 -14.9645 -8.8514 53.4135 0.0000 0.0000 14.2545 -4.0069 12.2172 -1.5927 0.0000 0.0000 -0.0000 0.0000 0.0000 -0.0000 -3.8468 -4.8014 -6.7464 -10.6252 10.6543 -63.1894 -0.0000 0.0000 2.7051 -1.0948 -7.4451 -4.2117 -0.0000 -0.0000 -0.0000 -0.0000 0.0000 -0.0000 -20.875720 5.309465 1.208260 30.011965 0.000000 0.000000 -8.877650 -3.056455 0.674115 0.378930 0.000000 0.000000 -5.509455 6.262985 9.242515 8.436360 0.000000 0.000000 -9.854410 -2.560550 0.146235 -7.159170 0.000000 0.000000
-0.9969 -113.0391 24.1642 -2.0473 3.4644 172.9430 -0.2784 5.2816 0.2461 -0.9921 0.5215 0.4400 7.8104 1.7490 7.5664 -1.9931 -0.5910 2.3754 -12.2899 -3.0170 -2.8550 6.9920 -3.0134 -3.8754 0.6469 0.4838 5.4258 -14.5593 -9.7295 56.8025 0.0000 0.0000 14.5195 -3.3297 12.9042 -0.6971 0.0000 -0.0000 0.0000 -0.0000 0.0000 0.0000 -4.3986 -5.0535 -7.6036 -10.1784 11.7428 -66.6784 -0.0000 0.0000 1.9487 -0.9241 -8.9693 -4.5314 -0.0000 -0.0000 0.0000 0.0000 0.0000 0.0000 -22.199935 4.915575 1.657060 33.437210 0.000000 0.000000 -8.851980 -3.007580 -1.843755 0.350370 0.000000 0.000000 -4.640415 6.464095 9.387695 8.531560 0.000000 0.000000 -10.178175 -2.742025 -0.003110 -6.875185 0.000000 0.000000
-1.0449 -112.8938 24.1611 -1.5294 3.2032 172.9917 -0.3148 5.3800 0.2383 -0.9969 0.5485 0.4281 7.9233 1.4866 7.3462 -1.9421 -0.6718 2.3441 -12.1813 -2.6946 -2.6817 7.4758 -2.9583 -3.6918 0.3432 0.1783 6.6728 -13.7790 -10.6030 59.6697 0.0000 0.0000 14.2666 -3.5090 12.4520 0.0118 -0.0000 0.0000 -0.0000 0.0000 0.0000 -0.0000 -4.9457 -5.0914 -8.5304 -9.5213 12.1454 -69.7261 -0.0000 0.0000 1.6970 -0.9512 -9.6634 -4.3514 0.0000 0.0000 -0.0000 0.0000 -0.0000 0.0000 -23.202510 4.264135 1.867180 35.594340 0.000000 0.000000 -9.236690 -2.597625 -3.954900 0.355725 0.000000 0.000000 -3.968745 6.393800 9.714520 8.769220 0.000000 0.000000 -10.582435 -2.844110 -0.365550 -6.522010 0.000000 0.000000
-1.0733 -112.7509 24.1622 -1.1153 2.8873 173.1300 -0.4073 5.4467 0.2408 -1.0385 0.5987 0.4190 8.2275 1.2534 7.0445 -1.9201 -0.7367 2.3241 -12.3832 -2.4962 -2.5968 7.8954 -2.8846 -3.4521 -0.3302 -0.0561 7.8125 -12.8541 -12.4533 62.1206 0.0000 0.0000 13.6253 -4.4580 10.5938 0.1118 -0.0000 0.0000 -0.0000 0.0000 -0.0000 0.0000 -5.5339 -5.2950 -9.5679 -8.8497 12.1039 -72.4039 -0.0000 0.0000 1.9894 -1.0014 -9.5570 -3.8908 0.0000 -0.0000 0.0000 0.0000 -0.0000 0.0000 -24.015705 3.559485 2.060555 36.593430 0.000000 0.000000 -9.335205 -2.249635 -5.053610 0.395505 0.000000 0.000000 -3.339745 6.205695 10.091325 8.930465 0.000000 0.000000 -10.936205 -2.785545 -0.866455 -6.283500 0.000000 0.000000
-1.0964 -112.6243 24.1653 -0.8864 2.7065 173.1489 -0.5351 5.5419 0.2647 -1.1223 0.6743 0.4234 8.5883 1.1382 6.8314 -1.9587 -0.7494 2.3414 -12.7897 -2.3880 -2.6414 8.2074 -2.8146 -3.2456 -1.1204 -0.1556 8.6952 -11.7104 -14.8827 64.2723 0.0000 0.0000 12.8102 -5.3691 7.8567 -0.2157 0.0000 0.0000 -0.0000 -0.0000 0.0000 0.0000 -6.2403 -5.9362 -10.6342 -8.0928 12.4143 -74.6909 -0.0000 0.0000 2.5289 -0.9620 -8.9097 -3.5075 0.0000 0.0000 -0.0000 0.0000 0.0000 0.0000 -25.001450 3.006730 2.323970 36.717530 0.000000 0.000000 -8.709010 -2.301825 -4.867970 0.499375 0.000000 0.000000 -2.806200 6.109390 10.522445 8.849375 0.000000 0.000000 -11.107565 -2.539215 -1.324690 -6.195525 0.000000 0.000000
-1.1207 -112.5244 24.1659 -1.0506 2.7337 173.0261 -0.7966 5.6895 0.2655 -1.2192 0.7807 0.4441 8.6902 1.0834 6.7309 -2.0068 -0.7226 2.3080 -13.0988 -2.1709 -2.5963 8.3646 -2.8071 -3.1638 -1.7234 -0.2185 9.5539 -10.1625 -16.3635 66.1722 0.0000 0.0000 12.0345 -5.4852 5.2055 -0.3990 0.0000 -0.0000 0.0000 0.0000 0.0000 -0.0000 -6.9829 -6.8396 -11.5792 -7.1949 13.2034 -76.5597 -0.0000 0.0000 3.0790 -0.9078 -8.0569 -3.3271 0.0000 -0.0000 0.0000 -0.0000 -0.0000 -0.0000 -26.345895 2.709400 2.470510 36.035320 0.000000 0.000000 -7.695215 -2.635450 -3.697180 0.615910 0.000000 0.000000 -2.690175 6.163960 10.949145 8.737430 0.000000 0.000000 -11.173270 -2.291865 -1.624485 -6.074995 0.000000 0.000000
-1.1281 -112.4168 24.1676 -1.2165 2.6923 173.0914 -0.9607 5.8061 0.2346 -1.2726 0.8300 0.4409 8.6190 1.0170 6.5290 -2.0295 -0.6742 2.1467 -13.2699 -1.7629 -2.3496 8.4443 -2.8168 -3.2154 -2.0230 -0.4707 10.5166 -8.4808 -16.2782 67.7694 0.0000 0.0000 11.4336 -4.9641 3.1936 -0.2644 0.0000 -0.0000 0.0000 -0.0000 0.0000 -0.0000 -7.6293 -7.5857 -12.3350 -6.2771 13.9555 -78.0998 -0.0000 0.0000 3.5539 -0.8009 -7.2229 -3.2590 -0.0000 0.0000 -0.0000 -0.0000 -0.0000 -0.0000 -27.364365 2.539570 2.218825 34.397795 0.000000 0.000000 -6.722560 -2.983355 -2.283460 0.664615 0.000000 0.000000 -2.604580 6.140585 11.103675 8.737260 0.000000 0.000000 -11.290230 -2.213325 -1.799500 -5.846940 0.000000 0.000000
-1.1011 -112.2699 24.1747 -1.1374 2.3205 173.6199 -1.0230 5.7602 0.2045 -1.2938 0.8086 0.4019 8.7431 0.8446 6.0811 -2.0178 -0.5820 1.9048 -13.5131 -1.2177 -2.0301 8.6089 -2.6456 -3.3090 -2.2071 -0.9738 11.3940 -7.1529 -15.7339 68.9454 0.0000 0.0000 11.0795 -4.4601 1.5794 -0.2066 0.0000 0.0000 0.0000 0.0000 -0.0000 0.0000 -8.1143 -7.9527 -12.9059 -5.5126 14.3892 -79.4909 -0.0000 0.0000 3.8587 -0.4155 -6.4102 -3.2095 0.0000 0.0000 -0.0000 -0.0000 -0.0000 -0.0000 -27.637555 2.307945 1.494030 31.852300 0.000000 0.000000 -5.810510 -3.236910 -1.283690 0.560830 0.000000 0.000000 -2.244265 5.793785 10.825215 8.890260 0.000000 0.000000 -11.559595 -2.233640 -1.958875 -5.676430 0.000000 0.000000
-1.0554 -112.0908 24.1802 -0.8503 1.8549 174.3902 -1.0258 5.6500 0.1975 -1.3195 0.7384 0.3464 9.0631 0.6326 5.5744 -1.9925 -0.4272 1.6778 -13.8076 -0.5334 -1.7332 8.9371 -2.1590 -3.3461 -2.3983 -1.5033 12.0863 -6.3986 -15.7143 69.6255 0.0000 0.0000 10.9956 -4.1061 -0.2181 -0.4962 0.0000 -0.0000 -0.0000 -0.0000 -0.0000 0.0000 -8.4570 -8.2136 -13.3766 -4.8798 14.9726 -80.7113 -0.0000 0.0000 3.8986 0.2709 -5.5239 -3.1966 0.0000 0.0000 -0.0000 0.0000 0.0000 0.0000 -27.393690 2.104115 0.524265 28.819500 0.000000 0.000000 -5.002415 -3.403425 -0.758815 0.219980 0.000000 0.000000 -1.630905 5.338950 10.347090 9.072500 0.000000 0.000000 -11.910730 -2.182725 -2.154885 -5.695640 0.000000 0.000000
-1.0182 -111.9192 24.1710 -0.7678 1.7099 175.0743 -1.1237 5.6243 0.1888 -1.3711 0.6636 0.3056 9.2352 0.5257 5.2031 -1.9715 -0.1893 1.4743 -13.9827 0.3806 -1.3836 9.3443 -1.4709 -3.3314 -2.5544 -1.9532 12.6869 -6.0838 -15.8147 69.9608 0.0000 0.0000 11.1157 -3.5259 -2.2913 -0.9396 0.0000 -0.0000 -0.0000 -0.0000 -0.0000 0.0000 -8.6294 -8.6443 -13.7965 -4.2607 15.9616 -81.6818 -0.0000 0.0000 3.8389 0.8275 -4.5259 -3.2601 0.0000 0.0000 -0.0000 0.0000 -0.0000 0.0000 -27.291775 2.152650 -0.510865 25.766810 0.000000 0.000000 -4.409285 -3.447710 -0.302450 -0.255765 0.000000 0.000000 -1.279770 5.131805 9.990515 9.330730 0.000000 0.000000 -12.290935 -2.030660 -2.395180 -5.814130 0.000000 0.000000
-0.9848 -111.7589 24.1512 -0.9016 1.7875 175.7531 -1.2449 5.5851 0.1621 -1.4255 0.6018 0.2796 9.2086 0.5315 4.8798 -1.9790 0.1365 1.2257 -14.0287 1.6157 -0.9335 9.7003 -0.8104 -3.3211 -2.7082 -2.3887 13.1761 -5.9860 -15.5991 70.2231 0.0000 0.0000 11.3990 -2.6431 -4.2509 -1.2684 0.0000 0.0000 -0.0000 0.0000 -0.0000 0.0000 -8.6876 -9.1710 -14.1876 -3.4944 17.1002 -82.4652 -0.0000 0.0000 3.9900 1.0578 -3.6214 -3.3307 -0.0000 0.0000 0.0000 0.0000 -0.0000 0.0000 -27.324245 2.383935 -1.612550 22.854710 0.000000 0.000000 -3.885175 -3.202485 0.338535 -0.616675 0.000000 0.000000 -1.228855 5.068225 9.794930 9.733205 0.000000 0.000000 -12.732595 -1.789090 -2.768330 -5.893180 0.000000 0.000000
-0.9319 -111.5804 24.1323 -1.0794 1.7742 176.6972 -1.4022 5.4345 0.1478 -1.4680 0.5052 0.2406 9.2331 0.5382 4.4356 -1.9976 0.5568 0.9379 -14.0673 3.1452 -0.4889 9.9766 -0.2440 -3.2999 -3.0122 -2.8298 13.3424 -5.9959 -15.5088 70.5266 0.0000 0.0000 11.9044 -1.8922 -5.7813 -1.5038 0.0000 -0.0000 0.0000 -0.0000 0.0000 0.0000 -8.7016 -9.6204 -14.5848 -2.4875 18.0793 -83.2536 -0.0000 0.0000 4.4840 1.3337 -3.0591 -3.3391 0.0000 0.0000 -0.0000 -0.0000 -0.0000 0.0000 -27.235080 2.569915 -2.623710 20.233480 0.000000 0.000000 -3.345680 -2.566005 0.988700 -0.857820 0.000000 0.000000 -1.212450 4.845185 9.572825 10.227310 0.000000 0.000000 -13.251095 -1.414495 -3.323040 -5.934575 0.000000 0.000000
-0.8545 -111.3598 24.1166 -1.0735 1.6371 177.8552 -1.4952 5.2118 0.1625 -1.5072 0.3789 0.1959 9.3669 0.4950 3.9267 -1.9990 1.0314 0.6884 -14.0818 4.9448 -0.1327 10.2599 0.3042 -3.1724 -3.4499 -3.0686 13.1623 -6.0930 -15.7630 70.7737 0.0000 0.0000 12.5742 -1.6150 -6.8724 -1.7073 0.0000 -0.0000 0.0000 -0.0000 0.0000 0.0000 -8.5578 -9.8384 -15.0188 -1.3319 18.7256 -84.0920 -0.0000 0.0000 5.1786 1.9528 -2.7133 -3.3356 0.0000 0.0000 0.0000 0.0000 -0.0000 -0.0000 -26.828525 2.658400 -3.276000 18.151235 0.000000 0.000000 -3.187495 -1.719830 1.447275 -1.165180 0.000000 0.000000 -0.829780 4.476880 9.213275 10.503645 0.000000 0.000000 -13.739590 -0.922260 -3.943710 -6.028840 0.000000 0.000000
-0.7719 -111.1149 24.0936 -1.1528 1.7090 178.9308 -1.6627 5.0645 0.2223 -1.5883 0.2736 0.1664 9.4456 0.5187 3.4889 -1.9931 1.5371 0.5033 -14.0385 6.9679 0.2217 10.6231 0.8850 -2.8535 -3.8364 -3.0975 12.9284 -6.3018 -15.6401 70.8900 0.0000 0.0000 13.1733 -1.5806 -7.7152 -1.8072 0.0000 0.0000 -0.0000 0.0000 -0.0000 0.0000 -8.1139 -9.6532 -15.4040 -0.2096 18.8793 -84.8767 -0.0000 0.0000 5.9071 2.6415 -2.1578 -3.3928 0.0000 -0.0000 -0.0000 0.0000 0.0000 -0.0000 -26.468720 2.878805 -3.513915 16.761995 0.000000 0.000000 -3.557415 -0.983220 1.865390 -1.512320 0.000000 0.000000 -0.246425 4.331360 8.682960 10.308740 0.000000 0.000000 -14.085625 -0.495730 -4.351030 -6.161015 0.000000 0.000000
-0.6892 -110.8594 24.0625 -1.4997 1.9954 179.8270 -1.9879 4.8856 0.3428 -1.7415 0.2104 0.1494 9.4933 0.7119 3.1218 -2.0057 2.0792 0.3034 -14.0592 9.1443 0.7390 11.0067 1.4814 -2.3208 -4.0971 -3.2475 12.7876 -6.6823 -14.6660 71.0524 0.0000 0.0000 13.5186 -1.3330 -8.5246 -1.8213 -0.0000 -0.0000 0.0000 -0.0000 -0.0000 0.0000 -7.5539 -8.9393 -15.6184 0.8622 18.6145 -85.5114 -0.0000 0.0000 6.5891 3.1503 -1.1353 -3.4860 0.0000 0.0000 -0.0000 -0.0000 0.0000 -0.0000 -26.320735 3.245495 -3.452545 15.955855 0.000000 0.000000 -3.755380 -0.457070 2.261915 -1.654610 0.000000 0.000000 0.354950 4.427750 7.958845 9.645485 0.000000 0.000000 -14.307220 -0.198825 -4.421750 -6.208190 0.000000 0.000000
-0.5964 -110.5791 24.0297 -1.9535 2.3033 -179.4030 -2.3753 4.5656 0.5191 -1.9523 0.1462 0.1330 9.6411 1.0600 2.7900 -2.0199 2.6431 0.0520 -14.2343 11.4266 1.4991 11.2609 2.1208 -1.5741 -4.3554 -3.6612 12.5595 -7.2500 -13.6112 71.4409 0.0000 0.0000 13.7254 -0.7402 -9.3447 -1.8934 0.0000 -0.0000 0.0000 0.0000 -0.0000 -0.0000 -7.1338 -7.9189 -15.6433 1.9211 18.2476 -86.0059 -0.0000 0.0000 7.2206 3.6018 0.2701 -3.5949 0.0000 -0.0000 0.0000 0.0000 -0.0000 0.0000 -26.282145 3.579715 -3.042335 15.894230 0.000000 0.000000 -3.354435 -0.072445 2.275260 -1.476620 0.000000 0.000000 1.044810 4.535700 7.107655 8.728250 0.000000 0.000000 -14.453930 0.126725 -4.268325 -6.146310 0.000000 0.000000
-0.4880 -110.2597 23.9916 -2.4267 2.6077 -178.7666 -2.7803 4.1653 0.6881 -2.1674 0.0621 0.1177 9.7882 1.5141 2.5507 -2.0022 3.1729 -0.2071 -14.4493 13.8275 2.4833 11.2857 2.8759 -0.6518 -4.6604 -4.0912 12.1564 -7.9079 -13.3240 71.9884 0.0000 0.0000 13.9696 -0.0937 -9.9467 -2.0044 0.0000 0.0000 0.0000 -0.0000 -0.0000 0.0000 -6.8209 -7.0808 -15.5728 2.9218 18.0104 -86.3492 -0.0000 0.0000 7.7686 4.1270 1.8410 -3.7208 -0.0000 0.0000 -0.0000 -0.0000 0.0000 -0.0000 -26.252820 3.793660 -2.466205 16.732245 0.000000 0.000000 -3.045205 0.046215 1.837170 -1.124295 0.000000 0.000000 1.758300 4.577010 6.335940 7.904855 0.000000 0.000000 -14.600895 0.579860 -4.103425 -6.113755 0.000000 0.000000
-0.3632 -109.9021 23.9446 -2.9950 2.8907 -178.3387 -3.2168 3.6303 0.8351 -2.4211 -0.0169 0.1147 9.8276 2.0659 2.4227 -1.9751 3.6620 -0.4566 -14.6759 16.3633 3.6612 11.1426 3.8173 0.3341 -4.8495 -4.4901 11.8395 -8.5756 -13.2403 72.4882 0.0000 0.0000 14.2612 0.2162 -10.1382 -2.0237 -0.0000 -0.0000 -0.0000 -0.0000 -0.0000 -0.0000 -6.4258 -6.5683 -15.3856 3.8037 17.5725 -86.5808 -0.0000 0.0000 8.2213 4.5376 3.5286 -3.7923 0.0000 -0.0000 0.0000 -0.0000 0.0000 0.0000 -25.962290 3.834885 -2.238235 17.692490 0.000000 0.000000 -3.312955 -0.186345 1.413700 -0.855100 0.000000 0.000000 2.306125 4.528390 5.871415 7.408030 0.000000 0.000000 -14.859805 1.089520 -4.053785 -6.180480 0.000000 0.000000
-0.2110 -109.5085 23.9060 -3.6899 2.7678 -178.1740 -3.7922 2.5437 1.0310 -2.7945 -0.2340 0.0811 10.0549 2.8571 2.3766 -2.0170 4.1389 -0.7181 -15.2384 19.1152 5.0701 11.0047 5.0079 1.2963 -4.8144 -5.3357 11.7873 -9.3110 -12.1546 72.9874 0.0000 0.0000 14.4759 0.1368 -10.1059 -1.9467 0.0000 0.0000 0.0000 -0.0000 -0.0000 0.0000 -6.0452 -5.8114 -14.9064 4.6315 16.3056 -86.8415 -0.0000 0.0000 8.5656 4.7886 5.4172 -3.6803 0.0000 -0.0000 -0.0000 -0.0000 0.0000 0.0000 -25.139830 3.385405 -2.577300 17.510420 0.000000 0.000000 -3.137090 -0.339345 1.306260 -0.714595 0.000000 0.000000 2.588070 4.037600 5.831805 7.328555 0.000000 0.000000 -15.307330 1.707215 -4.098665 -6.248140 0.000000 0.000000
-0.0295 -109.0662 23.8971 -4.1231 2.0428 -178.3369 -4.2462 0.7502 1.2423 -3.2506 -0.7988 -0.0071 10.6841 3.9443 2.4862 -2.1759 4.6541 -0.9753 -16.3852 22.2469 6.8381 10.9683 6.4371 2.3254 -4.8491 -6.5954 11.8756 -9.9723 -10.5860 73.5457 0.0000 0.0000 14.6248 0.0270 -10.1554 -1.8892 -0.0000 -0.0000 0.0000 0.0000 -0.0000 0.0000 -5.9157 -4.3931 -14.1341 5.4532 14.3789 -87.1024 -0.0000 0.0000 8.7420 5.1585 7.3364 -3.4378 -0.0000 0.0000 -0.0000 0.0000 0.0000 -0.0000 -23.800060 2.256945 -3.019640 16.187735 0.000000 0.000000 -1.564675 0.159350 1.284585 -0.448630 0.000000 0.000000 3.004230 2.933280 6.097005 7.570550 0.000000 0.000000 -15.741510 2.596740 -4.089400 -6.365950 0.000000 0.000000
0.1475 -108.5926 23.9081 -4.2192 1.4971 -178.7638 -4.3166 -0.9515 1.3704 -3.4398 -1.7564 -0.1698 11.0189 5.3318 2.8245 -2.4066 5.2762 -1.2013 -17.8559 25.6007 9.0370 10.8710 7.8379 3.5567 -5.2896 -7.3122 12.0679 -10.1981 -10.3313 73.8257 0.0000 0.0000 14.7869 0.0365 -10.3938 -1.8682 0.0000 0.0000 0.0000 -0.0000 -0.0000 -0.0000 -5.8031 -2.9402 -13.4329 6.0292 12.8184 -87.0096 -0.0000 0.0000 8.7687 5.6448 8.7513 -3.2901 0.0000 -0.0000 0.0000 0.0000 0.0000 0.0000 -22.927705 1.148205 -2.557325 15.775145 0.000000 0.000000 0.090445 1.143480 0.678960 0.100725 0.000000 0.000000 3.652525 1.989950 6.360165 8.028275 0.000000 0.000000 -15.754430 3.620650 -3.943965 -6.882325 0.000000 0.000000
0.2792 -108.1334 23.9143 -4.3622 2.1294 -178.9868 -3.9914 -1.6820 1.3705 -3.1803 -2.5651 -0.2954 10.2393 6.7490 3.1783 -2.6129 6.0291 -1.4957 -19.2382 28.5247 11.4263 10.4673 8.7741 4.8623 -5.9327 -6.7424 12.5751 -9.9974 -11.4444 73.4260 0.0000 0.0000 14.8310 -0.1805 -10.7909 -1.8113 0.0000 0.0000 0.0000 -0.0000 -0.0000 -0.0000 -5.3815 -2.4020 -13.2551 6.2535 12.4799 -86.2669 -0.0000 0.0000 8.7490 5.8420 9.1203 -3.2644 0.0000 0.0000 -0.0000 0.0000 -0.0000 0.0000 -23.444590 1.077315 -1.020865 18.035210 0.000000 0.000000 -0.376545 1.876945 -0.664040 0.655520 0.000000 0.000000 4.084325 2.137850 6.310355 8.676400 0.000000 0.000000 -15.155350 4.495130 -3.859560 -7.950180 0.000000 0.000000
0.3790 -107.6876 23.9153 -4.6411 3.5689 -178.2594 -3.5499 -1.6443 1.2267 -2.7099 -2.7801 -0.3310 8.8886 7.7903 3.0585 -2.7973 6.8099 -1.9728 -20.5321 30.2885 13.5296 9.8496 9.1689 5.8609 -6.4557 -5.3222 13.4059 -9.7820 -12.0499 72.3979 0.0000 0.0000 14.6375 -0.5941 -11.3449 -1.7723 0.0000 0.0000 -0.0000 0.0000 -0.0000 -0.0000 -4.8156 -2.8276 -13.5805 6.3575 13.0661 -85.1803 -0.0000 0.0000 8.6897 5.5209 8.4904 -3.2104 0.0000 -0.0000 0.0000 -0.0000 0.0000 -0.0000 -24.391235 1.897140 0.597535 21.483745 0.000000 0.000000 -2.724160 2.141805 -2.335310 0.816510 0.000000 0.000000 4.180290 2.879730 6.072610 9.541955 0.000000 0.000000 -14.174790 5.475605 -4.459745 -9.132105 0.000000 0.000000
0.4955 -107.2311 23.9270 -4.9835 4.4956 -176.5491 -3.3089 -1.6997 1.0582 -2.4575 -2.8358 -0.3634 8.1077 8.5714 2.3461 -3.0101 7.3798 -2.5082 -21.9791 30.7657 14.9496 9.3212 9.3684 6.2902 -6.8667 -4.2546 13.9965 -9.8228 -11.0525 71.2659 0.0000 0.0000 14.3632 -0.5690 -11.9908 -1.8503 -0.0000 0.0000 0.0000 -0.0000 -0.0000 0.0000 -4.4893 -3.2884 -14.0449 6.6124 13.6070 -84.4299 -0.0000 0.0000 8.4835 5.0030 7.5233 -3.1538 0.0000 0.0000 0.0000 -0.0000 -0.0000 0.0000 -24.611470 2.481260 1.651960 23.918485 0.000000 0.000000 -5.036160 2.384055 -4.262005 0.682805 0.000000 0.000000 4.050240 2.896985 6.127775 10.722945 0.000000 0.000000 -13.149945 6.920945 -6.104325 -9.937310 0.000000 0.000000
0.6456 -106.7521 23.9448 -5.3443 4.3464 -174.7179 -3.4525 -2.1793 0.9679 -2.4832 -3.0372 -0.4284 8.0920 8.9756 1.5708 -3.2423 7.6441 -2.8624 -23.5227 30.3969 15.6913 8.9448 9.6538 6.2085 -7.2056 -4.0897 14.1192 -10.2522 -9.4384 70.2783 0.0000 0.0000 14.2838 -0.0643 -12.3614 -2.0012 0.0000 0.0000 0.0000 -0.0000 -0.0000 0.0000 -4.3611 -3.2310 -14.4304 6.9527 13.9432 -84.2008 -0.0000 0.0000 8.1429 4.5936 6.8830 -3.2786 -0.0000 0.0000 -0.0000 -0.0000 -0.0000 0.0000 -24.103510 2.149250 2.068460 24.877370 0.000000 0.000000 -6.435005 2.934345 -6.222530 0.636565 0.000000 0.000000 3.766425 1.817910 6.558555 12.176445 0.000000 0.000000 -12.290680 8.288000 -8.187505 -10.482415 0.000000 0.000000
0.8018 -106.2510 23.9538 -5.3968 3.6996 -173.5932 -3.5764 -2.6832 0.8825 -2.5542 -3.2859 -0.4931 8.1694 8.7633 1.2186 -3.4534 7.6746 -2.9126 -24.7368 29.6371 15.9783 8.4706 9.9018 5.8792 -7.4097 -4.1850 14.2905 -10.9853 -8.7045 69.2431 0.0000 0.0000 14.4985 0.0621 -11.9444 -2.1446 0.0000 0.0000 -0.0000 0.0000 -0.0000 -0.0000 -4.1886 -3.0929 -14.9068 7.1798 14.8728 -83.8987 -0.0000 0.0000 7.8495 4.3136 6.7625 -3.5771 0.0000 0.0000 -0.0000 0.0000 0.0000 0.0000 -23.016020 1.279870 1.871345 24.946390 0.000000 0.000000 -7.518245 3.669935 -7.552780 0.818805 0.000000 0.000000 3.694685 0.386765 6.965365 13.743505 0.000000 0.000000 -11.782805 8.678405 -9.641345 -11.095010 0.000000 0.000000
0.9318 -105.7635 23.9530 -5.3613 3.3883 -173.2652 -3.6050 -2.8463 0.7795 -2.5101 -3.3936 -0.5094 7.9061 8.2430 1.2374 -3.6387 7.6244 -2.8104 -25.3570 28.4714 15.8997 7.6974 9.8309 5.5803 -7.4156 -3.9885 14.8454 -11.6162 -8.7869 68.2831 0.0000 0.0000 14.8027 -0.5331 -10.6875 -2.1990 0.0000 -0.0000 -0.0000 -0.0000 -0.0000 0.0000 -3.9661 -3.2718 -15.5834 7.2450 16.3357 -83.0747 -0.0000 0.0000 7.8046 4.3870 7.0777 -3.7779 -0.0000 -0.0000 -0.0000 -0.0000 -0.0000 0.0000 -21.860785 0.711900 1.150375 24.826880 0.000000 0.000000 -8.842970 4.307775 -7.743860 1.137555 0.000000 0.000000 3.354855 -0.585380 7.123975 15.951975 0.000000 0.000000 -11.470515 8.472195 -10.161630 -11.518140 0.000000 0.000000
1.0370 -105.3089 23.9549 -5.2058 3.5043 -173.3318 -3.3656 -2.8514 0.6857 -2.3536 -3.4167 -0.4976 7.4221 8.0427 1.3261 -3.8428 7.5530 -2.7345 -25.4971 26.5783 15.3811 6.7850 9.4357 5.4945 -7.4061 -3.5918 15.3572 -11.6530 -8.9040 67.9848 0.0000 0.0000 14.8507 -0.9560 -9.1226 -2.1164 0.0000 -0.0000 0.0000 -0.0000 -0.0000 0.0000 -3.8604 -3.4552 -16.2197 7.2650 17.1657 -82.0502 -0.0000 0.0000 7.9896 5.2269 7.6665 -3.6864 -0.0000 0.0000 0.0000 -0.0000 0.0000 0.0000 -20.683365 0.569865 0.321965 24.733465 0.000000 0.000000 -10.138795 4.774510 -7.257830 1.479765 0.000000 0.000000 2.245605 -1.244045 7.226655 19.680415 0.000000 0.000000 -10.706705 9.284285 -10.399800 -11.105040 0.000000 0.000000
1.1427 -104.8953 23.9537 -5.0845 3.5564 -173.4393 -3.0569 -3.0163 0.5876 -2.1629 -3.4647 -0.4746 6.9488 8.3199 1.3629 -4.0867 7.4464 -2.7450 -25.3637 23.8790 14.4306 5.9983 8.8874 5.5727 -7.4931 -3.2583 15.4043 -11.1165 -8.8561 68.5891 0.0000 0.0000 14.4585 -0.5757 -8.0832 -1.9781 -0.0000 0.0000 -0.0000 -0.0000 -0.0000 0.0000 -3.7960 -3.2150 -16.5228 7.2181 16.6591 -81.3624 -0.0000 0.0000 8.1827 6.5332 8.2349 -3.4789 -0.0000 0.0000 -0.0000 0.0000 0.0000 -0.0000 -19.681300 0.313675 -0.069460 24.700740 0.000000 0.000000 -11.070225 5.213535 -7.037850 1.722440 0.000000 0.000000 0.015120 -2.239820 7.586970 25.081570 0.000000 0.000000 -9.455080 11.455015 -10.752210 -9.743510 0.000000 0.000000
1.2556 -104.5086 23.9413 -4.9257 3.3731 -173.5837 -2.7686 -3.3770 0.4997 -2.0209 -3.4146 -0.4266 6.6353 8.7046 1.3686 -4.2977 7.2975 -2.7435 -25.0187 20.8594 13.2067 5.3385 8.2480 5.5427 -7.5263 -2.8364 15.1871 -10.4682 -8.9753 69.5924 0.0000 0.0000 13.7285 0.0905 -8.1477 -1.8885 0.0000 0.0000 -0.0000 -0.0000 -0.0000 0.0000 -3.5814 -2.7116 -16.5875 6.8879 15.6754 -80.9586 -0.0000 0.0000 8.1327 7.2177 8.3377 -3.3965 -0.0000 -0.0000 -0.0000 -0.0000 0.0000 -0.0000 -18.786590 -0.299855 0.152305 24.810305 0.000000 0.000000 -11.804115 5.672705 -7.339685 1.768170 0.000000 0.000000 -2.666035 -3.695530 8.359790 30.771895 0.000000 0.000000 -9.054220 12.812125 -10.372770 -8.429750 0.000000 0.000000
1.3566 -104.1314 23.9340 -4.6741 3.2617 -173.9494 -2.6225 -3.7372 0.4497 -1.9649 -3.2544 -0.3585 6.6273 9.0730 1.4933 -4.3733 7.1531 -2.7026 -24.6034 18.2560 11.9749 4.6967 7.5002 5.1917 -7.2543 -2.2715 15.1365 -10.0491 -9.0138 70.5012 0.0000 0.0000 12.8567 0.3649 -9.1638 -1.9134 0.0000 0.0000 0.0000 -0.0000 -0.0000 0.0000 -3.2875 -2.3155 -16.6776 6.2989 15.3697 -80.4371 -0.0000 0.0000 7.7544 6.4788 7.8267 -3.4624 0.0000 -0.0000 0.0000 -0.0000 -0.0000 -0.0000 -17.879725 -0.873605 0.623970 25.092335 0.000000 0.000000 -12.486155 5.985420 -7.480360 1.636080 0.000000 0.000000 -5.031075 -5.151495 9.627310 35.091425 0.000000 0.000000 -10.747080 11.345110 -8.070120 -8.047080 0.000000 0.000000
1.4308 -103.7554 23.9494 -4.3323 3.4037 -174.6713 -2.5915 -4.0189 0.4409 -1.9882 -3.1310 -0.3063 6.8944 9.5135 1.8580 -4.3249 7.0784 -2.6299 -24.3606 16.5062 11.0095 4.2160 6.7636 4.5903 -6.9396 -1.6353 15.3359 -9.5249 -8.8779 71.2572 0.0000 0.0000 12.0445 0.5228 -10.2980 -2.0074 0.0000 -0.0000 -0.0000 0.0000 -0.0000 -0.0000 -3.1213 -2.1786 -16.8189 5.7942 15.7730 -79.7201 -0.0000 0.0000 7.1883 4.7615 7.1497 -3.5888 0.0000 -0.0000 0.0000 -0.0000 0.0000 0.0000 -16.870860 -1.042925 0.792440 25.363995 0.000000 0.000000 -13.039250 6.035230 -6.770100 1.449505 0.000000 0.000000 -6.792445 -6.345150 11.456085 37.074730 0.000000 0.000000 -13.141700 7.674385 -4.254810 -8.066205 0.000000 0.000000
1.4857 -103.3775 23.9811 -3.9285 3.6483 -175.7181 -2.5563 -4.2753 0.4313 -1.9793 -3.0747 -0.2440 7.1819 9.9551 2.4197 -4.2513 7.0546 -2.5221 -24.4153 15.6024 10.4618 4.1128 6.1589 3.9780 -6.9450 -1.0010 15.5867 -8.5143 -8.9388 72.0122 0.0000 0.0000 11.4321 0.9736 -10.8787 -1.9981 0.0000 -0.0000 -0.0000 0.0000 -0.0000 -0.0000 -3.1248 -2.1822 -16.8375 5.6362 16.0917 -79.1111 -0.0000 0.0000 6.7286 3.4529 6.9236 -3.6522 0.0000 -0.0000 -0.0000 -0.0000 -0.0000 0.0000 -15.665220 -0.902590 0.413085 25.273895 0.000000 0.000000 -13.451415 5.936035 -5.273930 1.268795 0.000000 0.000000 -8.061665 -7.460350 13.666935 36.768475 0.000000 0.000000 -14.131270 4.537630 -0.616130 -7.838575 0.000000 0.000000
1.5315 -103.0036 24.0073 -3.5334 3.9114 -176.9205 -2.4539 -4.4138 0.4169 -1.9068 -3.0563 -0.2078 7.3338 10.2831 3.1192 -4.2077 7.0854 -2.4404 -24.6434 15.1833 10.2689 4.2947 5.6755 3.5231 -7.1303 -0.4313 15.7999 -7.3022 -9.4061 72.7302 0.0000 0.0000 11.0754 1.3956 -10.9602 -1.8468 0.0000 0.0000 0.0000 0.0000 -0.0000 -0.0000 -3.2542 -2.3124 -16.6509 5.8020 16.0207 -78.8431 -0.0000 0.0000 6.5716 3.3412 7.2376 -3.5984 0.0000 -0.0000 0.0000 -0.0000 -0.0000 0.0000 -14.342705 -0.657110 -0.244050 24.825690 0.000000 0.000000 -13.903020 5.847040 -3.588720 1.077715 0.000000 0.000000 -9.101810 -8.544610 15.802730 34.925080 0.000000 0.000000 -13.814390 3.536500 1.603390 -7.638740 0.000000 0.000000
1.5623 -102.6473 24.0123 -3.2426 4.2097 -178.1085 -2.3615 -4.4719 0.3917 -1.8193 -2.9973 -0.1649 7.4154 10.5532 3.8028 -4.1766 7.1372 -2.3707 -24.8304 14.9373 10.2548 4.5113 5.2639 3.2313 -7.1189 0.1146 16.0187 -6.4560 -10.0044 73.2580 0.0000 0.0000 10.8902 1.3866 -10.9472 -1.6845 0.0000 0.0000 0.0000 -0.0000 -0.0000 -0.0000 -3.5156 -2.5499 -16.4018 6.0602 15.9274 -78.7797 -0.0000 0.0000 6.6368 4.0524 7.6767 -3.5343 -0.0000 -0.0000 -0.0000 0.0000 0.0000 0.0000 -13.235665 -0.409760 -0.618220 24.526150 0.000000 0.000000 -14.523180 5.742575 -2.299015 0.937975 0.000000 0.000000 -10.231035 -9.389255 17.245265 32.307930 0.000000 0.000000 -13.219135 3.688905 2.231455 -7.739125 0.000000 0.000000
1.5624 -102.3137 23.9947 -3.0117 4.5890 -179.2447 -2.2587 -4.5208 0.3740 -1.7681 -2.9541 -0.1268 7.5177 10.8901 4.4664 -4.1254 7.2230 -2.3162 -24.8919 14.7649 10.3076 4.7105 4.9388 3.0436 -6.9221 0.6426 16.2812 -6.0357 -10.4184 73.5646 0.0000 0.0000 10.7201 1.2218 -10.9921 -1.6129 0.0000 -0.0000 -0.0000 -0.0000 -0.0000 -0.0000 -3.8553 -2.7452 -16.2332 6.2020 15.9762 -78.6744 -0.0000 0.0000 6.7304 4.9040 7.8161 -3.5700 -0.0000 -0.0000 0.0000 0.0000 -0.0000 0.0000 -12.540365 -0.121695 -0.379115 24.852550 0.000000 0.000000 -15.321245 5.512480 -1.590880 0.957525 0.000000 0.000000 -11.554740 -9.781275 17.441615 29.296550 0.000000 0.000000 -12.536925 3.836295 1.842070 -7.974150 0.000000 0.000000
1.5243 -101.9958 23.9578 -2.8905 5.0381 179.6774 -2.2132 -4.5765 0.3568 -1.7632 -2.9626 -0.0875 7.6317 11.2796 5.0853 -4.0675 7.3241 -2.2271 -24.8215 14.7097 10.3680 4.9360 4.6719 2.9168 -6.8103 1.0368 16.5450 -5.6775 -10.5730 73.7367 0.0000 0.0000 10.5118 1.3045 -11.0197 -1.5972 -0.0000 -0.0000 0.0000 -0.0000 -0.0000 0.0000 -4.1063 -2.7048 -16.1390 6.1991 15.8174 -78.4989 -0.0000 0.0000 6.8159 5.6302 7.5827 -3.7069 -0.0000 -0.0000 -0.0000 0.0000 0.0000 0.0000 -12.256040 0.275510 0.190640 25.733235 0.000000 0.000000 -16.285315 5.172055 -1.187725 1.128545 0.000000 0.000000 -13.078365 -9.741580 16.367640 26.010705 0.000000 0.000000 -11.470430 4.110250 1.085145 -8.277600 0.000000 0.000000
1.4538 -101.6664 23.9112 -2.7801 5.4467 178.6797 -2.2373 -4.6867 0.3333 -1.7636 -2.9755 -0.0699 7.7294 11.6284 5.6640 -3.9918 7.4077 -2.1324 -24.5845 14.7081 10.3753 5.1248 4.3731 2.8330 -6.8329 1.1767 16.7597 -5.1990 -10.5406 73.8223 0.0000 0.0000 10.3697 1.5020 -11.0438 -1.5717 -0.0000 -0.0000 -0.0000 0.0000 -0.0000 -0.0000 -4.2220 -2.4809 -16.0022 6.2225 15.4120 -78.4036 -0.0000 0.0000 6.9701 6.2236 7.1950 -3.8696 -0.0000 0.0000 -0.0000 0.0000 -0.0000 0.0000 -11.954715 0.751255 0.617595 26.598960 0.000000 0.000000 -17.323505 4.854155 -0.731275 1.315630 0.000000 0.000000 -14.458085 -9.495930 14.725610 22.380610 0.000000 0.000000 -10.124710 4.968580 0.140965 -8.921220 0.000000 0.000000
1.3525 -101.3067 23.8697 -2.6406 5.7665 177.7587 -2.3749 -4.8748 0.2918 -1.8181 -2.9561 -0.0492 7.9228 11.8868 6.1544 -3.8777 7.4606 -2.0328 -24.2450 14.6335 10.3009 5.2680 4.0352 2.7801 -6.8835 1.1365 16.8636 -4.6707 -10.5080 73.8726 0.0000 0.0000 10.3309 1.4729 -11.1391 -1.5339 0.0000 0.0000 -0.0000 -0.0000 -0.0000 0.0000 -4.3305 -2.2169 -15.7749 6.4011 15.2242 -78.4254 -0.0000 0.0000 7.1608 6.6275 6.9907 -4.0444 -0.0000 0.0000 0.0000 -0.0000 0.0000 -0.0000 -11.383685 1.287605 0.834260 27.100290 0.000000 0.000000 -18.288680 4.560055 -0.149280 1.411255 0.000000 0.000000 -15.494830 -9.147600 13.139340 18.415530 0.000000 0.000000 -8.760290 6.306650 -0.946780 -10.071355 0.000000 0.000000
1.2188 -100.9164 23.8410 -2.4130 5.9845 176.9029 -2.5325 -5.1267 0.2403 -1.8976 -2.9529 -0.0432 8.1909 12.0867 6.5677 -3.7452 7.4668 -1.9353 -23.9283 14.4364 10.1718 5.4738 3.7569 2.7276 -6.9743 1.1143 16.8436 -4.1096 -10.7240 73.9856 0.0000 0.0000 10.2176 1.2444 -11.3095 -1.5150 0.0000 0.0000 -0.0000 -0.0000 -0.0000 -0.0000 -4.4790 -1.9841 -15.5290 6.6813 15.4438 -78.4280 -0.0000 0.0000 7.2547 6.8691 7.1663 -4.2837 0.0000 0.0000 0.0000 -0.0000 0.0000 0.0000 -10.495350 1.854980 1.051435 27.246235 0.000000 0.000000 -19.080625 4.149420 0.373045 1.422135 0.000000 0.000000 -16.311595 -8.717840 11.509295 14.575655 0.000000 0.000000 -7.312400 7.693425 -1.710250 -11.292125 0.000000 0.000000
1.0561 -100.5109 23.8196 -2.1855 6.0762 176.1164 -2.6458 -5.4557 0.1967 -1.9148 -2.9594 -0.0481 8.3289 12.2412 6.9257 -3.6467 7.4252 -1.8478 -23.5964 14.0968 9.9743 5.6601 3.4500 2.6385 -7.1466 1.1867 16.7878 -3.4553 -11.1461 74.1473 0.0000 0.0000 9.9034 1.0834 -11.4852 -1.5450 -0.0000 -0.0000 -0.0000 0.0000 -0.0000 -0.0000 -4.5785 -1.7164 -15.3210 6.9678 15.6096 -78.3764 -0.0000 0.0000 7.2461 7.2165 7.5694 -4.5633 0.0000 -0.0000 0.0000 0.0000 -0.0000 0.0000 -9.484105 2.409775 1.287055 27.193620 0.000000 0.000000 -19.698830 3.606525 0.786315 1.411850 0.000000 0.000000 -17.346215 -8.307545 9.859530 11.703930 0.000000 0.000000 -5.988695 8.724220 -1.688575 -11.796855 0.000000 0.000000
0.8726 -100.0914 23.8021 -1.9820 6.0046 175.2676 -2.6510 -5.9041 0.1647 -1.8866 -2.9835 -0.0402 8.1980 12.4520 7.3619 -3.5628 7.3413 -1.7648 -23.0085 13.4219 9.6289 5.4910 2.7184 2.5364 -7.2410 1.3178 16.8088 -2.7633 -11.3216 74.1558 0.0000 0.0000 9.5803 0.9871 -11.5629 -1.6368 0.0000 -0.0000 0.0000 -0.0000 -0.0000 0.0000 -4.6462 -1.2345 -15.0697 7.2443 15.4249 -78.4543 -0.0000 0.0000 7.2725 7.7924 7.8686 -4.8621 -0.0000 0.0000 0.0000 0.0000 0.0000 -0.0000 -8.402055 2.924025 1.397470 26.957320 0.000000 0.000000 -20.144060 3.048500 1.330995 1.385500 0.000000 0.000000 -18.622235 -8.010895 9.069625 10.121315 0.000000 0.000000 -5.500030 9.129925 -1.209940 -11.427445 0.000000 0.000000
0.6755 -99.6473 23.7893 -1.8952 5.7839 174.1041 -2.7332 -6.4138 0.1467 -1.8737 -3.1089 -0.0315 7.8641 12.8643 8.1015 -3.4121 7.1874 -1.6516 -22.0911 12.0541 9.0875 4.8867 1.2790 2.5205 -7.0889 1.4187 16.8850 -2.1239 -10.8294 73.9127 0.0000 0.0000 9.4618 0.6161 -11.4642 -1.7354 0.0000 0.0000 -0.0000 0.0000 -0.0000 0.0000 -4.8699 -0.4118 -14.6834 7.4520 15.3196 -78.7195 -0.0000 0.0000 7.2925 8.2068 7.9420 -5.2775 0.0000 -0.0000 -0.0000 0.0000 -0.0000 0.0000 -7.326465 3.403170 1.463770 26.505120 0.000000 0.000000 -20.401865 2.461065 2.168415 1.251625 0.000000 0.000000 -19.796765 -7.825595 9.468445 9.187165 0.000000 0.000000 -5.912790 8.897875 -0.781965 -10.735035 0.000000 0.000000
0.4708 -99.1694 23.7736 -1.9385 5.4222 172.6932 -2.9829 -6.7718 0.1115 -1.9497 -3.4064 -0.0431 7.5256 13.3923 9.0708 -3.2134 6.8746 -1.4496 -21.0702 9.8580 8.3404 4.2707 -0.6161 2.6307 -6.7116 1.3111 16.8200 -1.5768 -9.7081 73.6724 0.0000 0.0000 9.3831 -0.1774 -11.3033 -1.7695 0.0000 -0.0000 0.0000 -0.0000 -0.0000 -0.0000 -5.2932 0.6195 -14.2718 7.4484 15.6114 -78.9184 -0.0000 0.0000 7.0492 7.8621 7.8417 -5.9063 -0.0000 0.0000 0.0000 -0.0000 0.0000 0.0000 -6.253425 3.824260 1.627565 25.887595 0.000000 0.000000 -20.513555 1.730575 3.080210 0.945965 0.000000 0.000000 -20.645320 -7.690275 9.896760 8.227260 0.000000 0.000000 -6.238765 8.521070 -0.353990 -10.187380 0.000000 0.000000
0.2573 -98.6458 23.7389 -1.9231 4.9133 171.5213 -3.2483 -6.9039 0.0441 -2.0496 -3.5949 -0.0469 7.2569 13.6095 9.8049 -3.0680 6.3350 -1.1546 -20.1301 7.2176 7.3787 4.0390 -2.4054 2.7275 -6.2674 0.9279 16.4719 -1.1176 -8.5197 73.7483 0.0000 0.0000 9.0953 -0.9209 -11.3009 -1.7640 0.0000 -0.0000 -0.0000 -0.0000 -0.0000 0.0000 -5.6914 1.5088 -14.0216 7.2150 15.8262 -78.8520 -0.0000 0.0000 6.4580 6.6710 7.4183 -6.5737 -0.0000 0.0000 -0.0000 -0.0000 0.0000 0.0000 -4.982760 4.180240 1.743420 25.270240 0.000000 0.000000 -20.592095 0.910410 3.768115 0.563040 0.000000 0.000000 -21.165690 -7.413345 9.288840 7.330680 0.000000 0.000000 -5.915085 8.477890 0.340120 -9.746995 0.000000 0.000000
0.0239 -98.0606 23.6808 -1.7624 4.2717 170.8406 -3.4824 -6.9600 -0.0508 -2.1097 -3.5026 -0.0359 7.0391 13.3123 10.0908 -2.9831 5.6688 -0.8507 -19.2870 4.7194 6.2944 4.0747 -3.8046 2.6327 -5.8288 0.4556 15.9768 -0.7352 -7.8121 74.1083 0.0000 0.0000 8.7470 -1.0788 -11.4029 -1.7652 0.0000 0.0000 -0.0000 0.0000 -0.0000 -0.0000 -5.9020 2.0638 -13.8589 6.9286 15.3382 -78.7045 -0.0000 0.0000 5.8246 5.2362 6.4412 -6.9807 0.0000 0.0000 0.0000 -0.0000 0.0000 0.0000 -3.414340 4.521430 1.597560 24.739160 0.000000 0.000000 -20.673270 0.108435 4.283045 0.191505 0.000000 0.000000 -21.235985 -6.771680 8.182480 6.644475 0.000000 0.000000 -5.459995 8.446355 1.021480 -9.369425 0.000000 0.000000
-0.2476 -97.4020 23.6144 -1.5344 3.7237 170.1876 -3.8075 -6.8338 -0.1966 -2.2648 -3.5534 -0.0550 6.9594 12.8425 10.2854 -2.8582 5.0432 -0.5507 -18.6657 2.6220 5.3160 4.1092 -4.9304 2.3576 -5.4162 -0.0082 15.5963 -0.3445 -7.5047 74.5358 0.0000 0.0000 8.6016 -0.9129 -11.3539 -1.6929 -0.0000 0.0000 0.0000 -0.0000 -0.0000 0.0000 -6.0478 2.5541 -13.4806 6.7147 14.0736 -78.7711 -0.0000 0.0000 5.5220 4.2439 5.2932 -7.1039 -0.0000 0.0000 0.0000 0.0000 -0.0000 0.0000 -1.706775 5.157060 1.222455 24.244375 0.000000 0.000000 -20.675055 -0.870085 5.055355 -0.277100 0.000000 0.000000 -20.388960 -5.657330 7.585355 5.544490 0.000000 0.000000 -4.756195 7.643615 1.236615 -9.409715 0.000000 0.000000
-0.5712 -96.6670 23.5529 -1.2342 3.7418 169.0875 -4.3518 -5.9868 -0.3986 -2.6695 -4.2239 -0.1845 7.2323 12.6826 10.7410 -2.6719 4.4803 -0.2136 -18.4630 0.6746 4.5295 4.2127 -6.0105 2.0389 -4.9855 -1.0710 15.3823 0.0217 -6.6806 74.9878 0.0000 0.0000 8.5229 -1.1465 -11.3014 -1.5030 0.0000 -0.0000 0.0000 -0.0000 -0.0000 -0.0000 -6.3302 3.3305 -12.8152 6.5146 12.2727 -79.0271 -0.0000 0.0000 5.5332 3.8830 4.7580 -7.1325 -0.0000 0.0000 0.0000 -0.0000 0.0000 0.0000 -0.107075 6.636230 0.697835 23.924095 0.000000 0.000000 -20.488140 -2.295790 6.428360 -0.993480 0.000000 0.000000 -18.516070 -4.046835 7.107570 3.622980 0.000000 0.000000 -2.444110 6.106645 1.427270 -9.933145 0.000000 0.000000
-0.9477 -95.8360 23.5113 -0.1942 4.9143 167.8951 -4.8686 -3.8860 -0.5238 -3.1821 -5.1892 -0.4247 7.9450 13.1172 11.1764 -2.5112 3.8277 0.1245 -18.4418 -1.6606 3.6286 4.6234 -7.3777 1.7089 -4.3478 -3.4011 15.0955 0.1731 -4.7925 75.4414 0.0000 0.0000 8.3177 -1.6526 -11.5343 -1.3652 -0.0000 -0.0000 -0.0000 -0.0000 -0.0000 0.0000 -6.7935 4.2648 -12.2856 6.3253 10.2556 -79.1984 -0.0000 0.0000 5.5221 3.9020 4.9399 -7.1609 0.0000 -0.0000 0.0000 -0.0000 0.0000 -0.0000 1.804065 9.541190 -0.122840 24.055675 0.000000 0.000000 -19.941250 -3.982020 8.227555 -1.975910 0.000000 0.000000 -15.841460 -1.582940 5.509740 1.702235 0.000000 0.000000 1.651445 4.919620 2.795005 -10.203615 0.000000 0.000000
-1.3557 -94.9052 23.5171 2.0446 7.1748 167.2462 -5.0691 -1.2325 -0.4529 -3.4804 -5.2673 -0.5105 8.6758 14.1326 11.1649 -2.3812 2.9938 0.3734 -17.8961 -4.9431 2.2531 5.2731 -9.4795 1.2994 -3.4915 -6.1642 14.5536 0.3929 -3.1624 75.5599 0.0000 0.0000 8.3000 -1.5189 -11.5168 -1.3874 0.0000 -0.0000 -0.0000 -0.0000 0.0000 0.0000 -7.3061 4.9172 -12.3406 6.3080 8.6272 -79.2205 -0.0000 0.0000 5.2936 3.9493 5.1527 -7.1319 0.0000 0.0000 0.0000 0.0000 -0.0000 0.0000 4.608385 13.608270 -1.219850 24.601460 0.000000 0.000000 -18.650100 -5.405855 9.767840 -3.350785 0.000000 0.000000 -12.864590 1.893560 2.349780 1.270860 0.000000 0.000000 4.705495 4.957020 5.875915 -9.713845 0.000000 0.000000
-1.7512 -93.9502 23.5933 4.3510 9.3792 166.8545 -5.3388 0.4061 -0.1768 -3.5375 -4.2990 -0.2891 8.7740 15.5297 11.0952 -2.1265 2.2279 0.5312 -16.5996 -9.4053 0.5778 5.7864 -12.3654 0.8032 -2.6188 -7.5909 13.8385 1.4092 -3.3576 75.1368 0.0000 0.0000 8.6491 -0.9758 -10.5458 -1.3154 0.0000 0.0000 -0.0000 -0.0000 -0.0000 0.0000 -7.8716 5.2072 -12.7591 6.6786 8.1422 -79.4020 -0.0000 0.0000 4.9190 3.8497 4.8851 -7.0472 0.0000 0.0000 -0.0000 0.0000 -0.0000 -0.0000 7.216185 17.337900 -1.705625 25.595280 0.000000 0.000000 -16.206690 -6.313230 10.480650 -5.319045 0.000000 0.000000 -10.180715 5.426500 -0.099155 2.126385 0.000000 0.000000 4.453130 4.983285 8.651675 -9.098615 0.000000 0.000000
-2.0806 -93.0525 23.7256 6.0046 10.3035 165.8941 -5.7386 0.8988 0.2583 -3.4832 -3.5471 -0.0781 8.2781 16.6496 11.5901 -1.7345 1.7639 0.6870 -15.2562 -14.4113 -0.7774 5.8946 -15.2021 0.2252 -2.0600 -7.1161 13.3853 3.4842 -5.0673 74.4701 0.0000 0.0000 8.8621 -1.2744 -9.2820 -1.0027 0.0000 -0.0000 0.0000 0.0000 -0.0000 -0.0000 -8.5770 5.3469 -12.8137 7.3478 8.7332 -80.0234 -0.0000 0.0000 4.5087 3.5758 4.4190 -6.9987 0.0000 0.0000 0.0000 0.0000 -0.0000 -0.0000 8.086670 19.593885 -0.616095 27.831715 0.000000 0.000000 -12.641195 -6.760670 10.603220 -7.352925 0.000000 0.000000 -7.247960 7.716230 -0.215775 2.211725 0.000000 0.000000 2.505695 3.715765 9.473455 -8.923005 0.000000 0.000000
-2.3358 -92.2535 23.8441 7.5154 10.2041 164.2837 -5.7628 1.3296 0.7021 -3.3254 -3.1445 0.0558 7.8079 16.7642 12.2957 -1.4436 1.3341 0.9484 -14.5405 -18.6720 -1.6523 5.5504 -16.8335 -0.5219 -1.9619 -6.1598 13.4119 5.7255 -6.4431 74.0020 0.0000 0.0000 8.4541 -2.2842 -9.2654 -0.7743 -0.0000 -0.0000 0.0000 -0.0000 0.0000 0.0000 -9.2044 5.0674 -12.4191 7.6998 9.3271 -80.9338 -0.0000 0.0000 4.2262 3.2682 4.2665 -7.0026 -0.0000 0.0000 0.0000 0.0000 0.0000 0.0000 6.723015 20.804880 1.558970 32.686660 0.000000 0.000000 -8.448145 -6.774950 10.797870 -7.828330 0.000000 0.000000 -3.772905 8.968875 0.471280 1.046460 0.000000 0.000000 1.118920 2.094900 9.523520 -8.953775 0.000000 0.000000
-2.5527 -91.5830 23.8757 9.1266 10.6052 162.7390 -5.4328 2.8015 1.2049 -3.1300 -2.1628 0.2658 7.7967 15.7859 12.4775 -1.3876 0.6195 1.3040 -14.4482 -21.0482 -2.4811 4.9146 -17.0949 -1.4432 -2.0219 -6.1235 13.4763 6.8449 -6.5311 73.8655 0.0000 0.0000 7.8211 -2.2383 -10.4957 -0.9366 -0.0000 -0.0000 -0.0000 0.0000 -0.0000 -0.0000 -9.4151 4.0934 -12.1986 7.0365 8.8758 -81.7571 -0.0000 0.0000 4.2686 3.1680 4.4441 -6.9500 -0.0000 -0.0000 0.0000 0.0000 -0.0000 -0.0000 3.289525 22.163690 3.702330 40.343885 0.000000 0.000000 -4.489950 -6.574350 10.665780 -5.572770 0.000000 0.000000 -0.680860 10.542395 0.148280 -0.194795 0.000000 0.000000 0.543385 1.119780 10.431065 -8.879910 0.000000 0.000000
-2.7477 -91.0355 23.8330 10.4919 11.9927 161.8182 -5.2509 5.0497 1.7567 -3.0401 -0.4751 0.6518 8.2624 14.2830 11.9862 -1.4058 -0.1404 1.6325 -14.4833 -21.3864 -3.5050 4.3119 -16.8070 -2.3996 -1.7137 -6.6050 13.3021 6.5742 -6.3587 73.8675 0.0000 0.0000 7.8678 -0.7309 -10.9677 -1.0470 -0.0000 0.0000 0.0000 -0.0000 0.0000 -0.0000 -9.4110 2.9761 -12.3805 5.5960 7.3781 -82.3550 -0.0000 0.0000 4.6493 3.3782 4.4684 -6.6933 0.0000 -0.0000 -0.0000 -0.0000 -0.0000 -0.0000 -1.370770 23.801130 5.463360 48.642860 0.000000 0.000000 -2.277485 -6.857400 8.765945 -2.888130 0.000000 0.000000 1.480095 12.756730 -1.456605 -1.027200 0.000000 0.000000 -0.045240 0.560735 12.212410 -8.769750 0.000000 0.000000
-2.8872 -90.5713 23.8041 11.3229 12.8370 161.5811 -5.2571 6.5418 2.1663 -3.0192 0.6273 0.8982 8.9099 13.3326 11.3490 -1.2776 -0.4899 1.7739 -14.2261 -20.6030 -4.4041 4.0014 -16.5552 -3.2636 -1.0136 -6.6559 13.1735 5.9627 -7.2283 73.7345 0.0000 0.0000 8.7143 0.0713 -9.4445 -0.6505 0.0000 -0.0000 0.0000 0.0000 0.0000 0.0000 -9.7071 2.4685 -12.5189 4.4299 5.7381 -83.0750 -0.0000 0.0000 5.1193 3.6672 3.8403 -6.0570 -0.0000 -0.0000 0.0000 -0.0000 0.0000 0.0000 -5.907305 24.144445 6.721955 55.091725 0.000000 0.000000 -3.223365 -7.370970 4.613780 -2.824295 0.000000 0.000000 3.323490 14.229865 -3.024345 -1.878645 0.000000 0.000000 -0.729490 -0.092405 13.394675 -8.727760 0.000000 0.000000
-2.9616 -90.1791 23.8298 11.4569 12.4872 161.9527 -5.3551 6.9347 2.3754 -3.0671 0.7984 0.9157 9.5433 12.8129 10.7578 -1.0237 -0.3908 1.6840 -13.6655 -19.3885 -4.7195 4.0482 -16.3110 -3.9179 -0.4851 -6.1688 13.3657 6.0714 -9.0343 73.3652 0.0000 0.0000 9.4770 -1.3729 -7.3877 0.0856 0.0000 0.0000 -0.0000 -0.0000 -0.0000 0.0000 -10.0183 2.6734 -12.2164 3.7598 4.7479 -84.3691 -0.0000 0.0000 5.3317 3.7243 2.7312 -5.2112 -0.0000 -0.0000 0.0000 -0.0000 0.0000 0.0000 -9.884710 22.715340 7.020645 58.666230 0.000000 0.000000 -6.436960 -6.485780 0.079370 -3.891385 0.000000 0.000000 4.655185 14.364675 -3.227580 -2.299650 0.000000 0.000000 -1.367670 -0.540270 12.918590 -8.760145 0.000000 0.000000
-2.9897 -89.8543 23.8808 11.2335 11.7341 162.8456 -5.3394 7.2192 2.4252 -3.0811 0.7376 0.8598 9.9682 12.0378 10.1695 -0.8149 -0.2382 1.5662 -13.0584 -17.8439 -4.5208 4.4868 -15.8166 -4.2035 -0.4996 -5.6788 13.6330 6.9034 -10.6305 72.8953 0.0000 0.0000 9.4750 -3.2990 -6.8857 0.4926 0.0000 0.0000 0.0000 -0.0000 0.0000 0.0000 -9.0831 2.9548 -11.9242 2.4162 4.4384 -86.1431 -0.0000 0.0000 5.1320 3.3941 2.0573 -4.7351 -0.0000 0.0000 0.0000 0.0000 0.0000 0.0000 -13.351010 20.610145 6.557140 59.399185 0.000000 0.000000 -9.325855 -4.255550 -2.204580 -3.338545 0.000000 0.000000 5.078230 13.920805 -2.160745 -1.512720 0.000000 0.000000 -2.340070 -0.373755 11.128490 -8.978170 0.000000 0.000000
-2.9859 -89.5790 23.9194 10.9928 11.1626 163.9713 -5.1492 7.8327 2.3850 -2.9917 0.9484 0.8717 10.2133 10.8644 9.6895 -0.7124 -0.2698 1.5653 -12.6773 -16.0911 -4.1838 5.2846 -14.9900 -4.0025 -0.7831 -5.4714 13.6212 7.8362 -10.9262 72.5621 0.0000 0.0000 8.9150 -3.2841 -7.9590 0.2239 0.0000 0.0000 -0.0000 0.0000 -0.0000 0.0000 -6.6392 2.8754 -12.2517 -0.1350 4.2951 -87.9614 -0.0000 0.0000 4.7825 2.8321 2.4724 -4.9057 0.0000 -0.0000 0.0000 0.0000 0.0000 -0.0000 -16.397665 18.615620 6.138430 57.666120 0.000000 0.000000 -10.806640 -2.796440 -1.784935 -1.481550 0.000000 0.000000 4.963565 13.492575 -0.952130 0.053660 0.000000 0.000000 -3.723190 -0.076170 9.196015 -9.355995 0.000000 0.000000
-2.9610 -89.3174 23.9431 10.9382 10.6253 164.9796 -4.8326 8.3349 2.3417 -2.8554 1.2474 0.9124 10.5329 9.7680 9.3357 -0.6297 -0.3811 1.6561 -12.5593 -14.4065 -3.8667 6.1537 -14.0829 -3.4420 -0.9535 -5.3628 13.4157 8.5288 -10.0816 72.4373 0.0000 0.0000 8.4190 -1.6119 -9.1755 -0.0834 0.0000 0.0000 0.0000 -0.0000 0.0000 0.0000 -4.3763 2.5219 -13.0028 -2.4690 4.0936 -89.5536 -0.0000 0.0000 4.6339 2.6284 3.4892 -5.2718 0.0000 0.0000 0.0000 -0.0000 -0.0000 0.0000 -18.684930 16.899385 5.845945 53.414420 0.000000 0.000000 -10.978000 -3.244050 -0.464885 -0.380460 0.000000 0.000000 5.273050 13.078115 -0.402350 1.050710 0.000000 0.000000 -4.872390 -0.390925 7.859985 -9.512225 0.000000 0.000000
-2.9368 -89.0503 23.9590 10.8689 10.1772 165.9096 -4.6836 8.4612 2.3561 -2.7759 1.4535 0.9291 11.0823 9.1126 8.9209 -0.5357 -0.3927 1.6677 -12.5495 -13.0641 -3.5522 6.7136 -13.4479 -2.8713 -0.9264 -5.3339 13.3750 8.9155 -9.3791 72.2639 0.0000 0.0000 8.3393 -0.6208 -9.5663 -0.1170 -0.0000 -0.0000 0.0000 -0.0000 -0.0000 0.0000 -3.7419 2.1902 -13.5273 -3.1185 4.0142 -90.9642 -0.0000 0.0000 4.7410 3.2135 4.1878 -5.2626 0.0000 0.0000 0.0000 0.0000 0.0000 -0.0000 -20.098225 15.924095 4.667420 46.654285 0.000000 0.000000 -9.538610 -4.388915 0.170490 -0.288320 0.000000 0.000000 6.070350 12.715250 -0.672820 1.038300 0.000000 0.000000 -5.341080 -1.246790 7.214240 -9.169505 0.000000 0.000000
-2.9262 -88.7735 23.9642 10.6963 10.0458 166.9703 -4.6193 8.4253 2.3624 -2.7632 1.6089 0.9286 11.6094 8.8471 8.4027 -0.4673 -0.3127 1.5676 -12.5128 -12.1542 -3.3586 6.8353 -13.1259 -2.6258 -0.8720 -5.4131 13.5044 9.0611 -9.8964 71.8557 0.0000 0.0000 8.5749 -1.4519 -9.4166 -0.1809 0.0000 -0.0000 -0.0000 -0.0000 -0.0000 0.0000 -4.2523 1.9448 -13.6485 -2.4341 4.1634 -92.2875 -0.0000 0.0000 4.9241 4.1419 4.3982 -4.9445 0.0000 -0.0000 -0.0000 0.0000 0.0000 0.0000 -20.726545 16.047430 1.585235 38.190410 0.000000 0.000000 -5.894830 -4.938950 0.337685 -0.160395 0.000000 0.000000 6.951120 12.550435 -1.518315 0.594430 0.000000 0.000000 -5.469430 -1.901460 7.000125 -8.622275 0.000000 0.000000
-2.9160 -88.4965 23.9651 10.2939 10.0732 168.1322 -4.6298 8.2255 2.3459 -2.8161 1.7849 0.9446 12.0193 8.7382 7.9569 -0.4313 -0.2700 1.4620 -12.5249 -11.5943 -3.5042 6.5909 -12.6620 -2.8861 -0.7707 -5.7810 13.5268 8.9427 -10.7846 71.3786 0.0000 0.0000 8.7959 -2.8881 -9.4036 -0.3666 0.0000 0.0000 -0.0000 0.0000 -0.0000 -0.0000 -4.3801 1.9031 -13.6797 -1.9953 4.2699 -93.3946 -0.0000 0.0000 4.9885 4.6320 4.5754 -4.7776 0.0000 0.0000 -0.0000 0.0000 0.0000 -0.0000 -20.854980 16.591855 -3.181225 29.082660 0.000000 0.000000 -0.185465 -5.163520 1.079140 0.010030 0.000000 0.000000 7.495630 12.425230 -2.147485 0.366630 0.000000 0.000000 -5.872925 -1.943875 6.591275 -8.245130 0.000000 0.000000
-2.8785 -88.2122 23.9702 9.7057 9.9639 169.3100 -4.7910 7.9530 2.4046 -2.9556 1.8430 0.9508 12.4660 8.4457 7.6098 -0.3681 -0.3319 1.4424 -12.5904 -10.9857 -4.0945 6.1658 -11.5150 -3.7606 -0.5163 -6.4257 13.3366 8.6885 -10.5979 71.1686 0.0000 0.0000 8.7691 -3.3053 -9.6212 -0.5243 -0.0000 -0.0000 -0.0000 0.0000 0.0000 -0.0000 -3.7300 2.0862 -13.8538 -2.2400 4.2273 -94.0648 -0.0000 0.0000 4.9167 4.4751 4.8076 -4.8798 -0.0000 0.0000 0.0000 0.0000 -0.0000 0.0000 -20.393770 16.628830 -8.507240 19.731045 0.000000 0.000000 5.746175 -4.859560 3.111235 -0.640305 0.000000 0.000000 7.705665 12.096110 -2.106685 0.557115 0.000000 0.000000 -6.677365 -1.663035 5.605445 -7.996760 0.000000 0.000000
-2.7941 -87.8833 23.9620 9.3213 10.0069 170.6459 -4.9284 8.3961 2.6014 -3.0392 1.6331 0.8928 12.7577 7.5523 7.1755 -0.2515 -0.4550 1.4810 -12.3766 -9.8352 -5.0317 5.9116 -9.6464 -5.2443 -0.2619 -6.7620 13.0862 8.6750 -9.9046 71.2903 0.0000 0.0000 8.6143 -2.5497 -9.8004 -0.5627 0.0000 -0.0000 -0.0000 -0.0000 -0.0000 -0.0000 -3.4253 1.9277 -14.0499 -1.8740 4.6042 -94.3055 -0.0000 0.0000 4.8464 4.2299 4.6846 -4.9296 0.0000 0.0000 -0.0000 0.0000 0.0000 0.0000 -19.414060 16.259335 -12.505810 11.140435 0.000000 0.000000 8.922710 -3.510695 5.946750 -2.393855 0.000000 0.000000 8.012260 11.800395 -1.880840 1.100265 0.000000 0.000000 -7.695580 -1.399535 4.255390 -7.743970 0.000000 0.000000
-2.6705 -87.5069 23.9322 9.0989 10.3815 172.1933 -4.9936 9.5048 2.8465 -2.9572 1.2877 0.7833 12.6441 6.2456 6.6045 -0.1414 -0.5334 1.5083 -11.7927 -8.2323 -6.0695 6.0616 -7.6114 -6.9874 -0.1626 -6.6205 12.8661 8.9370 -10.0442 71.5281 0.0000 0.0000 8.6144 -1.7926 -9.9350 -0.5157 0.0000 -0.0000 -0.0000 0.0000 -0.0000 -0.0000 -3.8112 1.3026 -14.1026 -0.5638 5.3178 -94.3901 -0.0000 0.0000 4.9728 4.4520 4.3324 -4.7484 0.0000 0.0000 0.0000 0.0000 -0.0000 0.0000 -19.097180 16.285515 -12.500880 5.769030 0.000000 0.000000 7.906110 -2.071985 7.202115 -4.340610 0.000000 0.000000 8.401390 11.670090 -1.808590 1.954090 0.000000 0.000000 -8.868325 -1.130850 2.822630 -7.550085 0.000000 0.000000
-2.5154 -87.0962 23.9148 9.1304 10.3208 173.7423 -4.8047 9.9595 2.8656 -2.7919 1.0663 0.6887 12.4567 5.0350 6.0446 -0.0728 -0.5215 1.4954 -11.1727 -6.6825 -6.7934 6.4164 -6.0409 -8.3460 -0.1800 -6.4287 12.6987 9.1476 -10.9733 71.7285 0.0000 0.0000 8.8465 -1.8512 -10.1976 -0.3658 0.0000 -0.0000 0.0000 -0.0000 0.0000 0.0000 -3.8353 0.9124 -13.9949 0.2997 5.5306 -94.5068 -0.0000 0.0000 5.3972 4.9768 4.4795 -4.5108 0.0000 -0.0000 -0.0000 0.0000 0.0000 0.0000 -19.444575 16.666485 -10.514600 4.384125 0.000000 0.000000 5.243400 -1.292960 7.580110 -5.349050 0.000000 0.000000 9.199370 11.092685 -1.868685 2.678545 0.000000 0.000000 -10.044725 -0.747330 1.519070 -7.449105 0.000000 0.000000
-2.3268 -86.6536 23.9153 9.3916 9.7278 175.0658 -4.5925 9.6401 2.7595 -2.6512 1.0147 0.6189 12.5426 3.9696 5.5621 0.0158 -0.4824 1.4829 -10.7196 -5.4463 -6.9430 6.6944 -5.1149 -8.8805 -0.2588 -6.3474 12.5943 9.1705 -11.7765 71.9164 0.0000 0.0000 9.1255 -2.3405 -10.5298 -0.1623 0.0000 -0.0000 -0.0000 -0.0000 -0.0000 0.0000 -3.3854 0.8658 -13.8054 0.4055 5.4772 -94.5853 -0.0000 0.0000 5.8949 5.4242 5.1687 -4.3911 0.0000 -0.0000 -0.0000 -0.0000 0.0000 0.0000 -20.230910 17.021870 -8.789100 6.284640 0.000000 0.000000 3.568220 -1.629135 8.494795 -5.272210 0.000000 0.000000 10.556395 9.997375 -2.328535 2.798310 0.000000 0.000000 -10.992815 -0.348255 0.807450 -7.358835 0.000000 0.000000
-2.0909 -86.1648 23.9120 9.7436 8.9551 176.2141 -4.5945 9.0423 2.7121 -2.6420 1.0746 0.5791 12.9622 3.0315 5.1233 0.1596 -0.4648 1.4670 -10.4405 -4.5191 -6.6726 6.9395 -4.5224 -8.7577 -0.3889 -6.4466 12.5492 9.0621 -11.9395 72.0683 0.0000 0.0000 9.3173 -2.4806 -10.7595 -0.1410 -0.0000 -0.0000 -0.0000 -0.0000 -0.0000 0.0000 -4.2358 0.5040 -13.5903 1.6650 6.2234 -94.6144 -0.0000 0.0000 6.1263 5.8023 5.5373 -4.3473 0.0000 -0.0000 -0.0000 -0.0000 0.0000 0.0000 -21.109215 17.132795 -6.455425 10.159450 0.000000 0.000000 2.623020 -2.628905 8.468955 -4.525570 0.000000 0.000000 12.325755 8.621395 -3.381175 2.339565 0.000000 0.000000 -11.708770 0.037815 0.873495 -7.319820 0.000000 0.000000
-1.8007 -85.6402 23.8858 9.7621 8.1973 177.1694 -4.9950 8.2229 2.7773 -2.8619 1.2149 0.5773 13.5699 2.4283 4.7704 0.2662 -0.4310 1.4065 -10.3397 -3.7516 -6.2807 7.2566 -3.8974 -8.4666 -0.5597 -6.9593 12.5606 8.8533 -11.5658 72.1112 0.0000 0.0000 9.4938 -2.1495 -10.9248 -0.3852 0.0000 0.0000 0.0000 -0.0000 0.0000 0.0000 -7.2086 -0.1322 -13.3564 5.0327 7.7475 -94.6556 -0.0000 0.0000 6.0621 6.1514 5.1063 -4.2629 0.0000 0.0000 0.0000 -0.0000 0.0000 0.0000 -22.403935 16.680085 -2.958440 15.372670 0.000000 0.000000 0.869980 -3.948785 6.474600 -3.549600 0.000000 0.000000 13.876495 7.115790 -4.472745 1.793185 0.000000 0.000000 -12.467225 0.503870 1.271380 -7.394280 0.000000 0.000000
-1.4607 -85.0741 23.8207 9.4937 7.6256 177.8410 -5.5688 7.3701 2.9457 -3.1875 1.3228 0.5949 14.0046 2.2065 4.4450 0.2615 -0.3066 1.2840 -10.2475 -2.9685 -5.8808 7.5743 -3.1901 -8.2506 -0.6922 -7.7520 12.5911 8.6285 -10.9788 72.2153 0.0000 0.0000 9.6922 -1.8162 -11.0555 -0.5253 0.0000 0.0000 0.0000 -0.0000 -0.0000 0.0000 -10.5510 -0.4416 -13.1339 8.7507 9.2427 -94.5955 -0.0000 0.0000 6.0310 6.2653 4.3880 -4.0638 -0.0000 0.0000 0.0000 0.0000 0.0000 0.0000 -24.137680 15.585370 1.407160 21.741635 0.000000 0.000000 -1.627745 -6.350970 3.304440 -2.638485 0.000000 0.000000 15.174105 5.691530 -5.172210 1.387140 0.000000 0.000000 -13.502355 1.052460 1.558255 -7.401845 0.000000 0.000000
-1.0797 -84.4300 23.7034 9.4218 7.4637 178.4741 -5.9710 6.8762 3.1703 -3.3750 1.3153 0.5750 14.0603 2.2727 4.0182 0.2130 -0.0870 1.0473 -10.0232 -2.1338 -5.4479 7.8099 -2.4853 -7.9891 -0.8364 -8.3986 12.5669 8.5141 -10.5758 72.5087 0.0000 0.0000 9.8812 -1.7701 -11.0434 -0.3040 0.0000 0.0000 -0.0000 -0.0000 -0.0000 0.0000 -12.4773 -0.3189 -12.8794 10.9411 10.0419 -94.3504 -0.0000 0.0000 6.1820 6.2073 4.1293 -3.7459 0.0000 -0.0000 -0.0000 0.0000 0.0000 -0.0000 -24.939485 14.309180 5.183370 27.729205 0.000000 0.000000 -3.480745 -9.674980 1.589735 -1.876120 0.000000 0.000000 16.764030 4.483255 -5.746215 1.029035 0.000000 0.000000 -14.800900 1.726340 1.676830 -7.229635 0.000000 0.000000
-0.6613 -83.7134 23.5296 9.3169 7.6943 179.2244 -6.4377 6.4430 3.4029 -3.6165 1.3520 0.5910 14.1294 2.8116 3.5260 0.1640 0.2013 0.7598 -10.0100 -1.2491 -4.9787 8.0645 -1.6251 -7.5477 -1.1408 -9.0530 12.4051 8.2610 -10.6148 72.7491 0.0000 0.0000 10.1161 -1.9600 -11.2031 -0.0886 0.0000 0.0000 0.0000 -0.0000 -0.0000 0.0000 -13.8117 -0.0484 -12.5357 12.3484 9.8388 -94.1955 -0.0000 0.0000 6.2540 6.4769 4.3123 -3.4422 0.0000 -0.0000 0.0000 0.0000 0.0000 0.0000 -24.306235 13.218460 7.472505 31.767300 0.000000 0.000000 -4.423140 -11.428275 2.703320 -1.058080 0.000000 0.000000 18.233850 3.438435 -5.836655 1.099925 0.000000 0.000000 -16.379095 2.814765 1.276480 -7.130185 0.000000 0.000000
-0.1853 -82.9638 23.2967 8.7131 7.9018 179.6090 -7.1300 5.4550 3.5851 -4.1051 1.1863 0.6110 14.3133 4.3133 3.4763 -0.0283 0.5710 0.4869 -10.5263 -0.1303 -4.4325 8.5225 -0.3511 -7.0463 -1.5523 -10.2401 12.1309 7.3523 -11.2985 72.7539 0.0000 0.0000 10.6069 -2.3048 -12.1603 -0.3735 0.0000 -0.0000 -0.0000 -0.0000 -0.0000 0.0000 -15.4241 0.3851 -11.9402 14.0210 8.9755 -94.3251 -0.0000 0.0000 6.1300 6.8363 4.1932 -3.3136 0.0000 0.0000 0.0000 0.0000 0.0000 -0.0000 -23.536135 11.604650 9.413565 34.603155 0.000000 0.000000 -6.455830 -10.039715 4.105905 -0.098685 0.000000 0.000000 18.826215 2.382395 -4.500030 2.242410 0.000000 0.000000 -18.432355 4.430105 0.009725 -7.152115 0.000000 0.000000
0.3860 -82.2043 23.0275 7.8789 7.1921 179.0547 -7.6220 3.7037 3.7008 -4.5612 0.0619 0.4059 14.1226 6.7088 4.0888 -0.5415 1.0244 0.2428 -11.3360 1.3905 -3.7185 9.1099 1.1926 -6.7234 -1.8303 -12.0730 12.0157 5.5276 -12.4607 72.6949 0.0000 0.0000 11.7073 -2.7052 -13.8340 -1.0288 0.0000 -0.0000 -0.0000 0.0000 -0.0000 -0.0000 -15.4835 1.6595 -10.9584 14.5994 8.2535 -94.2828 -0.0000 0.0000 6.1056 5.9641 3.4387 -3.2092 0.0000 0.0000 0.0000 0.0000 0.0000 0.0000 -23.516925 8.031165 12.538505 37.933030 0.000000 0.000000 -10.446410 -7.185075 2.285120 0.534990 0.000000 0.000000 18.781590 0.693785 -1.901410 4.501965 0.000000 0.000000 -21.010405 6.203885 -1.344665 -6.832175 0.000000 0.000000
1.0455 -81.4464 22.8010 7.5031 5.0625 178.0442 -7.4607 1.8960 3.6915 -4.6492 -2.3108 -0.1579 13.3472 8.9016 4.8143 -1.2676 1.4440 -0.0133 -11.9767 2.8980 -2.9293 9.5238 2.4335 -6.6626 -2.0193 -13.8902 12.3356 3.1690 -13.6768 72.6363 0.0000 0.0000 13.9024 -2.6478 -14.9906 -1.4308 0.0000 0.0000 -0.0000 -0.0000 -0.0000 0.0000 -12.4684 4.2974 -9.9949 13.0923 8.1693 -93.5121 -0.0000 0.0000 6.3253 3.6228 2.6810 -3.0156 0.0000 -0.0000 0.0000 -0.0000 0.0000 0.0000 -23.235575 2.472335 15.931790 41.449140 0.000000 0.000000 -14.234180 -4.909795 -2.429660 0.703120 0.000000 0.000000 18.820945 -2.153460 0.270170 7.623250 0.000000 0.000000 -23.509745 7.707025 -1.435275 -6.202495 0.000000 0.000000
1.7146 -80.7381 22.7258 7.3173 2.1577 177.9602 -7.2751 0.7599 3.4187 -4.7622 -4.4486 -0.7188 12.9272 9.3449 4.7472 -1.8400 1.6618 -0.2418 -12.4686 3.4006 -2.4010 9.5530 2.9697 -6.7029 -2.5664 -14.8438 12.8848 0.7599 -14.7750 72.3274 0.0000 0.0000 17.3158 -1.5430 -14.3699 -1.1879 0.0000 -0.0000 -0.0000 -0.0000 -0.0000 0.0000 -8.5033 7.4222 -9.8141 11.7870 8.2828 -92.2572 -0.0000 0.0000 6.5265 1.7580 2.9296 -2.9850 0.0000 -0.0000 0.0000 -0.0000 -0.0000 0.0000 -21.932610 -2.878075 17.350865 43.019515 0.000000 0.000000 -16.187310 -3.316300 -6.588965 0.767380 0.000000 0.000000 18.043195 -5.835490 1.092290 12.250225 0.000000 0.000000 -24.621630 8.769185 -0.555015 -6.286815 0.000000 0.000000
2.3207 -80.1431 22.8383 6.5125 -0.5134 179.4773 -7.7200 0.1959 2.7759 -5.3674 -4.6661 -0.8448 13.3278 7.7694 3.6503 -2.0291 1.5504 -0.3912 -13.0931 2.2236 -2.3778 9.2405 2.9132 -6.5588 -3.5171 -14.6597 13.0645 -1.8789 -16.1809 71.8119 0.0000 0.0000 21.2567 0.1155 -12.2868 -0.7950 0.0000 0.0000 0.0000 0.0000 -0.0000 -0.0000 -5.9707 9.2954 -10.5235 12.8384 7.8304 -91.2620 -0.0000 0.0000 6.4657 1.8138 5.1933 -3.3703 0.0000 -0.0000 -0.0000 0.0000 -0.0000 -0.0000 -20.244000 -6.295075 16.275615 41.554795 0.000000 0.000000 -16.429560 -1.527985 -8.344555 0.855440 0.000000 0.000000 14.553775 -9.731805 1.264330 19.452615 0.000000 0.000000 -23.194905 9.022910 -0.466020 -7.632195 0.000000 0.000000
2.8428 -79.6733 23.0538 5.2493 -2.7230 -178.0117 -8.1463 -0.3319 1.8381 -5.6538 -3.2414 -0.5257 13.0761 5.3358 2.1573 -1.9789 1.1704 -0.4600 -13.7286 -0.1297 -2.8080 8.7181 2.5246 -6.1464 -4.3363 -13.2601 12.4795 -4.9495 -18.6104 71.6499 0.0000 0.0000 24.5230 0.6490 -9.9401 -0.6387 0.0000 -0.0000 0.0000 -0.0000 0.0000 0.0000 -4.2374 9.4985 -11.8677 14.8739 7.2131 -90.7890 -0.0000 0.0000 6.1694 3.0830 9.2014 -4.1618 0.0000 -0.0000 0.0000 -0.0000 0.0000 -0.0000 -18.688245 -8.252200 13.949420 38.190580 0.000000 0.000000 -15.795460 0.340400 -8.858210 0.862240 0.000000 0.000000 8.340360 -13.353400 0.856160 28.796325 0.000000 0.000000 -19.672590 7.394310 -1.329875 -9.058155 0.000000 0.000000
3.2626 -79.2833 23.2590 4.5796 -4.4331 -175.6000 -7.5464 -1.0162 1.0004 -5.0170 -1.9301 -0.2578 11.6607 3.6453 0.8414 -2.0417 0.7710 -0.5171 -14.1666 -2.5907 -3.4538 7.9530 1.8629 -5.7899 -4.8662 -10.7518 11.3944 -8.0707 -21.8318 72.0750 0.0000 0.0000 26.2494 -1.2674 -7.6484 -0.4541 0.0000 -0.0000 0.0000 0.0000 -0.0000 -0.0000 -2.2627 8.7703 -13.2653 15.8301 8.0506 -90.6419 -0.0000 0.0000 5.8532 3.3291 12.8293 -4.7358 0.0000 0.0000 0.0000 0.0000 -0.0000 0.0000 -17.041285 -9.694565 11.986770 34.875580 0.000000 0.000000 -15.020345 1.529125 -9.541100 0.862835 0.000000 0.000000 1.515965 -15.801400 -0.670015 38.323550 0.000000 0.000000 -16.487810 4.615745 -1.521805 -9.274225 0.000000 0.000000
3.5625 -78.9407 23.4042 4.6817 -5.2535 -174.0693 -6.1682 -1.6157 0.5212 -4.0877 -1.4065 -0.1668 10.4007 3.0147 0.0370 -2.2868 0.5634 -0.5909 -14.4927 -4.5192 -4.1565 6.9571 0.9489 -5.9101 -5.4962 -7.8920 10.3739 -10.7501 -24.3373 72.6780 0.0000 0.0000 26.4529 -4.5884 -4.9918 -0.0558 -0.0000 0.0000 -0.0000 0.0000 -0.0000 -0.0000 -0.7996 8.0969 -13.9824 15.9543 10.5322 -90.6427 -0.0000 0.0000 5.5501 2.3198 14.1567 -4.5596 -0.0000 0.0000 0.0000 -0.0000 0.0000 0.0000 -15.308390 -10.487870 10.661280 32.567235 0.000000 0.000000 -14.497000 2.033430 -9.756150 0.993735 0.000000 0.000000 -4.393405 -16.438220 -2.371885 46.414445 0.000000 0.000000 -15.681245 3.164285 -0.931310 -8.900395 0.000000 0.000000
3.7674 -78.6347 23.4972 4.8459 -5.2783 -173.8513 -5.0337 -2.1155 0.3162 -3.4678 -1.4039 -0.1558 10.0349 3.1135 0.1354 -2.4738 0.5170 -0.5778 -14.7412 -5.7848 -4.8773 6.1507 -0.0436 -6.5810 -6.3493 -5.7243 9.7947 -12.7995 -24.9526 72.9908 0.0000 0.0000 25.8564 -6.4809 -1.8860 0.2828 0.0000 -0.0000 -0.0000 -0.0000 0.0000 0.0000 -0.4687 7.9014 -13.9813 16.1805 12.7990 -90.6214 -0.0000 0.0000 5.0617 1.9082 12.7944 -4.4096 -0.0000 0.0000 0.0000 -0.0000 -0.0000 0.0000 -13.857780 -10.443245 9.287850 31.074635 0.000000 0.000000 -14.327170 2.383630 -8.341750 1.156000 0.000000 0.000000 -9.191570 -15.938760 -2.597815 52.080800 0.000000 0.000000 -16.820330 3.264755 -0.471375 -8.857470 0.000000 0.000000
3.9207 -78.3465 23.5611 4.6637 -4.9890 -174.9231 -4.6174 -2.6620 0.2446 -3.2698 -1.6160 -0.1399 10.3603 3.5549 1.0335 -2.4559 0.5140 -0.3716 -14.8227 -6.4283 -5.5116 6.0537 -1.0208 -7.4576 -7.0699 -4.6398 9.7090 -14.1912 -24.2110 73.0526 0.0000 0.0000 25.1811 -5.6957 1.1002 0.2269 0.0000 -0.0000 0.0000 -0.0000 0.0000 0.0000 -0.7538 7.8303 -13.7503 16.4152 13.7949 -90.3141 -0.0000 0.0000 4.5000 2.4802 10.1381 -4.7875 0.0000 -0.0000 0.0000 0.0000 0.0000 0.0000 -12.911475 -9.987985 7.896995 30.143120 0.000000 0.000000 -14.483230 2.751680 -5.792855 1.215160 0.000000 0.000000 -13.046405 -15.441510 -0.788845 54.814400 0.000000 0.000000 -17.854440 3.357320 -0.044845 -8.861380 0.000000 0.000000
4.0450 -78.0511 23.6109 4.4255 -4.7340 -176.5575 -4.5728 -3.2709 0.2281 -3.2261 -1.8321 -0.1279 10.9019 3.9436 2.0523 -2.2797 0.5366 -0.1319 -14.7070 -6.7837 -5.8881 6.7003 -2.1740 -8.1190 -7.4602 -4.1259 9.9630 -14.7971 -23.7400 73.0035 0.0000 0.0000 24.8980 -3.8584 3.1222 -0.0649 0.0000 0.0000 -0.0000 0.0000 0.0000 -0.0000 -1.1262 7.4340 -13.5762 16.2564 14.2883 -89.5780 -0.0000 0.0000 4.2446 3.0580 7.9920 -5.1723 0.0000 -0.0000 0.0000 0.0000 0.0000 -0.0000 -12.117490 -9.639145 7.000075 29.539195 0.000000 0.000000 -14.798920 3.074000 -3.455185 1.254345 0.000000 0.000000 -15.928075 -15.362885 2.028905 54.810575 0.000000 0.000000 -17.713170 2.854545 1.129770 -8.368040 0.000000 0.000000
4.1403 -77.7386 23.6583 4.4851 -4.5133 -177.8802 -4.4518 -3.7360 0.1912 -3.1278 -1.9093 -0.1211 11.4613 4.1373 2.5673 -2.0473 0.5399 -0.0237 -14.4880 -7.3909 -5.9982 7.6135 -3.6936 -8.3448 -7.6107 -3.4973 10.3023 -14.5830 -24.1839 72.7724 0.0000 0.0000 25.0873 -2.9182 3.7762 -0.1292 0.0000 -0.0000 0.0000 -0.0000 0.0000 -0.0000 -1.6939 6.7005 -13.4087 15.8898 15.0217 -88.6479 -0.0000 0.0000 4.3792 3.2943 7.2076 -5.1398 0.0000 0.0000 -0.0000 0.0000 0.0000 -0.0000 -10.962595 -9.362980 6.448255 28.835055 0.000000 0.000000 -15.102710 3.429045 -1.676475 1.382780 0.000000 0.000000 -17.895145 -15.288000 4.371590 52.654550 0.000000 0.000000 -16.764910 2.514885 2.984130 -7.714135 0.000000 0.000000
4.2108 -77.4030 23.7155 5.0409 -4.2871 -178.6711 -3.9978 -3.9474 0.1165 -2.9193 -1.8174 -0.1015 11.9555 4.1912 2.6910 -1.7801 0.4117 0.0073 -14.1909 -8.5028 -5.9807 8.2737 -5.3396 -8.1886 -7.6390 -2.5242 10.5302 -13.7304 -24.8682 72.2823 0.0000 0.0000 25.3455 -2.6459 3.4423 0.2656 0.0000 0.0000 0.0000 0.0000 -0.0000 -0.0000 -2.4242 5.7926 -13.1975 15.6122 15.6127 -87.9757 -0.0000 0.0000 4.5154 3.4721 7.2867 -4.8505 0.0000 0.0000 -0.0000 -0.0000 0.0000 0.0000 -9.114015 -8.988980 5.788230 27.701920 0.000000 0.000000 -15.354055 3.842485 -0.072525 1.513595 0.000000 0.000000 -18.991730 -14.984890 5.640555 48.977875 0.000000 0.000000 -15.415960 2.909285 4.393175 -7.529260 0.000000 0.000000
4.2705 -77.0458 23.7771 5.8483 -4.2160 -179.3292 -3.3580 -4.1038 0.0549 -2.6171 -1.5836 -0.0485 12.2331 4.1032 2.9259 -1.4716 0.0801 0.1659 -13.7454 -9.8038 -5.9645 8.4419 -6.6036 -7.8531 -7.5248 -1.4599 10.5405 -12.5021 -25.1033 71.7969 0.0000 0.0000 25.0580 -1.8567 2.6866 1.1040 0.0000 0.0000 0.0000 -0.0000 -0.0000 0.0000 -2.9222 4.8032 -13.1015 15.4013 15.9093 -87.6932 -0.0000 0.0000 4.2930 3.5080 7.2400 -4.7523 -0.0000 -0.0000 -0.0000 -0.0000 0.0000 -0.0000 -6.853780 -8.700065 5.146820 26.263975 0.000000 0.000000 -15.561285 4.167015 1.388115 1.532380 0.000000 0.000000 -19.532755 -14.768480 6.171805 44.557110 0.000000 0.000000 -13.698195 3.930390 4.574140 -7.717790 0.000000 0.000000
4.3149 -76.6755 23.8290 6.5296 -4.2759 179.8322 -2.7777 -4.3236 0.0206 -2.3367 -1.3504 0.0204 12.3116 3.9596 3.4800 -1.1614 -0.3190 0.4409 -13.2020 -10.8496 -5.9279 8.2257 -7.2978 -7.5240 -7.2402 -0.7040 10.4037 -11.0571 -24.8859 71.7234 0.0000 0.0000 23.9827 -0.8853 1.6060 2.1924 -0.0000 0.0000 0.0000 -0.0000 0.0000 0.0000 -3.2100 3.8603 -13.2178 15.2141 16.7573 -87.4741 -0.0000 0.0000 3.8780 3.2334 6.9594 -4.9887 -0.0000 -0.0000 0.0000 -0.0000 0.0000 0.0000 -4.676335 -8.532955 4.884000 24.858415 0.000000 0.000000 -15.757720 4.309475 2.569360 1.505860 0.000000 0.000000 -19.923415 -14.686540 6.466840 40.078630 0.000000 0.000000 -11.941840 5.251205 3.746665 -7.895695 0.000000 0.000000
4.3270 -76.3075 23.8648 6.7198 -4.2175 178.7986 -2.5414 -4.5541 -0.0125 -2.2134 -1.2642 0.0686 12.4130 3.9780 4.1178 -0.9023 -0.5589 0.6950 -12.7556 -11.4922 -5.8261 7.9683 -7.6893 -7.2710 -6.8354 -0.4263 10.4139 -9.5115 -24.3849 72.0518 0.0000 0.0000 22.5165 -1.0025 0.1644 3.2564 0.0000 0.0000 -0.0000 -0.0000 0.0000 -0.0000 -3.6486 3.1943 -13.4558 15.0566 18.4420 -86.9496 -0.0000 0.0000 3.6501 3.0864 7.1286 -5.3009 -0.0000 0.0000 0.0000 0.0000 -0.0000 0.0000 -3.086580 -8.223130 4.919955 23.789965 0.000000 0.000000 -16.023600 4.290010 3.619790 1.544280 0.000000 0.000000 -20.567375 -14.425080 6.735950 35.787405 0.000000 0.000000 -10.471170 6.671980 2.314925 -8.346450 0.000000 0.000000
4.3049 -75.9346 23.8880 6.6138 -3.9606 177.7207 -2.5169 -4.7403 -0.0687 -2.1841 -1.2739 0.0847 12.6000 4.1451 4.6523 -0.6950 -0.6071 0.8340 -12.5160 -11.7575 -5.7026 7.9949 -8.0672 -7.1160 -6.3801 -0.2564 10.8182 -7.9776 -23.7904 72.3660 0.0000 0.0000 21.2728 -2.1434 -1.1467 4.2261 0.0000 -0.0000 -0.0000 0.0000 0.0000 -0.0000 -4.2816 2.8677 -13.6986 14.8289 20.0999 -86.0790 -0.0000 0.0000 3.6582 3.7227 7.8062 -5.4915 -0.0000 0.0000 -0.0000 -0.0000 -0.0000 0.0000 -1.947835 -7.667825 4.981070 23.098830 0.000000 0.000000 -16.435170 4.153670 4.668690 1.640755 0.000000 0.000000 -21.251370 -13.926215 7.055295 31.443225 0.000000 0.000000 -8.955960 8.276355 0.440165 -9.365600 0.000000 0.000000
4.2638 -75.5365 23.8960 6.5057 -3.7051 176.8275 -2.4548 -4.9031 -0.1234 -2.1526 -1.2363 0.0977 12.7475 4.2232 4.9807 -0.5217 -0.5948 0.9223 -12.4243 -11.7762 -5.7079 8.3072 -8.4025 -7.0958 -5.8894 0.1257 11.3705 -6.5330 -23.2977 72.5666 0.0000 0.0000 20.4748 -2.9823 -1.8575 5.1705 0.0000 -0.0000 0.0000 -0.0000 -0.0000 -0.0000 -4.7876 2.6346 -14.0461 14.3680 21.2172 -85.0503 -0.0000 0.0000 3.7349 5.0489 8.3118 -5.7790 0.0000 0.0000 -0.0000 0.0000 0.0000 -0.0000 -0.880150 -7.085575 5.007250 22.607445 0.000000 0.000000 -17.009260 3.959105 5.547930 1.752615 0.000000 0.000000 -21.608455 -13.383915 7.454370 26.852800 0.000000 0.000000 -7.155320 9.818510 -1.643525 -10.283345 0.000000 0.000000
4.2115 -75.1100 23.8875 6.2801 -3.5795 176.3990 -2.4515 -4.9661 -0.1995 -2.1222 -1.1395 0.1005 12.7789 4.0469 5.0309 -0.3838 -0.6365 0.9734 -12.3727 -11.7064 -5.8719 8.5870 -8.5904 -7.2076 -5.2826 0.4853 11.6315 -5.2520 -22.8086 72.9898 0.0000 0.0000 19.9521 -2.9798 -2.2058 5.8301 0.0000 0.0000 0.0000 -0.0000 -0.0000 0.0000 -5.1133 2.4087 -14.5865 13.7159 22.5098 -83.9783 -0.0000 0.0000 3.8643 6.4818 8.2822 -6.4653 0.0000 -0.0000 -0.0000 0.0000 0.0000 -0.0000 0.171640 -6.633630 4.870230 22.032930 0.000000 0.000000 -17.620070 3.741250 6.157805 1.876460 0.000000 0.000000 -21.712240 -12.701450 7.710390 22.065770 0.000000 0.000000 -5.351025 10.406370 -3.760110 -10.399540 0.000000 0.000000
4.1523 -74.6681 23.8720 5.6457 -3.6613 176.6257 -2.7038 -4.9340 -0.3559 -2.2560 -1.0783 0.0753 12.7729 3.6509 4.7126 -0.3006 -0.7075 0.9113 -12.3143 -11.7633 -6.0535 8.5717 -8.6481 -7.3996 -4.5017 0.2545 11.5744 -4.2052 -21.8421 73.7362 0.0000 0.0000 19.4555 -2.7996 -2.6932 5.9594 -0.0000 0.0000 -0.0000 0.0000 -0.0000 0.0000 -5.4092 2.3427 -15.1523 13.0245 24.2661 -82.9140 -0.0000 0.0000 4.0086 7.4504 7.9532 -7.4700 0.0000 -0.0000 -0.0000 0.0000 0.0000 0.0000 1.082500 -6.380670 4.207485 21.055685 0.000000 0.000000 -18.026455 3.486080 6.718720 1.979905 0.000000 0.000000 -21.911990 -11.748430 7.479700 17.065985 0.000000 0.000000 -3.014630 10.083455 -5.925825 -10.155080 0.000000 0.000000
4.0954 -74.2006 23.8498 4.7227 -4.0840 177.4377 -3.1527 -4.9508 -0.5906 -2.4822 -0.9912 0.0364 12.6910 3.0403 4.0953 -0.2745 -0.8281 0.7843 -12.2921 -11.9790 -6.2572 8.3522 -8.6251 -7.6311 -3.7715 -0.4656 11.4465 -3.2856 -20.5540 74.3674 0.0000 0.0000 18.9478 -2.6680 -3.2707 5.8176 0.0000 0.0000 -0.0000 0.0000 -0.0000 -0.0000 -5.5962 2.4934 -15.5665 12.4018 25.4991 -82.0928 -0.0000 0.0000 3.9209 7.6494 7.6045 -8.3931 -0.0000 0.0000 0.0000 -0.0000 -0.0000 0.0000 2.144150 -6.424700 2.889135 19.385265 0.000000 0.000000 -18.190080 3.201245 7.512875 2.013480 0.000000 0.000000 -22.100180 -10.717465 6.952445 11.873335 0.000000 0.000000 0.890780 10.622440 -7.391565 -10.108755 0.000000 0.000000
4.0368 -73.6748 23.8081 3.9436 -4.6904 178.4920 -3.4899 -4.9756 -0.8550 -2.6187 -0.7870 0.0234 12.4576 2.3094 3.4926 -0.3358 -1.0853 0.7549 -12.4709 -12.1880 -6.6852 8.1935 -8.5216 -7.9571 -3.2973 -1.1851 11.1554 -2.2892 -19.5553 74.6842 0.0000 0.0000 18.5626 -1.9658 -3.4475 5.6786 -0.0000 -0.0000 0.0000 0.0000 0.0000 -0.0000 -5.6517 2.7958 -16.0909 11.7772 26.0384 -81.5288 -0.0000 0.0000 3.6198 7.6866 7.4123 -9.1619 -0.0000 0.0000 -0.0000 -0.0000 -0.0000 0.0000 3.857495 -6.614250 1.192195 16.972710 0.000000 0.000000 -18.313500 2.818065 8.669130 2.014585 0.000000 0.000000 -21.710795 -9.601330 6.639305 7.144700 0.000000 0.000000 4.638855 12.905030 -6.230210 -9.793405 0.000000 0.000000
3.9511 -73.0944 23.7500 3.0905 -4.9018 179.2476 -3.8605 -4.5594 -1.1052 -2.7973 -0.6504 0.0301 12.3207 1.6826 3.2097 -0.5525 -1.4184 0.8706 -13.1256 -12.2845 -7.3411 8.1118 -8.3006 -8.3941 -2.8749 -2.1860 10.4547 -1.1680 -18.6657 75.1064 0.0000 0.0000 18.4937 -0.4593 -3.0345 5.3388 0.0000 0.0000 0.0000 -0.0000 -0.0000 0.0000 -5.8615 3.6271 -16.9368 10.8959 26.7685 -80.7730 -0.0000 0.0000 3.5942 8.5775 7.6622 -10.2366 -0.0000 0.0000 -0.0000 0.0000 0.0000 -0.0000 5.688480 -6.419345 -0.537895 14.471925 0.000000 0.000000 -18.505770 2.123615 10.121100 2.079865 0.000000 0.000000 -20.546805 -7.923260 6.705945 3.343925 0.000000 0.000000 4.702350 14.268090 -1.926150 -9.071755 0.000000 0.000000
3.8328 -72.4808 23.6831 1.7174 -4.7185 179.2845 -4.5848 -3.6048 -1.2722 -3.2389 -0.8346 -0.0021 12.4962 1.0903 3.2009 -0.9105 -1.6739 1.0112 -14.2398 -12.2110 -7.8320 7.8099 -7.8816 -8.8551 -2.3698 -3.8911 9.6748 0.3004 -17.5928 75.8059 0.0000 0.0000 18.7985 1.1888 -2.3492 4.7642 0.0000 0.0000 -0.0000 0.0000 0.0000 -0.0000 -6.2406 5.2926 -17.3416 9.8254 26.9813 -79.9832 -0.0000 0.0000 3.8799 9.7485 8.2223 -11.4987 -0.0000 0.0000 -0.0000 0.0000 0.0000 0.0000 6.704910 -5.788645 -1.952635 12.810260 0.000000 0.000000 -18.750485 1.138550 11.643790 2.145145 0.000000 0.000000 -18.969800 -5.846285 6.712490 -0.084805 0.000000 0.000000 3.140900 11.068010 2.074205 -9.334915 0.000000 0.000000
3.6977 -71.8399 23.5995 0.1474 -4.2697 178.8655 -5.4377 -2.1262 -1.2951 -3.8331 -1.0763 -0.0706 12.8649 0.0630 3.1203 -1.2980 -1.8384 1.0770 -15.4866 -11.8779 -7.9333 6.9390 -7.1645 -9.3265 -1.9438 -6.1095 9.5338 2.3532 -16.3565 76.2268 0.0000 0.0000 18.8939 1.7354 -1.9011 4.5518 -0.0000 0.0000 -0.0000 0.0000 0.0000 -0.0000 -6.2888 7.1300 -16.1381 9.0315 23.9635 -80.4054 -0.0000 0.0000 3.4333 9.0298 8.1949 -11.5877 -0.0000 0.0000 0.0000 0.0000 -0.0000 0.0000 6.985155 -4.845230 -3.027205 12.339360 0.000000 0.000000 -19.276380 0.130195 13.110720 1.961290 0.000000 0.000000 -17.803430 -3.975095 6.044305 -2.829795 0.000000 0.000000 5.062240 4.913670 2.762790 -11.083705 0.000000 0.000000
3.5239 -71.1624 23.5214 -0.7783 -2.6837 178.6864 -5.9296 0.1592 -1.2507 -4.3425 -0.8043 -0.0389 13.4785 -1.1354 2.9104 -1.6421 -1.9728 1.0987 -16.7116 -11.1992 -8.0323 5.4740 -6.1898 -10.0177 -1.5763 -8.5566 10.1678 4.7633 -14.5205 75.9604 0.0000 0.0000 17.6633 0.3756 -1.9165 4.6764 -0.0000 -0.0000 0.0000 0.0000 0.0000 -0.0000 -5.7774 8.2305 -13.4392 8.1226 16.9486 -82.3999 -0.0000 0.0000 1.5696 5.9973 6.6445 -10.2214 0.0000 -0.0000 -0.0000 -0.0000 0.0000 0.0000 7.403695 -2.835490 -4.251205 12.804650 0.000000 0.000000 -20.206620 -0.960865 14.407650 1.340025 0.000000 0.000000 -17.508480 -1.846185 3.923810 -3.469760 0.000000 0.000000 9.935715 0.350955 2.805630 -11.255405 0.000000 0.000000
3.2573 -70.3938 23.5119 -0.3203 0.6229 178.5976 -5.7914 2.4569 -1.1332 -4.4902 -0.1479 0.1253 14.2202 -0.8456 3.2120 -1.8738 -1.8803 1.1136 -17.6911 -9.9962 -8.5555 4.0224 -5.2973 -11.2013 -0.8197 -10.6382 11.0332 7.4089 -11.7334 75.4562 0.0000 0.0000 14.5426 -2.0901 -2.2426 3.8529 0.0000 0.0000 0.0000 0.0000 0.0000 0.0000 -5.0803 8.3710 -10.8139 6.1422 9.5795 -84.5696 -0.0000 -0.0000 -0.9834 3.0179 3.8672 -9.0951 0.0000 0.0000 0.0000 0.0000 0.0000 0.0000 8.908365 0.926015 -5.751200 13.754780 0.000000 0.000000 -20.684320 -2.549855 15.418215 0.252705 0.000000 0.000000 -16.742375 1.372340 1.061010 -2.252985 0.000000 0.000000 13.224620 -0.317910 5.334975 -8.457630 0.000000 0.000000
2.9074 -69.5382 23.6144 0.6869 4.3616 177.6716 -5.6298 3.2583 -0.8325 -4.3704 -0.1457 0.2202 14.5459 1.7380 4.5524 -1.8925 -1.1820 1.0830 -18.2401 -8.0462 -9.1428 3.3750 -4.8832 -12.8210 0.3261 -11.1996 11.8622 10.9421 -8.8682 75.3219 0.0000 0.0000 10.4236 -3.3660 -3.1935 1.4612 -0.0000 -0.0000 -0.0000 -0.0000 0.0000 0.0000 -4.9137 8.0632 -9.2986 3.7847 5.9882 -85.7595 -0.0000 -0.0000 -3.4783 1.6492 1.3193 -8.7961 0.0000 0.0000 0.0000 -0.0000 -0.0000 0.0000 10.562465 5.477000 -6.756750 15.212360 0.000000 0.000000 -19.486415 -4.486750 16.249090 -1.475345 0.000000 0.000000 -14.640070 5.030485 -0.255980 -1.334815 0.000000 0.000000 12.350310 0.005345 8.784190 -6.416780 0.000000 0.000000
2.5600 -68.6986 23.7794 0.7493 6.6839 175.9836 -5.9026 2.3382 -0.4011 -4.2168 -0.9744 0.1433 13.8568 4.7378 6.5072 -1.7326 -0.0011 1.0091 -18.5768 -5.4580 -9.0896 3.5800 -5.0546 -14.2974 1.2962 -9.7317 12.9170 15.4569 -7.5458 75.5000 0.0000 0.0000 7.1788 -1.4467 -6.0314 -0.8927 0.0000 0.0000 0.0000 -0.0000 -0.0000 0.0000 -5.4497 7.7966 -8.5698 1.7990 6.3819 -85.9651 -0.0000 -0.0000 -5.5195 1.2179 -0.1478 -8.7794 0.0000 -0.0000 0.0000 -0.0000 0.0000 0.0000 10.369260 9.074795 -6.656365 17.730825 0.000000 0.000000 -16.837815 -5.954020 17.352135 -4.039795 0.000000 0.000000 -12.459905 7.602245 0.076540 -1.771715 0.000000 0.000000 9.809235 -1.473740 10.653850 -6.394340 0.000000 0.000000
2.2579 -67.9487 23.9096 -0.0428 7.9654 174.5143 -6.0356 1.4582 -0.0481 -4.0296 -1.6268 0.0792 12.4538 6.3010 8.1600 -1.7127 0.9527 0.9613 -19.2190 -3.1151 -8.4827 3.8722 -5.5473 -15.0053 1.9944 -7.7565 14.0573 19.2890 -8.0542 75.5380 0.0000 0.0000 5.9229 2.7910 -10.8558 -0.9447 0.0000 0.0000 -0.0000 -0.0000 -0.0000 -0.0000 -6.1122 7.4907 -8.1026 -0.5087 8.0597 -85.8266 -0.0000 -0.0000 -6.9189 1.1613 -0.9609 -8.4674 0.0000 0.0000 -0.0000 0.0000 -0.0000 -0.0000 8.171670 11.799725 -6.300725 21.887325 0.000000 0.000000 -14.045820 -6.847710 19.101945 -7.087725 0.000000 0.000000 -11.327025 9.256685 1.049450 -2.369095 0.000000 0.000000 8.167885 -3.087550 10.680795 -7.044335 0.000000 0.000000
1.9748 -67.2527 23.9596 -0.3369 9.7056 173.4195 -5.4400 1.9896 0.1721 -3.5837 -1.2964 0.2035 11.0649 6.6975 9.1055 -2.0522 1.1798 1.0860 -20.2278 -2.0079 -8.0464 3.6522 -6.0753 -14.8207 2.8372 -7.1427 14.5777 20.9516 -9.5030 75.1619 0.0000 0.0000 6.1326 5.0881 -15.2290 0.6431 0.0000 0.0000 -0.0000 0.0000 -0.0000 -0.0000 -6.4095 6.7818 -8.0120 -3.6859 8.8656 -85.5630 -0.0000 -0.0000 -7.9909 1.6026 -2.1819 -7.7567 0.0000 -0.0000 -0.0000 0.0000 0.0000 -0.0000 4.897215 15.175670 -5.953670 28.359905 0.000000 0.000000 -10.808000 -8.426160 21.184020 -9.666710 0.000000 0.000000 -10.494790 11.298810 1.762430 -2.292255 0.000000 0.000000 7.040360 -3.573155 10.832435 -6.975995 0.000000 0.000000
1.6940 -66.5683 23.9427 0.3899 12.1263 171.9171 -4.3075 3.5594 0.3390 -2.9703 -0.2449 0.4676 10.0756 6.8005 9.8332 -2.5997 0.8414 1.4796 -21.1322 -2.0184 -8.1452 3.1003 -6.6054 -14.0916 3.8751 -7.8235 14.2887 20.8143 -11.5307 74.6513 0.0000 0.0000 6.7640 2.6373 -16.3786 0.8369 -0.0000 -0.0000 -0.0000 -0.0000 0.0000 0.0000 -6.4318 5.6886 -8.5692 -7.1721 8.6182 -84.8875 -0.0000 -0.0000 -9.1479 2.1654 -4.1504 -6.9944 0.0000 -0.0000 -0.0000 0.0000 0.0000 0.0000 0.187790 19.429240 -3.717660 37.379595 0.000000 0.000000 -4.851880 -11.488370 23.059375 -10.674385 0.000000 0.000000 -8.931980 14.035130 2.042505 -2.266245 0.000000 0.000000 5.550990 -4.134920 12.007050 -6.442450 0.000000 0.000000
1.4389 -65.9151 23.8873 1.6228 14.6194 169.7638 -3.3118 5.5411 0.5876 -2.4294 0.8051 0.7348 9.5310 6.8388 10.6475 -3.0213 0.3025 2.0604 -21.6588 -2.2716 -8.6006 2.6721 -7.1747 -13.2558 4.7157 -8.4263 13.7507 20.1750 -14.0251 74.4745 0.0000 0.0000 7.3464 -1.2559 -13.2474 -0.2365 -0.0000 -0.0000 0.0000 -0.0000 -0.0000 0.0000 -6.6439 4.4517 -9.6695 -10.0578 8.2662 -83.7955 -0.0000 -0.0000 -10.0694 2.1225 -6.0221 -6.5860 0.0000 0.0000 0.0000 0.0000 -0.0000 0.0000 -6.379650 23.090785 1.375030 47.255575 0.000000 0.000000 3.533710 -14.459970 24.440965 -8.927635 0.000000 0.000000 -6.823555 16.924960 2.100815 -2.939445 0.000000 0.000000 4.264090 -5.495600 13.374360 -6.211505 0.000000 0.000000
1.2550 -65.3199 23.8407 2.8802 16.3710 168.0667 -2.6362 7.3691 0.7501 -2.0496 1.5299 0.9129 9.5544 6.6841 11.0284 -3.1691 -0.1449 2.5379 -22.0108 -2.4034 -9.1669 2.4722 -7.7154 -12.6404 5.1128 -8.3984 13.4536 19.8930 -16.1867 74.8094 0.0000 0.0000 7.8431 -2.1969 -8.0358 -0.7854 0.0000 -0.0000 -0.0000 0.0000 -0.0000 -0.0000 -7.1573 3.4276 -10.9345 -12.1206 8.2221 -82.8252 -0.0000 -0.0000 -9.9797 1.6668 -6.9100 -6.5549 0.0000 0.0000 -0.0000 0.0000 0.0000 0.0000 -13.088275 24.504335 7.218780 55.665985 0.000000 0.000000 8.554490 -15.222845 23.812730 -6.176185 0.000000 0.000000 -4.853425 19.146605 2.147905 -3.443325 0.000000 0.000000 3.418425 -6.486530 13.858690 -6.248990 0.000000 0.000000
1.1647 -64.7943 23.8476 3.5620 16.9090 167.9277 -2.2071 8.5375 0.7062 -1.8743 1.9654 0.9685 10.0323 6.2703 10.3981 -3.1431 -0.3852 2.6372 -22.2990 -2.6251 -9.7088 2.4140 -8.1988 -12.3566 5.2544 -8.1627 13.4213 20.1204 -17.2080 75.6303 0.0000 0.0000 8.0914 -1.1416 -4.0539 -0.8006 0.0000 0.0000 0.0000 0.0000 0.0000 -0.0000 -7.5852 2.8694 -11.9314 -13.4189 8.5501 -82.4580 -0.0000 -0.0000 -8.8887 1.7284 -7.1455 -6.3511 0.0000 0.0000 -0.0000 0.0000 -0.0000 -0.0000 -18.268260 23.513320 11.166010 61.614115 0.000000 0.000000 6.180015 -14.231405 19.673740 -4.729485 0.000000 0.000000 -3.660790 20.134730 2.956765 -2.636165 0.000000 0.000000 2.005385 -6.396770 12.628825 -6.285030 0.000000 0.000000
1.1720 -64.3233 23.9181 3.3403 16.0710 169.2754 -2.0626 8.9318 0.5764 -1.9000 2.0807 0.9125 10.5740 5.4813 8.9591 -3.0328 -0.5285 2.4164 -22.3039 -3.0571 -10.1394 2.4969 -8.5653 -12.3408 5.1407 -7.8809 13.4113 20.8390 -17.6642 76.5985 0.0000 0.0000 7.9526 -0.4965 -3.3283 -0.4487 0.0000 0.0000 0.0000 0.0000 0.0000 0.0000 -7.5459 2.6089 -12.5408 -13.6909 9.3999 -82.6497 -0.0000 -0.0000 -7.6223 2.1676 -7.5933 -5.6721 -0.0000 -0.0000 0.0000 -0.0000 0.0000 0.0000 -21.816075 20.724130 12.274920 64.501055 0.000000 0.000000 -0.727085 -11.660410 12.010395 -3.725805 0.000000 0.000000 -3.167110 19.627110 4.687110 -0.892305 0.000000 0.000000 -0.238360 -5.933010 9.751915 -6.378105 0.000000 0.000000
1.2528 -63.8820 24.0246 2.7036 14.3046 171.2593 -2.1129 8.9753 0.4984 -1.9798 2.0261 0.8128 10.9420 4.3040 7.4097 -2.8250 -0.8148 2.1739 -21.9294 -3.5616 -10.5132 2.6708 -8.6425 -12.3806 4.5137 -7.3322 13.2019 21.7294 -18.4611 77.1819 0.0000 0.0000 7.5293 -0.2406 -6.1494 0.1109 -0.0000 -0.0000 -0.0000 0.0000 -0.0000 -0.0000 -7.3064 2.1836 -13.3120 -12.5738 10.5617 -82.8958 -0.0000 -0.0000 -6.5402 2.0550 -8.1281 -5.0639 -0.0000 -0.0000 -0.0000 0.0000 -0.0000 -0.0000 -24.457705 17.139680 11.407920 64.224550 0.000000 0.000000 -6.231685 -7.427665 3.551025 -2.498660 0.000000 0.000000 -2.664930 18.064045 6.145370 0.547680 0.000000 0.000000 -2.322050 -5.663220 6.601815 -6.455370 0.000000 0.000000
1.3576 -63.4699 24.1163 2.2171 12.6963 173.3128 -2.1295 9.3369 0.4544 -1.9806 2.1730 0.7624 11.2338 3.0038 6.0967 -2.6042 -1.3653 2.0899 -21.3958 -4.0998 -10.9553 2.8141 -8.3675 -12.2196 3.4301 -6.6841 12.6477 22.0740 -19.2063 77.2357 0.0000 0.0000 7.0568 0.7296 -10.8470 0.4828 0.0000 0.0000 -0.0000 -0.0000 0.0000 0.0000 -7.2904 1.4169 -14.8203 -10.3780 11.2440 -82.8775 -0.0000 -0.0000 -5.2456 1.6579 -7.8056 -5.0842 0.0000 -0.0000 -0.0000 0.0000 0.0000 0.0000 -26.808805 14.137820 10.028965 61.542970 0.000000 0.000000 -8.644410 -3.506190 -2.525880 -1.570630 0.000000 0.000000 -1.979830 16.517725 6.800295 1.469335 0.000000 0.000000 -3.760590 -5.408900 4.097375 -6.212950 0.000000 0.000000
1.4535 -63.0776 24.1638 2.0780 11.8384 175.2033 -1.8954 10.1158 0.3897 -1.8819 2.6088 0.7765 11.5554 1.9583 4.8994 -2.5032 -1.9677 2.0535 -20.8461 -4.7888 -11.3615 2.9641 -7.9540 -11.6999 2.3925 -6.4526 11.8489 21.5169 -18.8649 77.1459 0.0000 0.0000 6.6844 2.1250 -14.4086 0.5716 0.0000 0.0000 0.0000 0.0000 0.0000 0.0000 -7.1354 0.7719 -16.4269 -7.9530 10.8319 -82.9315 -0.0000 -0.0000 -3.8064 2.2142 -6.3000 -5.4926 0.0000 0.0000 -0.0000 -0.0000 0.0000 0.0000 -28.852800 12.431190 8.915720 57.114300 0.000000 0.000000 -9.757740 -1.958000 -5.119910 -0.974440 0.000000 0.000000 -1.094045 15.592585 6.866000 2.137010 0.000000 0.000000 -4.913955 -5.087175 2.338980 -5.676940 0.000000 0.000000
1.5279 -62.6714 24.1762 2.0932 11.5648 176.7228 -1.5989 10.8619 0.3373 -1.7611 3.0733 0.7977 11.8561 1.3944 3.7262 -2.4630 -2.3000 1.8803 -20.2047 -5.5214 -11.4417 3.3032 -7.6050 -10.9648 1.6995 -6.7178 11.1241 20.4535 -17.6356 77.2396 0.0000 0.0000 6.5220 2.6003 -14.4481 0.3364 0.0000 0.0000 0.0000 0.0000 -0.0000 -0.0000 -6.2523 0.6850 -16.9809 -5.6787 9.7827 -83.4839 -0.0000 -0.0000 -2.7262 3.5902 -4.6528 -5.9083 0.0000 -0.0000 0.0000 0.0000 0.0000 -0.0000 -30.426320 11.828625 7.940600 51.008750 0.000000 0.000000 -9.414425 -2.695035 -4.549730 -0.607920 0.000000 0.000000 0.103180 15.216205 6.520050 2.315255 0.000000 0.000000 -6.008925 -4.921935 1.197260 -5.262565 0.000000 0.000000
1.5759 -62.2268 24.1663 2.0289 11.5914 177.7659 -1.6235 11.2596 0.3594 -1.7486 3.3600 0.7978 12.1875 1.3100 2.7505 -2.2899 -2.2775 1.5753 -19.4187 -5.9062 -11.1497 3.8498 -7.2379 -10.4302 1.1720 -7.0163 10.7246 19.2140 -16.9077 77.2330 0.0000 0.0000 6.7800 1.7062 -11.4024 -0.0291 -0.0000 -0.0000 -0.0000 0.0000 0.0000 -0.0000 -5.2607 0.9501 -16.8347 -3.1014 9.9951 -84.0347 -0.0000 -0.0000 -1.7944 4.7271 -3.3292 -6.5431 -0.0000 0.0000 -0.0000 0.0000 0.0000 -0.0000 -31.371520 11.861605 6.532745 43.150925 0.000000 0.000000 -6.048850 -3.948360 -1.529085 -0.665295 0.000000 0.000000 1.517325 15.164185 5.831890 1.901050 0.000000 0.000000 -6.913580 -4.881305 0.606765 -5.080410 0.000000 0.000000
1.6033 -61.7481 24.1321 1.7603 11.8462 178.3877 -2.1473 11.3678 0.5084 -1.9534 3.4898 0.8230 12.7659 1.5724 2.1444 -1.9525 -2.0311 1.2397 -18.6013 -5.6812 -10.7469 4.4831 -6.7072 -10.3905 0.6470 -7.2196 10.5351 17.5291 -17.3603 76.7223 0.0000 0.0000 7.6157 0.2335 -8.0827 -0.1078 0.0000 0.0000 0.0000 0.0000 -0.0000 -0.0000 -5.3579 1.1398 -17.2605 0.1804 13.3870 -83.8809 -0.0000 -0.0000 -0.0484 6.4756 -1.2356 -7.8742 -0.0000 0.0000 0.0000 0.0000 0.0000 0.0000 -31.693840 12.122470 4.418370 33.788090 0.000000 0.000000 0.472520 -4.880215 3.238735 -0.946730 0.000000 0.000000 2.764700 15.331550 4.997020 1.431935 0.000000 0.000000 -7.748110 -4.779220 0.504850 -4.948915 0.000000 0.000000
1.6315 -61.2312 24.0803 1.3795 12.0885 178.7259 -2.9760 11.1897 0.8193 -2.3385 3.5201 0.8550 13.6492 2.0326 1.7754 -1.6319 -1.6907 0.9154 -17.8530 -4.9933 -10.3974 5.2013 -6.0563 -10.6858 0.1974 -7.7315 10.3175 15.3049 -18.5071 75.7654 0.0000 0.0000 8.9191 -0.7368 -6.3623 0.0798 0.0000 -0.0000 -0.0000 0.0000 -0.0000 -0.0000 -6.2085 1.4990 -18.1157 3.5064 18.8136 -83.4855 -0.0000 0.0000 2.9276 10.3839 1.8278 -9.7441 -0.0000 -0.0000 0.0000 -0.0000 -0.0000 0.0000 -31.207300 12.179420 1.311195 23.318385 0.000000 0.000000 8.753475 -6.115265 8.994255 -1.039040 0.000000 0.000000 3.757500 15.465255 4.327135 1.379065 0.000000 0.000000 -8.919495 -4.734510 0.583560 -4.894770 0.000000 0.000000
1.6853 -60.6381 24.0142 1.1359 12.1510 178.9762 -3.7513 10.9302 1.2074 -2.7041 3.3711 0.8603 14.4333 2.5086 1.4155 -1.4078 -1.3206 0.6234 -17.0945 -4.1166 -10.0354 6.0599 -5.3911 -10.8993 -0.1872 -8.4906 9.8999 13.1545 -20.0448 74.8091 0.0000 0.0000 10.3474 -0.7429 -6.1620 0.3082 -0.0000 -0.0000 -0.0000 0.0000 -0.0000 -0.0000 -6.2668 2.3349 -18.0561 6.5964 21.3762 -83.9404 -0.0000 0.0000 5.6409 13.9161 3.9493 -10.5721 -0.0000 -0.0000 -0.0000 0.0000 0.0000 -0.0000 -29.711470 11.644940 -2.860265 12.875880 0.000000 0.000000 15.674855 -7.516150 14.898015 -1.095650 0.000000 0.000000 4.856890 15.372010 3.992660 1.703510 0.000000 0.000000 -10.573255 -4.811860 0.394180 -5.010370 0.000000 0.000000
1.7705 -59.9663 23.9223 0.9687 12.2361 179.1465 -4.4264 10.9471 1.6355 -2.9607 3.0237 0.8274 14.8213 2.9182 1.1014 -1.1968 -0.9427 0.4159 -16.3928 -3.2691 -9.5597 6.9160 -4.6004 -10.7287 -0.6691 -9.0919 9.3167 11.4177 -21.9058 73.9546 0.0000 0.0000 11.7085 -0.1008 -6.8617 0.4310 0.0000 -0.0000 0.0000 0.0000 0.0000 0.0000 -5.1941 3.2296 -16.9043 9.7570 18.3343 -85.2567 -0.0000 0.0000 6.6934 13.4203 4.7407 -9.6563 -0.0000 0.0000 -0.0000 0.0000 0.0000 0.0000 -28.443270 10.410995 -4.995805 5.504850 0.000000 0.000000 16.234750 -8.708275 17.694515 -1.494895 0.000000 0.000000 5.991555 15.192235 4.085820 2.371185 0.000000 0.000000 -12.521625 -4.543770 -0.188325 -5.101830 0.000000 0.000000
1.8690 -59.2431 23.8081 0.8838 12.2600 179.1108 -5.0159 10.8855 1.9577 -3.1760 2.7613 0.8089 15.1580 3.2139 0.9972 -1.0189 -0.6356 0.3033 -15.9938 -2.3942 -8.8406 7.5670 -3.5535 -10.1177 -1.1817 -9.4950 8.8147 9.6328 -23.4613 72.9983 0.0000 0.0000 13.0737 0.8131 -7.9408 0.3102 0.0000 -0.0000 -0.0000 0.0000 -0.0000 -0.0000 -4.1035 3.9581 -15.9588 12.3401 13.7316 -86.0789 -0.0000 0.0000 7.0601 11.1759 5.5072 -8.7134 0.0000 -0.0000 0.0000 0.0000 -0.0000 0.0000 -28.149765 8.992940 -4.566215 2.888380 0.000000 0.000000 9.784015 -8.420295 15.767480 -1.381080 0.000000 0.000000 7.053545 14.900260 4.544735 3.428075 0.000000 0.000000 -14.605740 -3.600015 -0.912270 -5.042670 0.000000 0.000000
1.9732 -58.4625 23.6774 1.0762 11.9916 179.1216 -5.2967 10.7091 2.0726 -3.2583 2.6288 0.7739 15.4274 3.0125 0.8287 -0.9402 -0.4149 0.1925 -15.8597 -1.3760 -7.7539 8.0283 -2.3591 -9.1380 -1.6487 -9.6300 8.5920 7.8095 -24.6246 71.9667 0.0000 0.0000 14.5452 1.9405 -8.7664 0.0440 0.0000 0.0000 0.0000 0.0000 0.0000 0.0000 -3.6895 4.2571 -15.7775 14.1010 12.6843 -86.0089 -0.0000 0.0000 7.6391 11.3209 6.9497 -8.5218 -0.0000 0.0000 0.0000 -0.0000 0.0000 -0.0000 -28.183255 7.729755 -4.622910 3.878630 0.000000 0.000000 3.484920 -6.028395 12.450695 -0.763300 0.000000 0.000000 8.398670 14.313590 4.905730 4.693980 0.000000 0.000000 -16.799420 -2.539215 -1.521720 -5.105485 0.000000 0.000000
2.0859 -57.6327 23.5345 0.7492 11.1428 -179.9932 -5.6939 10.2681 2.0663 -3.4548 2.6203 0.7171 15.6428 2.1582 0.0283 -0.9592 -0.2768 -0.0546 -16.1413 -0.3119 -6.4778 8.2188 -1.2423 -7.9523 -2.4197 -9.5398 8.4545 6.5270 -25.5608 71.0303 0.0000 0.0000 15.8005 2.7160 -9.2625 -0.0167 -0.0000 -0.0000 -0.0000 -0.0000 -0.0000 -0.0000 -3.5636 4.2767 -15.8296 15.0322 13.9223 -85.5440 -0.0000 0.0000 8.0241 13.0952 8.3891 -8.6861 0.0000 -0.0000 0.0000 -0.0000 0.0000 0.0000 -28.034760 6.851195 -4.929165 5.785095 0.000000 0.000000 3.468005 -4.470515 9.931295 -1.109335 0.000000 0.000000 9.356705 13.052105 5.069270 6.279230 0.000000 0.000000 -19.143805 -1.974730 -2.325990 -5.359975 0.000000 0.000000
2.2216 -56.7783 23.3753 -0.8248 9.5296 -178.0639 -6.7521 9.0465 2.2259 -4.1990 2.7748 0.7028 16.2492 1.1966 -1.3773 -1.0832 -0.2396 -0.4235 -17.2741 0.5042 -5.4871 7.8445 -0.3521 -6.8117 -3.6590 -9.8481 7.9204 5.4443 -25.1077 70.3495 0.0000 0.0000 16.1734 2.1193 -10.5837 0.0841 -0.0000 0.0000 -0.0000 0.0000 -0.0000 -0.0000 -3.3822 4.7328 -15.7410 15.0630 13.1144 -85.0343 -0.0000 0.0000 7.6775 13.0032 9.4152 -8.8394 0.0000 0.0000 -0.0000 0.0000 0.0000 -0.0000 -27.747205 5.884405 -5.030825 6.422425 0.000000 0.000000 8.983145 -3.571810 9.263365 -1.536120 0.000000 0.000000 9.061075 10.837940 5.620920 8.375670 0.000000 0.000000 -21.646205 -1.303570 -3.798955 -5.333370 0.000000 0.000000
2.4216 -55.8988 23.2237 -3.0251 6.5712 -176.5227 -8.3590 6.5254 2.6704 -5.6524 2.8240 0.7433 17.9318 0.3765 -2.4553 -1.5629 -0.2888 -0.6881 -19.4200 0.8745 -4.8454 6.8490 0.2158 -5.8694 -5.0206 -11.2525 6.9951 3.3874 -21.8071 69.9121 0.0000 0.0000 15.7335 0.8559 -13.6394 -0.2373 0.0000 -0.0000 -0.0000 0.0000 0.0000 -0.0000 -3.1992 6.6930 -15.3034 13.7645 9.3240 -84.4062 -0.0000 0.0000 6.8093 10.3478 10.4591 -8.9741 -0.0000 0.0000 -0.0000 -0.0000 0.0000 -0.0000 -27.213660 3.241670 -4.432000 5.235485 0.000000 0.000000 14.722005 0.136145 8.833860 -1.137470 0.000000 0.000000 7.884930 7.299560 7.150495 10.786355 0.000000 0.000000 -24.204620 0.378835 -5.487990 -4.880320 0.000000 0.000000
2.7147 -54.9215 23.1573 -3.2153 1.5182 -177.0816 -8.4668 3.1549 2.8767 -6.7422 1.9622 0.5414 19.6067 -1.6495 -2.2145 -2.5852 -0.2545 -0.5622 -21.5965 1.0196 -3.8756 5.5937 0.2451 -4.9842 -5.7069 -12.5991 6.5825 -0.0001 -17.1212 69.5600 0.0000 0.0000 15.7549 1.4149 -16.5411 -0.8859 0.0000 0.0000 0.0000 -0.0000 0.0000 0.0000 -2.9061 9.8670 -14.1334 11.1231 5.8900 -83.4985 -0.0000 0.0000 5.6321 6.8198 10.9693 -8.7098 0.0000 -0.0000 0.0000 -0.0000 0.0000 -0.0000 -24.342190 -2.287580 -3.026015 2.467970 0.000000 0.000000 17.253815 4.479475 6.867895 -0.271830 0.000000 0.000000 8.687755 1.976265 9.511370 12.639865 0.000000 0.000000 -26.119670 2.426655 -6.167735 -5.009860 0.000000 0.000000
3.0173 -53.9428 23.2155 -2.0793 -4.0060 -179.2587 -6.7154 1.3174 2.4286 -5.7745 0.4569 0.0393 17.9388 -6.1808 -0.8754 -3.4723 -0.1702 0.0401 -22.3469 1.0023 -2.2154 4.2383 -0.4869 -3.8153 -5.2703 -11.4228 7.0985 -3.6007 -15.4603 69.3221 0.0000 0.0000 17.3518 4.9324 -15.0563 -1.0729 -0.0000 0.0000 -0.0000 -0.0000 -0.0000 0.0000 -2.3888 11.5994 -12.2372 8.0435 6.3319 -82.0104 -0.0000 0.0000 4.1935 3.5073 9.6349 -7.7780 0.0000 -0.0000 -0.0000 0.0000 0.0000 0.0000 -20.348550 -8.462490 -2.420645 0.015295 0.000000 0.000000 16.761580 5.002735 5.971060 0.580550 0.000000 0.000000 10.675395 -3.260160 11.675895 14.861340 0.000000 0.000000 -26.296810 2.801675 -5.179440 -6.813475 0.000000 0.000000
3.2116 -53.1851 23.3764 -2.8766 -6.9596 178.4015 -5.1991 1.0136 1.6135 -4.1267 -0.7330 -0.2798 13.8830 -8.5851 0.0048 -3.6203 -1.0050 0.7378 -22.1391 -0.8621 -1.2810 2.6328 -1.5750 -2.1962 -4.5502 -8.7112 7.5446 -6.7133 -18.6017 68.9335 0.0000 0.0000 20.6379 8.9807 -8.4373 -1.2357 -0.0000 -0.0000 0.0000 -0.0000 0.0000 0.0000 -2.1404 8.8397 -10.9556 5.2064 9.6038 -79.1410 -0.0000 0.0000 2.6949 0.9787 7.1609 -6.8673 0.0000 -0.0000 0.0000 0.0000 0.0000 0.0000 -19.165605 -11.815995 -3.967985 -0.039360 0.000000 0.000000 14.724130 2.272960 8.536105 0.802825 0.000000 0.000000 8.812705 -6.072300 12.496910 20.483920 0.000000 0.000000 -24.037680 1.166530 -3.274505 -9.537980 0.000000 0.000000
3.3150 -52.5733 23.5636 -4.3630 -7.6907 177.5908 -4.2749 0.6935 0.8149 -3.0743 -1.1107 -0.3424 10.6899 -7.9829 -0.3293 -3.3991 -2.1988 1.1118 -21.9502 -4.5197 -1.7314 0.9842 -2.7144 -0.7441 -4.3908 -6.1976 7.4793 -9.6988 -23.9805 67.8010 0.0000 0.0000 24.8432 11.4856 -1.1743 -1.5657 0.0000 -0.0000 -0.0000 0.0000 -0.0000 -0.0000 -2.4195 3.3958 -11.2390 2.3149 10.6517 -74.8427 -0.0000 0.0000 1.2680 0.1231 5.6752 -6.6517 0.0000 -0.0000 -0.0000 0.0000 0.0000 0.0000 -19.299480 -12.597060 -6.597545 0.808515 0.000000 0.000000 13.118480 -0.024590 12.190850 0.569160 0.000000 0.000000 3.625495 -7.673955 12.558535 29.546110 0.000000 0.000000 -19.722060 -0.000775 -1.613605 -11.022760 0.000000 0.000000
3.4134 -51.9833 23.7026 -5.1397 -8.6080 178.3871 -3.4365 -0.3899 0.3481 -2.4869 -1.1384 -0.3550 8.9584 -7.2497 -1.2481 -3.3193 -2.8658 1.1496 -21.7267 -7.8396 -2.6872 -0.0124 -3.7309 -0.2952 -4.5662 -4.7012 7.1146 -12.9243 -27.1758 66.3168 0.0000 0.0000 28.5530 13.0983 3.3545 -1.8687 -0.0000 0.0000 -0.0000 0.0000 0.0000 -0.0000 -2.7703 0.0273 -11.9463 -0.9048 7.2710 -70.8487 -0.0000 -0.0000 -0.2353 1.2811 4.3508 -6.9294 0.0000 0.0000 0.0000 0.0000 -0.0000 -0.0000 -18.827730 -13.226145 -8.473495 1.101425 0.000000 0.000000 11.747770 -0.951345 13.839935 0.316200 0.000000 0.000000 -2.211115 -10.243590 12.834020 39.668420 0.000000 0.000000 -15.710825 -0.039620 -0.254880 -10.485050 0.000000 0.000000
3.5138 -51.3584 23.7967 -5.0091 -10.4300 179.2931 -2.5724 -2.1023 0.1892 -2.0562 -1.4285 -0.4112 8.1863 -7.4082 -1.5673 -3.4908 -3.1798 1.1914 -21.0115 -9.4014 -3.3641 0.1966 -4.3300 -0.8754 -4.8725 -4.0726 6.7116 -15.7818 -27.0080 65.1639 0.0000 0.0000 30.8466 14.5519 5.6275 -1.9044 0.0000 0.0000 0.0000 -0.0000 0.0000 0.0000 -2.8130 -0.1266 -11.7736 -4.8337 4.2914 -68.7432 -0.0000 -0.0000 -1.9609 2.2166 0.7413 -6.6290 0.0000 -0.0000 0.0000 0.0000 0.0000 -0.0000 -17.167425 -14.675480 -9.534720 0.612250 0.000000 0.000000 10.351560 -2.356905 14.227620 0.063240 0.000000 0.000000 -6.949100 -13.895700 13.467610 48.232085 0.000000 0.000000 -14.156600 -0.386930 1.162495 -10.163070 0.000000 0.000000
3.5725 -50.7153 23.8909 -4.5071 -11.9238 179.4013 -2.0930 -3.3820 0.1560 -1.7683 -1.8376 -0.4599 8.0549 -8.1740 -0.9440 -3.5489 -3.4802 1.4881 -19.7900 -9.4984 -3.6474 1.3830 -4.3358 -1.8456 -5.3905 -3.4638 6.3110 -17.5023 -25.8881 64.3922 0.0000 0.0000 31.7229 15.2591 7.4402 -1.2928 -0.0000 0.0000 0.0000 0.0000 0.0000 -0.0000 -2.9418 0.4452 -10.7936 -9.0513 6.3566 -68.1996 -0.0000 -0.0000 -3.7917 -0.0244 -4.1006 -5.9597 0.0000 -0.0000 -0.0000 -0.0000 -0.0000 -0.0000 -14.899285 -15.915715 -10.785920 0.010365 0.000000 0.000000 9.263390 -4.896790 15.762635 -0.315690 0.000000 0.000000 -10.438690 -17.126295 14.475370 53.789045 0.000000 0.000000 -14.751855 -1.505785 1.998215 -10.874435 0.000000 0.000000
3.5876 -50.0882 23.9997 -3.8355 -12.4210 179.3436 -1.9843 -4.0665 0.1272 -1.6700 -1.8994 -0.4445 8.3372 -8.7323 -0.2178 -3.2333 -3.8563 1.9052 -18.4440 -9.3934 -3.8673 2.7850 -3.8276 -2.6274 -6.0575 -2.7778 5.7828 -17.9775 -25.7378 63.8946 0.0000 0.0000 31.5180 14.7807 9.4411 -0.4305 -0.0000 -0.0000 0.0000 -0.0000 -0.0000 -0.0000 -3.5495 -0.1426 -9.9931 -12.0228 10.5584 -67.7676 -0.0000 -0.0000 -5.2764 -4.2297 -7.3844 -6.3175 0.0000 0.0000 -0.0000 -0.0000 0.0000 0.0000 -12.735865 -16.275095 -12.937695 0.000930 0.000000 0.000000 8.393075 -6.804105 18.645495 -0.646510 0.000000 0.000000 -13.310500 -19.099570 15.113295 56.414610 0.000000 0.000000 -16.043175 -2.373890 1.782655 -11.122380 0.000000 0.000000
3.5771 -49.4885 24.1093 -2.9085 -12.3029 179.9947 -1.9061 -4.5853 0.0413 -1.6291 -1.5982 -0.3969 8.6960 -8.8595 -0.1118 -2.7755 -4.1170 2.1414 -17.2137 -9.6178 -4.0814 3.8201 -3.2313 -3.0767 -6.5133 -2.4962 5.2684 -17.6008 -25.9135 63.7607 0.0000 0.0000 30.5779 13.7404 10.6715 0.0493 0.0000 -0.0000 -0.0000 -0.0000 0.0000 0.0000 -4.3207 -1.0880 -9.7437 -13.2513 10.9650 -67.4640 -0.0000 -0.0000 -6.0028 -5.9416 -7.8121 -6.9532 0.0000 -0.0000 -0.0000 -0.0000 -0.0000 0.0000 -10.862890 -16.053670 -15.253265 0.574000 0.000000 0.000000 7.068350 -6.985240 20.920945 -0.805035 0.000000 0.000000 -16.153410 -19.932910 14.529515 56.830430 0.000000 0.000000 -17.131940 -1.911405 1.560380 -10.209310 0.000000 0.000000
3.5431 -48.9185 24.2028 -1.9263 -12.0071 -178.9420 -1.7013 -5.0551 -0.0909 -1.5256 -1.3279 -0.3714 8.8937 -8.8472 -0.3545 -2.4527 -4.1296 2.1421 -16.1319 -9.6593 -4.0835 4.2908 -3.0682 -3.3459 -6.6119 -2.3146 4.9665 -16.5330 -25.4009 63.9559 0.0000 0.0000 29.1794 12.7388 10.3726 0.1879 -0.0000 0.0000 -0.0000 0.0000 -0.0000 0.0000 -4.8509 -1.5187 -9.4171 -13.5029 7.7579 -67.8484 -0.0000 -0.0000 -6.3597 -3.8960 -6.8065 -7.2543 0.0000 -0.0000 0.0000 0.0000 -0.0000 -0.0000 -9.180230 -15.647625 -16.458735 1.324125 0.000000 0.000000 5.324320 -6.534740 21.620665 -0.852040 0.000000 0.000000 -18.975495 -20.057350 13.340875 55.473915 0.000000 0.000000 -17.772500 -0.848820 2.577745 -9.134910 0.000000 0.000000
3.4893 -48.3876 24.2732 -1.2610 -11.6544 -178.3475 -1.4999 -5.3926 -0.1737 -1.4121 -1.3214 -0.3774 8.9978 -8.7853 -0.2889 -2.2557 -3.9844 2.1150 -15.3348 -9.2579 -3.9509 4.1634 -3.5084 -3.6823 -6.4952 -1.7920 4.9038 -14.8743 -24.0394 64.2716 0.0000 0.0000 27.3140 11.4677 8.9331 0.4859 -0.0000 0.0000 0.0000 0.0000 0.0000 -0.0000 -5.2968 -1.8816 -8.6177 -13.7529 5.5866 -68.8516 -0.0000 -0.0000 -6.6718 -1.5457 -6.1495 -7.5098 0.0000 0.0000 -0.0000 0.0000 0.0000 0.0000 -7.673605 -15.196955 -16.425330 1.893795 0.000000 0.000000 3.857560 -6.565425 21.631970 -0.848045 0.000000 0.000000 -21.548105 -19.908345 12.810985 52.471715 0.000000 0.000000 -17.786100 -0.943170 4.344640 -8.362685 0.000000 0.000000
3.4319 -47.8926 24.3225 -0.9060 -11.2703 -178.3072 -1.3314 -5.5973 -0.1936 -1.3179 -1.4127 -0.3742 9.1066 -8.5744 0.2027 -2.1061 -3.8837 2.1934 -14.9395 -8.8919 -4.0540 3.5675 -4.3968 -4.3442 -6.2725 -1.1821 5.0171 -12.9046 -22.2377 64.5334 0.0000 0.0000 24.8059 9.4629 6.9542 0.8813 0.0000 0.0000 -0.0000 -0.0000 0.0000 0.0000 -5.8701 -2.4920 -7.7955 -14.2727 6.1461 -70.1012 -0.0000 -0.0000 -6.8904 -1.9783 -5.6427 -7.8584 0.0000 0.0000 -0.0000 0.0000 0.0000 0.0000 -6.252575 -14.797030 -15.907255 2.088360 0.000000 0.000000 2.706405 -6.700405 21.647865 -0.748510 0.000000 0.000000 -23.740510 -19.567410 12.859690 47.958810 0.000000 0.000000 -17.148260 -1.912765 5.070795 -7.733090 0.000000 0.000000
3.3727 -47.4181 24.3567 -0.7009 -10.8736 -178.3562 -1.1452 -5.6691 -0.2095 -1.1873 -1.4311 -0.3398 9.1615 -8.2815 0.8014 -2.0374 -3.9128 2.3402 -14.8993 -8.9678 -4.6106 2.8242 -5.4822 -5.3866 -6.1360 -0.6096 5.2259 -10.5920 -20.9961 64.6298 0.0000 0.0000 21.7104 6.8357 4.4568 0.8753 0.0000 -0.0000 0.0000 -0.0000 -0.0000 0.0000 -6.4629 -3.0137 -7.4491 -14.8966 7.4641 -71.1207 -0.0000 -0.0000 -7.2942 -3.3567 -5.0454 -8.1614 0.0000 -0.0000 0.0000 0.0000 0.0000 -0.0000 -4.911360 -14.475050 -15.368355 2.043480 0.000000 0.000000 1.494050 -6.296910 21.514500 -0.519180 0.000000 0.000000 -25.502475 -18.659100 12.250920 42.082335 0.000000 0.000000 -16.279135 -1.593080 3.835320 -8.399490 0.000000 0.000000
3.2922 -46.9524 24.3804 -0.6974 -10.5166 -178.5179 -0.9415 -5.6121 -0.2304 -1.0717 -1.4165 -0.3085 9.1449 -8.1681 1.4208 -2.0639 -4.0371 2.5474 -15.0961 -9.2345 -5.4008 2.2027 -6.4967 -6.5604 -6.1324 0.1967 5.4526 -7.7026 -20.6153 64.8746 0.0000 0.0000 17.8753 3.5854 1.2926 0.6225 0.0000 0.0000 -0.0000 -0.0000 -0.0000 0.0000 -6.8040 -3.2106 -7.4401 -15.5235 7.7108 -71.7667 -0.0000 -0.0000 -8.1138 -3.1721 -4.5593 -8.3410 0.0000 -0.0000 -0.0000 -0.0000 -0.0000 0.0000 -3.826930 -14.131650 -14.608370 2.134600 0.000000 0.000000 0.209615 -5.713810 21.179175 -0.230010 0.000000 0.000000 -26.733615 -17.044015 10.388910 34.981520 0.000000 0.000000 -15.126620 0.328855 1.467475 -10.957225 0.000000 0.000000
3.1824 -46.4857 24.3898 -0.9755 -10.2928 -179.0955 -0.8181 -5.5446 -0.2704 -0.9964 -1.3967 -0.2796 9.1300 -8.3542 2.1738 -2.1059 -4.2353 2.8616 -15.4144 -9.3137 -6.0604 1.8203 -7.2162 -7.5115 -6.3647 1.3143 5.7395 -4.1375 -20.8397 65.4776 0.0000 0.0000 13.2674 0.2601 -2.7870 0.4589 0.0000 0.0000 -0.0000 -0.0000 0.0000 -0.0000 -7.0917 -3.4091 -7.5168 -15.8853 7.0520 -72.0865 -0.0000 -0.0000 -8.9377 -2.0949 -4.1534 -8.5329 0.0000 -0.0000 -0.0000 -0.0000 0.0000 0.0000 -3.067540 -13.734530 -13.507195 2.540560 0.000000 0.000000 -1.032745 -5.501480 20.965825 0.076500 0.000000 0.000000 -27.453225 -15.162795 7.862965 27.199600 0.000000 0.000000 -13.587100 1.609550 -0.792505 -12.358790 0.000000 0.000000
3.0547 -45.9877 24.3829 -1.2080 -10.1246 -179.8926 -0.6620 -5.5329 -0.3344 -0.9149 -1.2445 -0.2356 9.1448 -8.6472 2.9437 -2.1259 -4.4917 3.2033 -15.6672 -9.2421 -6.4646 1.7487 -7.6184 -8.0952 -6.5658 2.0217 6.1528 -0.4559 -21.1234 66.1647 0.0000 0.0000 8.6422 -1.3516 -7.6297 0.0505 0.0000 0.0000 -0.0000 0.0000 0.0000 -0.0000 -7.5837 -3.8232 -7.7491 -15.9362 6.1982 -72.2351 -0.0000 -0.0000 -9.1224 -1.6888 -3.4924 -8.6744 0.0000 -0.0000 0.0000 0.0000 -0.0000 0.0000 -2.171640 -13.306725 -12.497055 2.965645 0.000000 0.000000 -2.373535 -5.401690 21.073350 0.367285 0.000000 0.000000 -27.627135 -13.396325 5.663845 19.595245 0.000000 0.000000 -11.990800 1.983040 -2.451705 -11.045370 0.000000 0.000000
2.9242 -45.4327 24.3610 -1.2906 -9.9820 179.3900 -0.4950 -5.5897 -0.4150 -0.8112 -0.9600 -0.1877 9.1060 -8.8674 3.4910 -2.1278 -4.6985 3.4385 -15.7037 -9.0919 -6.6189 1.9937 -7.8797 -8.3985 -6.3310 1.9667 6.6634 2.8967 -21.3288 66.5038 0.0000 0.0000 5.3066 0.0737 -11.8207 -0.6527 0.0000 0.0000 0.0000 0.0000 0.0000 -0.0000 -8.2083 -4.3182 -8.0812 -16.0063 5.7825 -72.4008 -0.0000 -0.0000 -8.6750 -1.6217 -2.5467 -8.5167 0.0000 -0.0000 -0.0000 0.0000 0.0000 0.0000 -0.942200 -12.927625 -11.914890 3.165225 0.000000 0.000000 -3.840975 -5.000150 21.387085 0.516035 0.000000 0.000000 -27.531510 -11.848560 4.383745 12.970345 0.000000 0.000000 -9.883990 3.205000 -3.311990 -9.579885 0.000000 0.000000
2.7953 -44.8298 24.3238 -1.5733 -9.9376 178.5120 -0.4706 -5.6685 -0.5154 -0.7809 -0.7877 -0.1731 8.9979 -9.0157 3.8759 -2.1093 -4.7118 3.5150 -15.5827 -8.6994 -6.4219 2.3707 -8.0995 -8.5017 -5.5803 1.4536 7.3793 5.8881 -21.5263 66.4466 0.0000 0.0000 3.6682 3.1720 -14.3641 -0.9852 0.0000 -0.0000 -0.0000 -0.0000 -0.0000 0.0000 -8.7738 -4.6662 -8.0977 -16.2770 5.8231 -72.6974 -0.0000 -0.0000 -8.0899 -1.2361 -1.7602 -8.1871 0.0000 -0.0000 0.0000 0.0000 -0.0000 -0.0000 0.184560 -12.608535 -11.439315 3.400675 0.000000 0.000000 -5.252740 -4.530610 21.791855 0.450670 0.000000 0.000000 -27.674395 -10.561830 3.837025 7.911060 0.000000 0.000000 -6.561935 5.001985 -2.892345 -9.526930 0.000000 0.000000
2.6713 -44.1893 24.2661 -2.1964 -9.8852 177.2465 -0.6038 -5.5851 -0.6557 -0.8533 -0.7859 -0.1794 8.8963 -9.1400 4.2104 -2.1044 -4.5456 3.4894 -15.4835 -8.0005 -5.8950 2.6639 -8.2127 -8.4366 -4.5813 0.5226 8.3972 8.3160 -21.9045 66.1062 0.0000 0.0000 2.9395 5.2412 -15.8068 -0.7529 -0.0000 -0.0000 -0.0000 -0.0000 -0.0000 0.0000 -9.1729 -4.6887 -7.6699 -16.5677 5.4910 -73.1511 -0.0000 -0.0000 -7.5371 -1.3431 -1.3441 -8.0700 0.0000 0.0000 0.0000 0.0000 -0.0000 0.0000 0.978885 -12.198070 -10.633345 3.936430 0.000000 0.000000 -6.753245 -4.231665 22.192630 0.353260 0.000000 0.000000 -28.209300 -9.578380 3.647985 4.787480 0.000000 0.000000 -2.617765 6.056070 -1.291285 -9.680950 0.000000 0.000000
2.5645 -43.4726 24.1829 -2.7417 -9.6132 175.8697 -0.8032 -5.2657 -0.7820 -0.9511 -0.7130 -0.1602 8.8651 -9.0460 4.4017 -2.1541 -4.3463 3.3912 -15.4760 -7.2573 -5.3955 2.8570 -8.1851 -8.2949 -3.5847 -0.8233 9.3297 10.2126 -22.7148 65.7594 0.0000 0.0000 2.4801 5.0888 -16.6301 -0.4463 0.0000 -0.0000 0.0000 0.0000 0.0000 -0.0000 -9.3359 -4.4740 -7.2848 -16.7635 4.7290 -73.6706 -0.0000 -0.0000 -6.9053 -2.3936 -1.2640 -8.0423 -0.0000 0.0000 0.0000 -0.0000 0.0000 -0.0000 1.981035 -11.585305 -9.624735 4.538910 0.000000 0.000000 -8.703315 -3.779550 22.502370 0.471240 0.000000 0.000000 -28.599875 -8.874070 3.901200 3.759150 0.000000 0.000000 0.342700 6.509205 0.070415 -9.465050 0.000000 0.000000
2.4870 -42.6301 24.0685 -3.0566 -9.3031 174.3093 -1.1862 -4.9868 -0.8320 -1.0821 -0.5740 -0.1208 8.8796 -8.5243 4.5449 -2.1634 -4.1232 3.2383 -15.5028 -6.6669 -5.0568 2.9455 -8.0803 -8.1802 -2.7044 -1.7512 9.7103 12.4447 -23.8737 66.1394 0.0000 0.0000 2.4882 3.6148 -16.4242 -0.4882 0.0000 0.0000 0.0000 0.0000 0.0000 0.0000 -9.3227 -4.3343 -7.1270 -16.6528 4.5616 -74.1478 -0.0000 -0.0000 -6.4081 -2.8629 -1.7515 -7.7662 0.0000 -0.0000 0.0000 0.0000 0.0000 0.0000 3.477630 -10.903860 -8.780770 5.111045 0.000000 0.000000 -10.929210 -3.205800 23.035575 0.823480 0.000000 0.000000 -27.970960 -8.649925 4.417830 3.908580 0.000000 0.000000 1.930925 6.336230 0.071010 -9.857580 0.000000 0.000000
2.4234 -41.6854 23.9153 -3.8045 -9.0710 171.9916 -2.0237 -4.7381 -0.9663 -1.4814 -0.6129 -0.1116 8.8745 -7.9313 4.9082 -2.0581 -3.7146 3.0612 -15.5765 -6.1122 -4.4520 2.7363 -7.9476 -7.9693 -2.0740 -1.8280 9.6116 15.6464 -24.3347 68.0884 0.0000 0.0000 2.8971 2.3762 -15.6296 -0.6956 0.0000 -0.0000 -0.0000 -0.0000 0.0000 0.0000 -9.3117 -3.9035 -6.4656 -15.5019 3.7665 -74.8222 -0.0000 -0.0000 -6.3389 -1.2297 -3.0731 -7.5934 0.0000 0.0000 -0.0000 -0.0000 -0.0000 -0.0000 4.493720 -10.038730 -7.997835 6.393015 0.000000 0.000000 -13.162500 -3.329645 24.125615 1.264035 0.000000 0.000000 -26.199985 -8.876025 4.636450 3.369085 0.000000 0.000000 4.119420 4.791525 -0.571760 -10.890755 0.000000 0.000000
2.3106 -40.6777 23.7495 -4.8109 -7.4350 169.4394 -3.2034 -3.0143 -1.3052 -2.2781 -0.5495 -0.0892 8.9535 -7.8284 5.0027 -1.9855 -3.1387 2.7719 -15.7639 -5.6150 -3.4159 2.2233 -7.7704 -7.4177 -1.8589 -2.4677 9.1604 18.9664 -22.7784 71.5020 0.0000 0.0000 2.8738 2.1110 -15.6159 -0.8105 0.0000 -0.0000 -0.0000 0.0000 -0.0000 0.0000 -9.1491 -1.8723 -4.7639 -12.9213 -1.3257 -76.1687 -0.0000 -0.0000 -6.4492 2.0897 -5.5346 -7.8907 0.0000 -0.0000 -0.0000 0.0000 -0.0000 -0.0000 4.400220 -7.580105 -7.248985 9.100265 0.000000 0.000000 -15.922620 -4.398095 25.333890 1.596385 0.000000 0.000000 -23.651940 -7.785645 3.999545 1.283780 0.000000 0.000000 8.183610 2.139270 0.218740 -10.813660 0.000000 0.000000
2.0879 -39.5491 23.6503 -3.9449 -2.5271 168.4015 -4.0091 1.4176 -1.4567 -3.1182 0.4882 0.1001 9.2908 -7.4800 3.9088 -2.0524 -2.6051 2.2028 -15.7429 -5.6485 -2.8106 1.9379 -7.4034 -6.6292 -2.0950 -4.6308 7.9947 21.5050 -20.3102 75.3015 0.0000 0.0000 2.3423 2.5647 -16.0131 -0.8956 0.0000 -0.0000 0.0000 0.0000 -0.0000 -0.0000 -8.2585 1.6666 -3.1519 -9.7000 -9.7787 -77.6539 -0.0000 -0.0000 -6.3112 6.0358 -9.6415 -7.9280 -0.0000 0.0000 0.0000 -0.0000 -0.0000 0.0000 4.728915 -1.768655 -7.480440 12.987655 0.000000 0.000000 -19.270090 -5.606030 26.118440 1.271005 0.000000 0.000000 -19.837480 -2.976175 2.737550 -1.536265 0.000000 0.000000 12.179885 -0.341710 2.903635 -8.719005 0.000000 0.000000
1.7801 -38.3156 23.6920 -0.9275 4.0493 168.7854 -4.2447 5.3598 -1.0084 -3.4006 2.2379 0.4713 9.5470 -4.1255 2.2593 -2.0193 -2.1733 1.4220 -14.9838 -6.4233 -3.5185 2.3542 -6.5731 -6.0990 -2.7192 -6.0290 5.9939 24.0050 -20.4154 78.9847 0.0000 0.0000 2.2594 2.8590 -14.8923 -0.9740 -0.0000 0.0000 -0.0000 -0.0000 -0.0000 0.0000 -6.2732 3.7151 -3.5048 -5.8717 -13.9343 -78.2763 -0.0000 -0.0000 -5.4406 9.6317 -13.9684 -7.2413 0.0000 -0.0000 0.0000 0.0000 -0.0000 0.0000 6.012415 6.058570 -8.855230 18.338490 0.000000 0.000000 -20.769575 -6.494535 26.748460 -0.328865 0.000000 0.000000 -15.437285 4.180825 1.511595 -2.683510 0.000000 0.000000 12.489965 -1.846465 5.530390 -6.314015 0.000000 0.000000
1.5039 -37.2090 23.8703 1.2570 7.7579 168.7112 -4.5761 5.4664 -0.4587 -3.3048 2.5685 0.6355 9.3640 1.0508 2.0331 -1.6109 -1.2108 0.7592 -13.9463 -6.3442 -4.5387 3.0869 -5.4037 -6.0037 -3.5494 -3.4733 4.3498 26.9669 -24.0010 82.6182 0.0000 0.0000 3.0602 1.8876 -13.2365 -0.7404 0.0000 -0.0000 -0.0000 0.0000 0.0000 -0.0000 -4.0985 3.1267 -5.5329 -0.7767 -10.1721 -78.2750 -0.0000 -0.0000 -3.2097 11.2387 -14.8944 -7.6885 0.0000 -0.0000 0.0000 0.0000 -0.0000 -0.0000 4.482670 11.357555 -7.407085 26.912440 0.000000 0.000000 -17.082785 -7.503230 26.678675 -2.921535 0.000000 0.000000 -12.542185 8.647235 1.401265 -1.367625 0.000000 0.000000 9.121075 -2.352640 6.319530 -5.611575 0.000000 0.000000
1.3019 -36.3221 24.0559 2.5104 8.0935 166.8422 -4.3254 3.7324 -0.1598 -2.9789 1.6249 0.5211 8.6521 3.9811 3.3972 -1.1285 0.2171 0.4332 -13.1774 -4.1593 -4.1390 3.3500 -4.1235 -5.6487 -4.6363 2.2947 4.4804 28.9493 -28.0998 85.6576 0.0000 0.0000 4.3055 -0.4215 -14.2618 -0.2867 -0.0000 0.0000 -0.0000 0.0000 -0.0000 -0.0000 -2.7830 1.7039 -7.5607 5.0197 -3.8624 -78.2698 -0.0000 0.0000 0.6242 10.7047 -9.3240 -9.8619 0.0000 -0.0000 0.0000 0.0000 -0.0000 0.0000 -1.277780 13.104390 -1.532310 38.555740 0.000000 0.000000 -7.812515 -10.534670 25.994340 -4.295390 0.000000 0.000000 -10.209870 9.710840 3.607270 -0.258035 0.000000 0.000000 5.917425 -3.026520 5.275900 -6.094885 0.000000 0.000000
1.1212 -35.5910 24.1231 3.6855 8.6270 164.2401 -3.5887 3.8300 0.0569 -2.5632 0.9696 0.4154 7.8854 4.6512 4.3960 -0.9619 1.1052 0.2287 -12.6516 -1.4889 -2.4690 3.0233 -2.7831 -4.2572 -6.2656 6.6082 5.5588 28.0422 -29.2413 87.1052 0.0000 0.0000 5.6078 -2.2039 -17.0877 -0.0998 0.0000 0.0000 0.0000 -0.0000 0.0000 0.0000 -2.2737 0.3293 -8.8231 10.6428 -0.9197 -78.3664 -0.0000 0.0000 4.7939 11.9520 1.4311 -10.8335 -0.0000 0.0000 -0.0000 -0.0000 -0.0000 0.0000 -8.701170 13.902115 4.946135 49.816285 0.000000 0.000000 1.190685 -14.324905 24.847350 -3.811570 0.000000 0.000000 -7.947765 10.958215 6.497185 -0.459910 0.000000 0.000000 4.371615 -4.380910 4.156365 -5.995605 0.000000 0.000000
0.9819 -34.8873 24.1125 5.3140 10.1318 163.3673 -2.9684 5.8668 0.1615 -2.2650 1.3499 0.4091 7.9859 4.5221 3.3976 -0.9388 1.2696 -0.1756 -12.2798 -0.4623 -0.7811 2.8065 -1.7016 -2.2385 -7.6976 6.6712 5.8401 24.2962 -27.4449 86.8649 0.0000 0.0000 7.5773 -1.5374 -16.4021 -0.0178 0.0000 0.0000 0.0000 -0.0000 -0.0000 0.0000 -2.0621 -0.7569 -9.3475 15.1314 -0.9695 -78.3235 -0.0000 0.0000 7.2929 15.2308 10.8480 -10.7962 0.0000 0.0000 -0.0000 -0.0000 -0.0000 -0.0000 -14.516105 14.985950 8.809300 58.133620 0.000000 0.000000 2.821750 -15.348815 20.779930 -3.971710 0.000000 0.000000 -5.100860 13.394400 7.264735 -1.516885 0.000000 0.000000 3.327560 -5.514895 3.718615 -5.430695 0.000000 0.000000
0.9188 -34.2128 24.1107 6.2549 11.1905 164.9176 -3.0671 7.6318 0.2409 -2.2740 2.1911 0.4398 9.0425 4.4425 1.0373 -0.7594 1.2434 -0.8553 -11.9580 -1.1837 0.1710 3.2992 -1.3913 -0.8322 -8.3488 4.7155 5.2769 19.7427 -27.4227 85.1816 0.0000 0.0000 11.2396 0.9203 -9.7969 -0.1580 0.0000 0.0000 -0.0000 0.0000 0.0000 0.0000 -1.5143 -0.8526 -9.1689 16.8831 -0.1508 -78.3113 -0.0000 0.0000 7.8761 16.6635 13.7586 -10.1476 0.0000 0.0000 -0.0000 -0.0000 -0.0000 -0.0000 -18.573665 15.577465 9.277225 62.710445 0.000000 0.000000 -1.996475 -11.876055 13.129250 -4.307375 0.000000 0.000000 -2.472830 15.164185 6.214050 -2.118430 0.000000 0.000000 1.859355 -5.437715 2.911030 -5.840395 0.000000 0.000000
0.9227 -33.6008 24.1566 6.3075 10.9012 167.5283 -3.3597 8.1672 0.2595 -2.3860 2.5229 0.4164 10.1437 4.5757 -0.7821 -0.4181 1.4204 -1.4956 -11.5553 -2.3725 0.3038 4.1618 -1.9692 -0.6975 -8.8044 4.1919 4.8820 15.6802 -32.5324 81.4613 0.0000 0.0000 16.4284 1.8105 -2.0982 -0.3350 0.0000 -0.0000 0.0000 -0.0000 0.0000 0.0000 -0.7408 0.1194 -8.7354 16.2418 3.0555 -78.6396 -0.0000 0.0000 7.2144 14.8807 10.3375 -9.2627 -0.0000 0.0000 -0.0000 0.0000 -0.0000 0.0000 -21.494435 14.933675 7.834350 63.177605 0.000000 0.000000 -6.550435 -5.838080 5.365860 -3.216315 0.000000 0.000000 -0.671255 15.263635 5.883740 -1.659770 0.000000 0.000000 0.214605 -4.604375 0.638895 -7.072130 0.000000 0.000000
0.9676 -33.0556 24.2389 5.9881 9.7205 169.8972 -3.3976 8.0804 0.2367 -2.3837 2.3091 0.3427 10.6664 4.6450 -1.3783 -0.0851 1.5919 -1.7666 -11.0485 -3.1009 -0.1347 4.6172 -2.8812 -1.4307 -9.1529 4.9464 4.6778 10.9297 -37.5511 76.1346 0.0000 0.0000 20.7923 -0.1673 2.7416 0.2967 -0.0000 0.0000 -0.0000 -0.0000 -0.0000 -0.0000 -0.2347 1.3328 -8.5979 15.2219 6.9051 -79.3902 -0.0000 0.0000 5.9995 11.4287 5.4147 -9.6410 0.0000 0.0000 -0.0000 -0.0000 0.0000 -0.0000 -23.810515 13.423225 6.382720 60.067030 0.000000 0.000000 -8.366630 -1.593180 0.242230 -1.649680 0.000000 0.000000 0.291965 14.284350 7.055040 -0.454470 0.000000 0.000000 -1.412890 -4.322855 -2.581245 -7.519825 0.000000 0.000000
1.0331 -32.5584 24.3262 5.4858 8.4645 171.9107 -3.3288 8.0345 0.2228 -2.3272 2.1656 0.3134 10.8807 4.3536 -1.4489 0.1652 1.4934 -1.7018 -10.6111 -3.2922 -0.8798 4.4863 -3.2889 -2.3573 -8.9264 5.0042 4.0912 5.1828 -36.7301 71.6335 0.0000 0.0000 22.4669 -1.5688 5.7593 0.5130 -0.0000 -0.0000 -0.0000 0.0000 -0.0000 -0.0000 0.0023 1.7390 -8.7837 14.6795 9.8140 -80.4749 -0.0000 0.0000 4.8873 9.0258 2.6310 -10.1870 -0.0000 -0.0000 0.0000 -0.0000 0.0000 0.0000 -25.535930 12.003810 5.096330 54.009080 0.000000 0.000000 -8.897710 -0.026120 -1.866960 -0.767720 0.000000 0.000000 0.762270 13.052275 7.948730 0.891675 0.000000 0.000000 -3.216250 -4.820530 -5.080755 -6.744795 0.000000 0.000000
1.0892 -32.0805 24.3842 4.9547 7.6112 173.7171 -3.2482 8.1544 0.1682 -2.2381 2.2369 0.3202 11.0685 3.8487 -1.5792 0.3401 1.3268 -1.5700 -10.4423 -2.9146 -1.6846 4.1352 -2.8492 -3.2420 -8.4199 4.4913 3.3247 0.0162 -32.1313 69.2650 0.0000 0.0000 22.3939 -0.4864 8.1974 -0.1706 0.0000 -0.0000 0.0000 -0.0000 0.0000 0.0000 0.0489 1.0682 -9.0744 14.4448 11.6047 -81.3948 -0.0000 0.0000 4.1718 9.0208 1.6442 -9.8287 -0.0000 -0.0000 0.0000 0.0000 -0.0000 0.0000 -26.578455 11.386625 3.448435 45.717670 0.000000 0.000000 -8.000620 -0.379380 -1.325340 -0.220065 0.000000 0.000000 1.234530 12.132065 7.561895 1.881840 0.000000 0.000000 -4.769540 -4.923805 -6.277980 -6.082730 0.000000 0.000000
1.1056 -31.6010 24.3996 4.6830 7.2701 174.9610 -2.9274 8.1993 0.0970 -2.0678 2.2471 0.3015 11.1408 3.5556 -1.6731 0.3671 1.4344 -1.5606 -10.4583 -1.7985 -2.2835 3.8011 -1.8304 -4.1104 -8.1153 4.3104 2.8635 -4.1247 -28.6950 67.8629 0.0000 0.0000 22.3660 0.3342 9.9841 -0.5711 -0.0000 0.0000 0.0000 -0.0000 0.0000 0.0000 -0.0710 0.1840 -9.0836 14.4039 11.9911 -81.9522 -0.0000 0.0000 4.1899 10.4334 1.7169 -9.1514 -0.0000 0.0000 0.0000 -0.0000 0.0000 -0.0000 -27.031165 11.516250 1.203075 36.181010 0.000000 0.000000 -4.269885 -1.966925 1.535760 0.434265 0.000000 0.000000 2.097875 11.777955 6.615165 2.290435 0.000000 0.000000 -5.677850 -4.229610 -6.627330 -6.284690 0.000000 0.000000
1.0808 -31.1100 24.3810 4.5844 7.3623 175.3203 -2.4633 8.0276 0.0882 -1.8643 2.0809 0.2619 10.9773 3.6908 -1.4483 0.2299 1.8348 -1.6248 -10.4223 -0.0457 -2.5259 3.4823 -0.6989 -4.8257 -8.1297 4.3236 2.7506 -7.4965 -28.0901 66.4382 0.0000 0.0000 23.2546 -0.7677 10.6879 -0.2105 0.0000 0.0000 -0.0000 -0.0000 0.0000 -0.0000 -0.3206 -0.1553 -8.6209 14.7303 11.1857 -82.4486 -0.0000 0.0000 5.1690 11.6534 2.2980 -8.5782 0.0000 -0.0000 0.0000 0.0000 -0.0000 -0.0000 -27.121775 11.816045 -2.066790 26.037025 0.000000 0.000000 2.723490 -2.945615 6.440090 0.448545 0.000000 0.000000 3.216815 11.971075 5.836310 2.231020 0.000000 0.000000 -6.478465 -3.871250 -6.453165 -6.385585 0.000000 0.000000
1.0460 -30.5802 24.3333 4.6921 7.8786 175.1192 -2.0166 8.0648 0.1086 -1.6010 1.7746 0.2229 10.5940 4.0964 -0.9386 0.0765 2.3165 -1.6720 -10.1743 1.8621 -2.4168 3.2455 0.1805 -5.0966 -8.3350 4.4227 2.8468 -10.0880 -28.8414 64.8862 0.0000 0.0000 24.8776 -1.8223 10.3528 0.1495 -0.0000 0.0000 -0.0000 0.0000 0.0000 -0.0000 -0.5737 -0.4053 -7.9543 15.4159 10.6643 -82.9768 -0.0000 0.0000 6.5841 12.2686 2.8605 -7.8314 0.0000 0.0000 -0.0000 0.0000 -0.0000 -0.0000 -26.861675 11.782045 -6.761680 16.220715 0.000000 0.000000 10.539665 -1.817325 12.318605 -0.942310 0.000000 0.000000 4.567635 12.627615 5.198470 2.053795 0.000000 0.000000 -7.811435 -4.444575 -6.092255 -5.317050 0.000000 0.000000
1.0319 -30.0233 24.2632 4.8847 8.6807 174.9544 -1.7227 8.5721 0.1523 -1.3253 1.4123 0.1920 10.2643 4.5461 -0.4835 0.0320 2.7490 -1.7198 -9.9174 3.2546 -2.0420 3.2027 0.6885 -4.8322 -8.6414 4.8162 3.0586 -11.8175 -29.4727 63.3175 0.0000 0.0000 26.6731 -1.0494 9.6036 0.1053 0.0000 0.0000 -0.0000 0.0000 -0.0000 0.0000 -0.7281 -1.0171 -7.4779 16.0934 11.0674 -83.2073 -0.0000 0.0000 7.5956 12.5448 3.3407 -7.0004 0.0000 0.0000 -0.0000 -0.0000 0.0000 0.0000 -27.090070 11.158740 -10.635725 9.019685 0.000000 0.000000 14.558720 -0.628770 16.108755 -2.919835 0.000000 0.000000 5.774125 13.419985 5.139140 2.456015 0.000000 0.000000 -9.615135 -4.571480 -6.553550 -3.581520 0.000000 0.000000
1.0453 -29.4828 24.2012 4.8830 9.0521 175.2044 -1.5122 8.7885 0.1614 -1.1568 1.1287 0.1660 10.2061 4.9838 -0.2801 0.0248 3.0923 -1.8105 -9.8826 3.8347 -1.5474 3.3683 0.9004 -4.2498 -8.8947 5.1868 3.2527 -12.9099 -29.3901 61.9759 0.0000 0.0000 28.0111 0.2165 8.7855 0.1861 -0.0000 -0.0000 0.0000 0.0000 0.0000 0.0000 -0.8117 -1.3774 -7.3002 16.4783 11.5624 -82.9676 -0.0000 0.0000 7.9827 12.6457 4.0311 -6.5741 0.0000 0.0000 -0.0000 -0.0000 0.0000 -0.0000 -28.078450 10.069210 -11.771070 5.246875 0.000000 0.000000 13.168800 -1.730795 15.718945 -3.887815 0.000000 0.000000 6.400150 13.592875 6.137210 3.786010 0.000000 0.000000 -11.441275 -3.200855 -8.273440 -2.736960 0.000000 0.000000
1.0812 -28.9422 24.1571 4.6717 8.6639 176.0131 -1.2726 8.4771 0.0151 -1.0021 0.9583 0.1402 10.1208 5.1425 -0.2742 -0.0166 3.2483 -1.8776 -9.8026 3.9482 -1.1050 3.7935 1.0351 -3.6440 -8.9926 5.5603 3.3324 -13.5166 -29.1399 60.9303 0.0000 0.0000 28.5778 0.2027 7.7710 0.6796 0.0000 -0.0000 0.0000 0.0000 -0.0000 0.0000 -0.7702 -1.2664 -7.3141 16.7927 12.0693 -82.7065 -0.0000 0.0000 8.0974 12.5453 4.6342 -6.4831 -0.0000 0.0000 -0.0000 0.0000 -0.0000 0.0000 -29.321660 8.786900 -12.310820 4.236055 0.000000 0.000000 9.080300 -3.164830 12.710965 -3.058725 0.000000 0.000000 6.802965 12.937950 7.143610 5.348395 0.000000 0.000000 -12.890695 -1.742340 -9.968085 -3.684540 0.000000 0.000000
1.1294 -28.3795 24.1351 4.1674 7.7215 177.3602 -1.1634 7.8010 -0.2383 -0.9324 0.9416 0.1209 9.9858 4.8754 -0.4654 -0.0342 3.2039 -1.8867 -9.6568 4.0839 -0.8294 4.4030 1.4159 -3.1614 -8.9175 5.7166 3.2043 -13.8036 -28.7922 60.4230 0.0000 0.0000 28.3551 -0.7146 6.5138 1.2244 0.0000 0.0000 0.0000 -0.0000 -0.0000 0.0000 -0.4802 -1.1193 -7.4116 17.2280 12.8129 -82.7966 -0.0000 0.0000 8.0830 11.8915 4.5767 -6.3045 0.0000 0.0000 -0.0000 -0.0000 0.0000 -0.0000 -30.599550 7.519635 -14.055785 5.225540 0.000000 0.000000 6.675310 -3.443460 8.976065 -1.736040 0.000000 0.000000 7.182915 11.747270 7.456580 6.517655 0.000000 0.000000 -13.974870 -1.602345 -10.890590 -5.492830 0.000000 0.000000
1.1790 -27.7984 24.1276 3.2115 6.7468 179.0896 -1.4325 7.0262 -0.3793 -1.0987 1.0640 0.1207 10.0868 4.4123 -0.9348 0.0021 3.0922 -1.9052 -9.7428 4.5638 -0.7312 5.0424 2.3049 -2.8304 -8.7906 5.3025 2.8945 -13.8995 -28.0674 60.5431 0.0000 0.0000 27.6410 -1.3031 5.3142 1.4599 0.0000 -0.0000 0.0000 -0.0000 -0.0000 -0.0000 -0.0583 -1.2585 -7.6589 17.7444 13.6335 -83.0638 -0.0000 0.0000 7.8682 10.5670 4.1811 -6.0785 0.0000 -0.0000 0.0000 -0.0000 -0.0000 0.0000 -31.714920 6.485355 -16.685515 6.868760 0.000000 0.000000 7.741040 -3.357355 5.007330 -1.509855 0.000000 0.000000 7.245900 10.435465 7.532145 7.488440 0.000000 0.000000 -14.821725 -1.982720 -11.760735 -6.772250 0.000000 0.000000
1.2250 -27.1904 24.1116 1.9267 5.9947 -179.2488 -2.0306 6.2917 -0.3009 -1.4280 1.1284 0.1147 10.3536 4.0083 -1.4512 -0.0068 3.0902 -1.9618 -10.0573 5.6904 -0.6295 5.6856 3.7484 -2.6298 -8.7446 4.3959 2.6587 -13.7835 -27.1580 60.8903 0.0000 0.0000 26.9787 -1.3186 4.2679 1.3702 0.0000 0.0000 -0.0000 -0.0000 -0.0000 0.0000 0.1116 -1.4071 -8.1402 18.3310 14.9251 -83.2144 -0.0000 0.0000 7.7680 9.7508 4.3295 -6.1141 -0.0000 0.0000 -0.0000 0.0000 -0.0000 -0.0000 -32.385995 5.536755 -18.914640 8.128375 0.000000 0.000000 10.182580 -3.462415 1.637505 -2.147185 0.000000 0.000000 7.044110 9.243170 7.782725 8.470275 0.000000 0.000000 -15.623445 -1.491590 -13.048570 -7.323220 0.000000 0.000000
1.2633 -26.5239 24.0688 0.6237 5.2163 -178.0091 -2.7617 5.4018 -0.2300 -1.7439 0.9303 0.0743 10.4911 3.6719 -1.6499 -0.1170 3.2795 -2.0337 -10.4072 7.7923 -0.2404 6.3463 5.5903 -2.4491 -8.7496 3.3753 2.7764 -13.3909 -26.2546 61.0612 0.0000 0.0000 26.7744 -1.1803 3.0966 1.1876 0.0000 -0.0000 0.0000 0.0000 0.0000 -0.0000 -0.1096 -1.3217 -8.7221 19.0002 17.5614 -83.2390 -0.0000 0.0000 8.1579 10.8544 4.9839 -6.3779 -0.0000 0.0000 -0.0000 -0.0000 0.0000 0.0000 -32.270820 4.337065 -19.423280 9.227510 0.000000 0.000000 11.247460 -3.582520 0.343295 -2.422160 0.000000 0.000000 7.026685 8.081560 8.248865 9.295200 0.000000 0.000000 -16.545525 -0.364915 -14.432200 -7.995910 0.000000 0.000000
1.2845 -25.7910 23.9912 -0.7462 4.4556 -176.7649 -3.6610 4.3057 -0.2264 -2.1571 0.6601 0.0183 10.6729 3.3481 -1.8400 -0.2027 3.6079 -2.1707 -11.0264 10.8182 0.4384 6.7635 7.6996 -2.1708 -8.7694 2.0860 3.1543 -12.8503 -24.6056 61.1332 0.0000 0.0000 26.8735 -1.1801 1.2757 1.2717 0.0000 0.0000 0.0000 -0.0000 -0.0000 0.0000 -0.3662 -1.2368 -9.1830 19.5716 20.4312 -83.2634 -0.0000 0.0000 8.7074 12.6973 5.3686 -6.6098 -0.0000 -0.0000 0.0000 0.0000 -0.0000 0.0000 -31.108190 3.137715 -18.158055 10.223965 0.000000 0.000000 10.967300 -3.284680 1.714345 -1.585590 0.000000 0.000000 7.093665 6.956245 8.815645 10.097770 0.000000 0.000000 -17.420855 0.614370 -15.813280 -9.017865 0.000000 0.000000
1.2962 -25.0162 23.8828 -2.6531 3.7600 -174.7725 -5.1162 2.8570 0.1015 -3.0471 0.5935 -0.0056 11.6009 3.2893 -2.6254 -0.2004 3.9565 -2.4871 -12.3671 14.3602 1.0691 6.5907 9.9845 -1.8815 -8.9121 -0.2416 3.2975 -12.5113 -21.1179 61.3779 0.0000 0.0000 26.6688 -1.4323 -1.7557 1.7946 0.0000 0.0000 0.0000 -0.0000 -0.0000 0.0000 -0.3758 -0.7662 -9.4843 19.8309 20.2579 -83.2478 -0.0000 0.0000 8.7184 12.2742 5.6341 -6.6575 -0.0000 -0.0000 -0.0000 -0.0000 0.0000 0.0000 -28.957435 2.109300 -16.680330 9.696030 0.000000 0.000000 10.900575 -1.083435 4.578590 0.058905 0.000000 0.000000 6.441885 5.686770 9.413790 11.514975 0.000000 0.000000 -18.198265 1.654515 -17.684215 -9.567900 0.000000 0.000000
1.3434 -24.1771 23.7807 -4.4889 1.6968 -172.4938 -6.8671 -0.1704 0.6287 -4.4126 0.1596 -0.0684 13.4583 3.9201 -3.4110 -0.3189 4.2979 -2.8657 -14.2447 18.0579 1.5779 6.0131 12.1432 -1.7739 -9.3856 -3.3654 3.0600 -12.4802 -16.6633 61.4132 0.0000 0.0000 25.9779 -1.7670 -6.0175 2.4082 -0.0000 -0.0000 0.0000 0.0000 -0.0000 0.0000 -0.2354 1.4477 -9.5857 19.6972 16.0444 -83.0487 -0.0000 0.0000 8.2756 9.3987 6.2699 -6.5996 -0.0000 -0.0000 -0.0000 0.0000 0.0000 0.0000 -25.513320 -0.350005 -16.355290 5.895000 0.000000 0.000000 11.548445 3.750515 6.427595 1.086810 0.000000 0.000000 5.243470 2.894775 10.491930 13.981760 0.000000 0.000000 -19.475560 2.948385 -20.237700 -9.380220 0.000000 0.000000
1.4295 -23.2243 23.7243 -4.3659 -2.4281 -171.6645 -7.3819 -4.5384 0.5750 -5.1429 -2.0730 -0.5118 14.5822 4.8954 -2.6994 -0.7460 4.8327 -2.9464 -15.7577 21.1809 2.5393 5.5111 13.6872 -1.7461 -10.2264 -4.7297 3.2881 -12.2208 -14.9245 60.1986 0.0000 0.0000 25.3742 -1.7998 -9.9652 2.3775 0.0000 -0.0000 0.0000 0.0000 0.0000 -0.0000 0.0392 4.9564 -9.2141 19.4893 11.7475 -82.9215 -0.0000 0.0000 7.8453 6.8695 6.3806 -6.3575 -0.0000 -0.0000 0.0000 -0.0000 0.0000 0.0000 -20.509115 -5.319785 -15.243575 -0.116285 0.000000 0.000000 12.800665 7.686355 5.278140 0.880770 0.000000 0.000000 4.946225 -2.044915 12.467075 17.844330 0.000000 0.000000 -21.155160 3.628300 -22.517400 -9.938330 0.000000 0.000000
1.5048 -22.3365 23.7563 -3.5566 -6.5036 -173.2674 -6.5616 -7.5340 0.3087 -4.5717 -4.9193 -1.0635 13.6919 4.1557 -0.5550 -1.2617 5.5035 -2.6243 -17.0407 22.5192 4.4871 4.9274 13.9497 -1.3917 -10.7444 -3.4785 4.9373 -12.0409 -16.6456 58.0003 0.0000 0.0000 25.0861 -2.0137 -11.1932 1.5448 -0.0000 0.0000 -0.0000 0.0000 0.0000 -0.0000 0.5505 7.4194 -8.0169 19.2804 10.5547 -83.1921 -0.0000 0.0000 7.4200 5.5258 4.7643 -5.8703 0.0000 0.0000 0.0000 -0.0000 0.0000 0.0000 -17.468665 -9.930780 -12.027515 -2.251910 0.000000 0.000000 12.634745 8.121045 2.581345 0.217940 0.000000 0.000000 3.630255 -6.953155 14.157045 24.755340 0.000000 0.000000 -20.751920 2.982725 -22.952940 -12.511025 0.000000 0.000000
1.5725 -21.6095 23.8789 -2.8774 -8.6130 -175.2103 -5.0255 -8.1247 0.2746 -3.4469 -5.5132 -1.0918 12.2912 1.6485 0.6613 -1.5120 5.3452 -2.1480 -18.1017 20.6097 6.3291 4.0374 12.6476 -0.5690 -10.3670 -1.5801 7.2899 -12.5235 -19.3574 56.1786 0.0000 0.0000 24.8138 -3.0918 -9.0126 0.5815 -0.0000 0.0000 -0.0000 -0.0000 -0.0000 0.0000 1.2825 6.2709 -6.6441 19.1789 11.5724 -83.7149 -0.0000 0.0000 6.5854 3.3330 2.1403 -5.3064 -0.0000 0.0000 0.0000 0.0000 -0.0000 0.0000 -16.570215 -12.255615 -12.252850 0.053630 0.000000 0.000000 9.929535 7.535480 3.821920 -0.076500 0.000000 0.000000 -0.502785 -10.372195 13.257150 35.306220 0.000000 0.000000 -14.994530 2.887185 -21.547040 -15.107860 0.000000 0.000000
1.6443 -20.9509 24.0033 -1.7263 -8.9942 -174.8585 -3.4601 -7.3086 0.1914 -2.6177 -4.1947 -0.8416 11.4598 -0.3071 -0.1465 -1.4678 4.1639 -1.7802 -17.7633 15.5026 6.1662 3.4100 10.1425 0.2323 -9.1963 -0.5374 8.3199 -12.9803 -21.4885 55.8341 0.0000 0.0000 24.1079 -4.7803 -5.2617 -0.0974 0.0000 0.0000 -0.0000 -0.0000 -0.0000 0.0000 1.8999 2.4776 -6.2080 19.3170 12.2393 -83.9292 -0.0000 0.0000 5.4215 0.2926 0.7145 -5.1088 0.0000 -0.0000 0.0000 -0.0000 0.0000 0.0000 -14.849390 -12.731700 -14.871615 1.731445 0.000000 0.000000 7.214805 7.558515 6.575240 0.091715 0.000000 0.000000 -6.610290 -12.354395 9.558715 46.683385 0.000000 0.000000 -5.345415 4.998840 -19.658000 -13.455630 0.000000 0.000000
1.7160 -20.2956 24.0981 -0.2833 -9.1861 -173.2303 -2.2368 -6.6111 0.0707 -2.1480 -2.9029 -0.6211 11.1261 -1.0113 -1.2944 -1.3750 2.7809 -1.4477 -16.1451 9.3482 4.0752 3.8174 6.8766 0.2405 -7.9823 -0.1397 7.2151 -12.3222 -23.1169 57.1750 0.0000 0.0000 22.6737 -6.0215 -2.7619 -0.6233 0.0000 0.0000 -0.0000 0.0000 -0.0000 -0.0000 1.8302 0.5065 -6.7321 19.2663 11.3900 -83.3847 -0.0000 0.0000 4.5435 -0.7142 1.2194 -5.4837 0.0000 -0.0000 0.0000 -0.0000 0.0000 -0.0000 -11.718925 -13.287260 -15.222920 0.771710 0.000000 0.000000 5.861605 7.651335 6.461935 0.458405 0.000000 0.000000 -12.718645 -13.599730 5.392525 55.746680 0.000000 0.000000 1.037490 7.009430 -17.778650 -11.094330 0.000000 0.000000
1.7306 -19.6657 24.1753 0.8098 -9.4545 -172.9959 -1.4694 -6.5483 0.0267 -1.8616 -2.4922 -0.4818 11.1404 -0.6041 -1.0261 -1.3244 1.7929 -0.9928 -14.3914 4.0308 1.5684 4.9328 3.4298 -0.6863 -7.3650 0.7277 5.4202 -10.6238 -24.7611 59.2591 0.0000 0.0000 20.5143 -6.0806 -3.1968 -0.9252 -0.0000 0.0000 -0.0000 -0.0000 0.0000 0.0000 1.2990 1.7826 -7.3496 18.5817 10.6473 -82.2392 -0.0000 0.0000 4.0404 0.5671 1.9096 -6.2397 0.0000 -0.0000 -0.0000 -0.0000 -0.0000 0.0000 -8.696580 -13.968365 -12.431010 -0.459175 0.000000 0.000000 5.043055 7.014515 4.293925 0.994670 0.000000 0.000000 -17.560415 -14.422020 3.208875 61.438280 0.000000 0.000000 0.670290 6.679970 -14.670710 -11.727495 0.000000 0.000000
1.6900 -19.0962 24.2303 1.3136 -9.6711 -174.6052 -1.1939 -7.0206 0.0766 -1.7013 -2.6628 -0.4071 11.5481 0.3276 0.3207 -1.1169 1.3215 -0.4947 -13.3090 0.3920 -0.2539 5.6811 0.6468 -1.8628 -7.1500 2.3426 4.5782 -8.9731 -25.9488 61.2137 0.0000 0.0000 18.1058 -5.1181 -5.8686 -0.6828 0.0000 -0.0000 0.0000 -0.0000 0.0000 0.0000 0.9746 3.5709 -7.5372 17.2125 11.7769 -80.8570 -0.0000 0.0000 3.3318 0.4791 1.3223 -6.9486 -0.0000 0.0000 0.0000 0.0000 -0.0000 0.0000 -6.805755 -14.341345 -9.768555 -0.084325 0.000000 0.000000 3.641575 6.356530 3.581030 1.484610 0.000000 0.000000 -21.203430 -15.189910 3.184225 63.727415 0.000000 0.000000 -2.955300 3.714490 -9.947090 -12.260700 0.000000 0.000000
1.6310 -18.5607 24.2596 1.7141 -9.7034 -176.2641 -1.1200 -7.6263 0.1263 -1.6086 -2.8104 -0.3666 12.2672 1.0242 1.3760 -0.6972 1.1590 -0.1600 -12.9246 -1.4076 -1.2300 5.6878 -0.8262 -2.6484 -6.8491 3.7535 4.7029 -7.9375 -25.7046 62.7555 0.0000 0.0000 16.5985 -3.8286 -8.2583 -0.0164 -0.0000 0.0000 -0.0000 0.0000 0.0000 -0.0000 0.9288 3.6858 -7.5775 15.8306 14.3240 -79.5888 -0.0000 0.0000 2.4169 -2.7282 0.1200 -7.5155 -0.0000 -0.0000 0.0000 -0.0000 0.0000 -0.0000 -5.234615 -14.473180 -9.389030 0.646930 0.000000 0.000000 2.038815 6.729850 5.020505 1.476280 0.000000 0.000000 -24.149020 -15.620690 3.379640 62.978055 0.000000 0.000000 -4.970395 0.442500 -4.762855 -10.999300 0.000000 0.000000
1.5618 -18.0285 24.2862 2.2009 -9.5701 -176.9059 -0.9899 -8.0284 0.0981 -1.5615 -2.8524 -0.3555 12.9277 1.1902 1.7255 -0.3299 1.1400 -0.0307 -12.8538 -1.6781 -1.6094 5.5051 -1.0973 -3.0167 -6.3671 4.0001 4.9768 -7.2118 -24.2116 63.7470 0.0000 0.0000 16.7660 -3.1480 -8.4819 0.4242 0.0000 -0.0000 0.0000 0.0000 -0.0000 -0.0000 0.8224 2.9600 -7.7325 15.2178 16.3021 -78.8129 -0.0000 0.0000 1.9752 -6.0650 -0.5502 -8.0422 0.0000 0.0000 0.0000 0.0000 0.0000 0.0000 -3.364785 -14.435185 -9.613940 0.456190 0.000000 0.000000 0.845755 7.730215 6.092270 0.924205 0.000000 0.000000 -26.460765 -15.351580 2.861225 59.454210 0.000000 0.000000 -5.203210 -1.319040 -0.039150 -9.795955 0.000000 0.000000
1.4700 -17.5131 24.3231 2.2378 -9.2640 -177.0822 -0.9903 -8.1565 0.0421 -1.5557 -2.8962 -0.3692 13.2213 1.0551 1.8096 -0.1971 1.1929 -0.0024 -12.8511 -0.9931 -1.5972 5.6558 -0.7367 -3.2178 -6.0568 3.4275 5.1894 -6.5093 -23.3139 64.0924 0.0000 0.0000 17.7892 -3.4243 -7.3556 0.4498 -0.0000 0.0000 -0.0000 0.0000 -0.0000 -0.0000 0.6053 2.6978 -7.8722 15.3672 16.6257 -78.6982 -0.0000 0.0000 2.1714 -6.5023 -0.6513 -8.4044 0.0000 -0.0000 0.0000 -0.0000 -0.0000 0.0000 -1.992970 -14.086430 -8.653100 0.178920 0.000000 0.000000 -0.090010 8.290620 5.478995 0.311525 0.000000 0.000000 -28.021450 -14.616670 2.465550 53.229065 0.000000 0.000000 -5.143880 -2.248515 3.250605 -9.254165 0.000000 0.000000
1.3669 -17.0041 24.3575 2.0014 -8.8474 -177.2557 -1.0066 -8.1771 0.0067 -1.5402 -2.8760 -0.3775 13.2170 0.9140 1.8428 -0.1733 1.2791 -0.0264 -12.8672 -0.0911 -1.4227 5.9517 -0.2031 -3.3717 -6.0761 3.0795 5.5113 -5.8984 -24.1819 64.0560 0.0000 0.0000 18.1711 -4.2100 -6.8442 0.4790 0.0000 0.0000 -0.0000 -0.0000 -0.0000 -0.0000 0.4386 2.5597 -7.9072 15.8196 15.8985 -79.0112 -0.0000 0.0000 2.5588 -4.7839 -0.6936 -8.5907 0.0000 0.0000 -0.0000 -0.0000 0.0000 0.0000 -1.209695 -13.494065 -7.631570 0.684330 0.000000 0.000000 -1.375380 8.225085 4.849655 0.093840 0.000000 0.000000 -28.499745 -13.973815 2.953025 44.835740 0.000000 0.000000 -4.670685 -2.848785 3.539435 -8.590995 0.000000 0.000000
1.2781 -16.4809 24.3698 1.7539 -8.6496 -177.2132 -1.1012 -8.3480 -0.0798 -1.5685 -2.7735 -0.3897 13.2572 0.8233 1.7120 -0.0970 1.3888 -0.1026 -12.9494 0.5056 -1.3316 5.9310 0.2247 -3.5310 -6.1421 3.1435 5.8661 -5.4500 -25.4212 64.0729 0.0000 0.0000 17.5248 -4.8229 -7.3482 0.5580 -0.0000 -0.0000 -0.0000 -0.0000 -0.0000 0.0000 0.2513 2.0916 -7.9955 16.2439 15.0004 -79.3382 -0.0000 0.0000 2.8588 -3.1054 -0.5769 -8.6721 0.0000 0.0000 -0.0000 0.0000 0.0000 -0.0000 -0.659065 -13.099920 -7.925330 1.685375 0.000000 0.000000 -3.104195 8.024145 5.407340 0.231285 0.000000 0.000000 -28.261150 -13.611800 4.238820 35.334270 0.000000 0.000000 -3.311875 -2.756475 0.095320 -7.961740 0.000000 0.000000
1.1932 -15.9298 24.3613 1.5113 -8.7348 -176.8478 -1.3316 -8.6717 -0.2761 -1.6731 -2.6395 -0.4120 13.4377 0.7216 1.4412 -0.0068 1.5006 -0.2122 -13.1038 0.7327 -1.4109 5.6569 0.3348 -3.7748 -6.0150 3.1186 6.0802 -4.8549 -25.0280 64.2271 0.0000 0.0000 16.7494 -5.0699 -7.9619 0.4406 0.0000 -0.0000 -0.0000 -0.0000 0.0000 0.0000 0.0250 1.8878 -8.1373 16.4967 13.9930 -79.5132 -0.0000 0.0000 3.1053 -1.8899 -0.1864 -8.7026 0.0000 -0.0000 0.0000 0.0000 -0.0000 -0.0000 -0.150595 -12.965620 -8.676900 2.724330 0.000000 0.000000 -4.930080 7.960055 6.073145 0.366775 0.000000 0.000000 -27.673885 -13.150590 6.107885 25.419445 0.000000 0.000000 -0.848745 -1.089200 -5.693775 -7.886005 0.000000 0.000000
1.0798 -15.3379 24.3350 1.2308 -8.7939 -176.4892 -1.5827 -9.0273 -0.5026 -1.7597 -2.3640 -0.4122 13.4716 0.6451 1.2124 0.0079 1.5405 -0.2981 -13.2170 0.6486 -1.6128 5.5852 0.0973 -4.1203 -5.7078 2.9466 6.1351 -3.9957 -23.3994 64.2867 0.0000 0.0000 16.3867 -5.2955 -8.1088 0.1679 0.0000 0.0000 0.0000 -0.0000 0.0000 -0.0000 0.0096 2.2405 -8.1749 16.6159 12.8003 -79.6683 -0.0000 0.0000 3.2668 -0.7245 -0.0632 -8.6262 -0.0000 -0.0000 -0.0000 -0.0000 0.0000 0.0000 0.340875 -12.750995 -8.641115 3.869790 0.000000 0.000000 -6.747975 7.994480 5.823840 0.271235 0.000000 0.000000 -26.750190 -12.166460 8.095865 15.678615 0.000000 0.000000 2.941575 3.121530 -10.984005 -8.327750 0.000000 0.000000
0.9310 -14.6933 24.2887 1.0248 -8.6296 -176.3664 -1.6896 -9.2790 -0.6704 -1.7433 -1.9276 -0.3768 13.2099 0.6213 1.0968 -0.0464 1.4761 -0.3225 -13.2684 0.2596 -1.8855 5.8520 -0.3193 -4.4348 -5.4330 3.0274 6.1001 -3.1909 -22.6277 64.2178 0.0000 0.0000 15.9309 -5.7025 -8.1739 -0.0591 0.0000 -0.0000 0.0000 0.0000 0.0000 0.0000 0.2054 2.6094 -8.1815 16.7861 12.0164 -79.8128 -0.0000 0.0000 3.2996 0.1717 -0.3034 -8.4736 0.0000 -0.0000 -0.0000 -0.0000 0.0000 -0.0000 1.002005 -12.276100 -8.273235 5.159240 0.000000 0.000000 -8.639395 7.947050 5.382435 0.082450 0.000000 0.000000 -25.794195 -10.648530 7.965390 7.701025 0.000000 0.000000 6.210505 8.380820 -12.459435 -8.798480 0.000000 0.000000
0.7762 -14.0248 24.2361 0.6817 -8.2852 -176.3628 -1.8170 -9.0197 -0.7739 -1.7707 -1.6848 -0.3593 13.0131 0.5219 0.9824 -0.1684 1.3535 -0.3100 -13.5961 -0.3610 -2.1529 6.1163 -0.7868 -4.5774 -5.3838 3.0133 6.0410 -2.7566 -22.7850 64.2266 0.0000 0.0000 15.0130 -6.2475 -8.6515 -0.2372 -0.0000 0.0000 0.0000 -0.0000 0.0000 0.0000 0.2460 2.8957 -8.3760 17.0059 11.8574 -79.6575 -0.0000 0.0000 3.3548 0.6871 -0.1902 -8.4537 0.0000 0.0000 0.0000 -0.0000 -0.0000 0.0000 1.629730 -11.606300 -8.390280 6.415030 0.000000 0.000000 -10.504805 7.640115 5.525830 0.052870 0.000000 0.000000 -25.771500 -9.062175 5.739410 3.394585 0.000000 0.000000 5.997920 10.498425 -9.618990 -9.241160 0.000000 0.000000
0.6198 -13.3419 24.1764 0.1763 -7.9469 -176.3948 -1.9730 -8.3872 -0.8936 -1.8888 -1.7020 -0.3678 12.9467 0.3065 0.8639 -0.3621 1.1893 -0.2741 -14.1800 -1.0254 -2.3450 6.1601 -1.4236 -4.5794 -5.4361 2.5204 6.0752 -2.6419 -22.5129 64.1730 0.0000 0.0000 14.2179 -6.6172 -9.1964 -0.4826 0.0000 0.0000 -0.0000 0.0000 0.0000 0.0000 0.1986 3.2805 -8.6878 17.1498 11.6525 -79.2635 -0.0000 0.0000 3.5716 1.0983 0.2955 -8.5571 0.0000 -0.0000 0.0000 0.0000 0.0000 -0.0000 2.281255 -10.930890 -8.465760 7.367200 0.000000 0.000000 -12.196220 7.141250 5.726175 0.067745 0.000000 0.000000 -26.955210 -7.526225 5.953100 3.208605 0.000000 0.000000 3.790895 7.979960 -6.290135 -9.738495 0.000000 0.000000
0.4388 -12.5846 24.0965 -0.3141 -7.3978 -177.0920 -2.2630 -7.7602 -0.9386 -1.9784 -1.6476 -0.3347 12.8108 0.3420 1.1070 -0.4954 0.9678 -0.1416 -14.4824 -1.7939 -2.5584 6.1389 -2.5401 -4.5795 -5.2142 1.9741 6.1793 -2.5581 -21.9134 63.8458 0.0000 0.0000 14.1347 -6.5910 -9.0141 -0.6936 -0.0000 0.0000 -0.0000 -0.0000 -0.0000 -0.0000 0.3359 3.6031 -8.8546 17.4189 10.9276 -79.0208 -0.0000 0.0000 3.8515 1.3954 0.4492 -8.5149 0.0000 -0.0000 0.0000 0.0000 0.0000 -0.0000 3.324970 -10.002945 -7.584820 8.043120 0.000000 0.000000 -13.807055 6.545910 5.501775 -0.189550 0.000000 0.000000 -27.596960 -6.119985 8.536675 4.434475 0.000000 0.000000 2.459200 5.633195 -2.485025 -9.864380 0.000000 0.000000
0.2256 -11.7246 24.0017 -1.0823 -6.3354 -179.1475 -3.0845 -7.0720 -1.0172 -2.3309 -1.5055 -0.2397 12.8197 1.0079 2.1557 -0.4433 0.7896 0.1731 -14.4550 -3.1670 -2.8951 6.2441 -4.3411 -4.5592 -4.6970 1.6962 6.1969 -2.2337 -21.9974 63.5696 0.0000 0.0000 14.3996 -6.5655 -8.1603 -0.6843 -0.0000 -0.0000 0.0000 -0.0000 -0.0000 -0.0000 0.1309 4.1037 -8.8170 18.0826 10.3310 -78.7137 -0.0000 0.0000 4.1795 1.8241 0.8159 -8.3683 0.0000 0.0000 0.0000 0.0000 0.0000 -0.0000 4.248155 -8.316715 -6.500390 9.092275 0.000000 0.000000 -15.646540 5.552260 5.919465 -0.447865 0.000000 0.000000 -26.033215 -4.761685 10.616710 3.437085 0.000000 0.000000 3.111235 7.036715 1.603900 -10.037780 0.000000 0.000000
0.0074 -10.7659 23.8885 -2.0545 -5.0688 177.6185 -4.4516 -6.0555 -1.1982 -3.0366 -1.5955 -0.1710 13.1654 1.9835 3.7156 -0.2899 0.6852 0.5886 -14.5009 -5.6083 -3.1973 6.4195 -6.6148 -4.3476 -4.1737 1.0470 6.0413 -1.4779 -21.9775 64.1115 0.0000 0.0000 14.2621 -7.1229 -7.8291 -0.4881 0.0000 -0.0000 -0.0000 -0.0000 -0.0000 0.0000 -1.0535 5.3538 -8.7016 18.7697 10.8499 -77.6307 -0.0000 0.0000 4.8446 3.5446 2.6960 -8.4603 -0.0000 -0.0000 0.0000 -0.0000 -0.0000 0.0000 4.612975 -6.020440 -6.138715 11.124965 0.000000 0.000000 -17.890710 3.981290 7.878885 -0.138040 0.000000 0.000000 -22.466105 -3.285235 7.928245 -0.528590 0.000000 0.000000 5.576405 8.359060 6.359735 -10.871035 0.000000 0.000000
-0.1813 -9.7237 23.7728 -2.0095 -3.5056 174.7184 -5.3981 -3.6653 -1.1924 -3.7320 -1.8059 -0.1723 13.8507 2.3430 4.4486 -0.2746 0.3230 0.8721 -14.6420 -8.9359 -3.3823 6.3726 -8.6056 -3.9331 -3.8054 -1.1815 5.6332 -0.5232 -19.9759 65.6690 0.0000 0.0000 13.7218 -7.6867 -8.6582 -0.3686 -0.0000 0.0000 -0.0000 0.0000 -0.0000 -0.0000 -2.5125 7.2982 -8.6385 18.4430 11.5681 -75.6538 -0.0000 0.0000 5.9628 6.9256 5.2665 -8.7361 -0.0000 -0.0000 -0.0000 -0.0000 -0.0000 0.0000 5.362590 -3.279530 -5.926215 13.959205 0.000000 0.000000 -20.083115 2.520650 9.838135 0.130390 0.000000 0.000000 -18.079935 -1.514430 2.864370 -4.846505 0.000000 0.000000 10.227265 4.516890 9.580810 -11.019275 0.000000 0.000000
-0.3966 -8.6791 23.7384 -0.7688 -0.8250 173.7925 -5.6995 0.1932 -1.0698 -4.2920 -0.8583 0.0013 14.7889 1.5772 3.5481 -0.4429 -0.5156 0.8887 -14.3678 -11.7475 -3.6883 5.9484 -9.5847 -3.5266 -3.5179 -4.5301 4.9211 0.1925 -17.2229 67.2673 0.0000 0.0000 13.5550 -7.1915 -9.3174 -0.3712 0.0000 0.0000 0.0000 0.0000 0.0000 -0.0000 -2.9903 9.0287 -8.7609 17.1457 10.8702 -73.6650 -0.0000 0.0000 6.8327 9.7773 5.8473 -8.5828 0.0000 0.0000 -0.0000 0.0000 -0.0000 0.0000 6.295295 0.290895 -5.510225 17.803160 0.000000 0.000000 -21.172475 1.648465 9.842130 -1.310700 0.000000 0.000000 -15.171575 1.882340 2.061545 -5.451195 0.000000 0.000000 13.683875 -2.225310 8.470285 -9.230705 0.000000 0.000000
-0.6533 -7.7095 23.8692 0.4804 2.3491 174.0714 -5.8755 3.1287 -0.8259 -4.5634 1.0850 0.4014 15.0946 1.1481 2.1059 -0.4700 -1.3567 0.7508 -13.3956 -12.6634 -4.4223 5.5835 -9.5128 -3.4617 -3.3004 -6.2587 3.9037 1.3204 -18.2489 67.8975 0.0000 0.0000 14.0145 -6.3497 -8.2660 -0.3004 0.0000 0.0000 -0.0000 0.0000 -0.0000 0.0000 -2.6151 8.9895 -9.1284 16.3695 10.3143 -72.6597 -0.0000 0.0000 6.7631 9.8936 3.8839 -7.7851 -0.0000 0.0000 -0.0000 0.0000 0.0000 -0.0000 5.615295 3.998085 -4.363405 23.876580 0.000000 0.000000 -19.518800 0.410610 8.226365 -4.707130 0.000000 0.000000 -13.759130 5.629395 3.480450 -3.071705 0.000000 0.000000 12.550910 -4.592645 7.121505 -7.861355 0.000000 0.000000
-0.8942 -6.8827 24.1109 0.6989 3.9449 173.4740 -6.1085 3.1482 -0.4565 -4.4192 1.9825 0.6083 13.9331 2.1807 1.7743 -0.2371 -1.2532 0.6489 -12.4607 -11.6671 -5.1817 5.8274 -8.7128 -4.0177 -3.0264 -4.6733 3.3415 3.1263 -23.6476 67.1887 0.0000 0.0000 14.2637 -7.0841 -6.9948 -0.0115 -0.0000 0.0000 -0.0000 0.0000 -0.0000 -0.0000 -2.6629 7.0642 -9.5230 16.5868 12.2756 -72.6833 -0.0000 0.0000 6.0248 8.0844 2.3320 -7.4307 -0.0000 -0.0000 -0.0000 -0.0000 0.0000 0.0000 1.296020 6.161505 -1.570645 33.365300 0.000000 0.000000 -14.337540 -2.172030 6.919575 -7.387435 0.000000 0.000000 -12.423525 7.264115 4.508780 -1.718590 0.000000 0.000000 9.344710 -2.109030 6.981680 -8.388355 0.000000 0.000000
-1.1160 -6.2253 24.2905 0.4150 4.5002 171.6443 -5.7917 2.3411 -0.1206 -3.8777 1.6044 0.5272 11.8470 3.3484 2.6608 -0.1308 -0.4358 0.6503 -12.3586 -9.4481 -5.2671 6.3578 -7.6019 -4.8378 -2.5873 -1.4282 3.9555 4.1743 -28.1698 65.6576 0.0000 0.0000 13.5191 -8.7329 -8.0474 0.0470 0.0000 0.0000 0.0000 -0.0000 -0.0000 0.0000 -3.4173 4.7858 -9.9019 16.6672 15.3437 -73.0338 -0.0000 0.0000 5.2432 6.7956 3.2165 -7.7609 -0.0000 -0.0000 -0.0000 -0.0000 0.0000 0.0000 -5.934335 7.095230 1.847035 44.910765 0.000000 0.000000 -7.178585 -4.820800 6.737250 -6.487965 0.000000 0.000000 -11.060550 7.854355 5.532435 -1.884765 0.000000 0.000000 6.871125 -0.481790 6.828000 -9.252550 0.000000 0.000000
-1.3191 -5.6657 24.3244 0.9284 5.7699 170.4772 -4.6811 3.4935 -0.0395 -3.2357 1.3993 0.4588 10.4868 3.5984 3.1216 -0.3610 -0.0138 0.6081 -12.9104 -7.3690 -4.9309 6.2990 -6.5800 -5.2118 -2.3591 0.1268 4.6582 3.7998 -28.1296 64.4367 0.0000 0.0000 12.4132 -8.1739 -10.3207 -0.4202 -0.0000 0.0000 0.0000 -0.0000 -0.0000 0.0000 -3.7672 3.4079 -10.3201 15.3695 15.6961 -73.2780 -0.0000 0.0000 4.7193 7.1929 4.2699 -7.7584 0.0000 0.0000 0.0000 0.0000 -0.0000 0.0000 -12.740880 8.487530 3.774155 55.185820 0.000000 0.000000 -2.373790 -5.561830 5.692855 -4.274140 0.000000 0.000000 -9.742115 9.561665 8.797285 -1.801465 0.000000 0.000000 5.392465 -1.577950 4.046290 -9.137630 0.000000 0.000000
-1.4629 -5.1145 24.2936 2.0807 7.6025 171.4577 -3.6529 6.1691 -0.1208 -2.8724 2.0733 0.5023 10.6366 3.2301 1.8810 -0.7058 -0.2974 0.3625 -13.2119 -6.5004 -4.8833 5.7279 -6.1783 -4.9164 -2.2650 -1.1237 4.2540 2.6062 -25.8109 63.9323 0.0000 0.0000 12.1629 -5.3786 -10.1458 -0.8496 -0.0000 -0.0000 -0.0000 -0.0000 -0.0000 0.0000 -3.0793 3.2995 -10.7548 12.9080 12.9204 -73.2200 -0.0000 0.0000 4.2039 7.7633 2.6251 -7.1993 0.0000 0.0000 0.0000 -0.0000 0.0000 -0.0000 -17.441550 10.823075 3.198280 62.019905 0.000000 0.000000 -2.715320 -4.064215 2.105770 -3.159365 0.000000 0.000000 -8.007945 12.029385 12.389895 -1.401285 0.000000 0.000000 3.737515 -2.324505 -0.264400 -8.436040 0.000000 0.000000
-1.5255 -4.5566 24.3062 2.6971 8.7660 174.1149 -3.3603 8.3467 -0.1765 -2.8017 3.1558 0.5868 11.4596 2.7885 -0.4832 -0.8796 -0.7310 -0.1421 -12.9110 -6.7078 -5.1446 5.7279 -6.7787 -4.1858 -2.1840 -2.8874 3.1336 1.6584 -25.7041 63.5038 0.0000 0.0000 12.8298 -4.5649 -6.9669 -1.2164 -0.0000 0.0000 0.0000 0.0000 0.0000 -0.0000 -2.1108 3.8684 -11.1548 10.6577 11.0642 -72.6657 -0.0000 0.0000 3.3117 6.6275 -1.3293 -6.8439 0.0000 -0.0000 0.0000 -0.0000 0.0000 0.0000 -20.628710 12.946800 0.725120 64.565485 0.000000 0.000000 -5.706215 -0.783810 -2.439605 -2.613750 0.000000 0.000000 -5.908870 13.615825 13.131690 -1.440385 0.000000 0.000000 2.065480 -0.735260 -3.369110 -8.180020 0.000000 0.000000
-1.5282 -4.0336 24.3830 2.5529 8.8396 176.8655 -3.5206 9.4144 -0.2179 -2.8012 3.8117 0.6133 11.9344 2.6021 -2.6204 -0.8136 -0.7939 -0.7100 -12.5333 -7.2122 -5.1107 6.5653 -8.0552 -3.2976 -2.2417 -3.2900 2.4003 1.3379 -27.8181 62.4736 0.0000 0.0000 13.2763 -7.4501 -5.0323 -1.0801 0.0000 -0.0000 -0.0000 -0.0000 0.0000 -0.0000 -1.7058 4.2685 -11.4251 9.5638 12.3074 -71.7219 -0.0000 0.0000 2.1805 4.1574 -4.7734 -7.7525 0.0000 0.0000 0.0000 -0.0000 0.0000 -0.0000 -23.464820 13.812695 -1.477060 63.367070 0.000000 0.000000 -7.429760 2.043290 -4.912000 -2.362320 0.000000 0.000000 -4.224595 13.824585 12.084575 -1.633420 0.000000 0.000000 0.901320 1.815250 -5.070555 -8.187755 0.000000 0.000000
-1.4952 -3.5682 24.4889 2.3975 8.3686 178.6757 -3.5050 9.9951 -0.2456 -2.7329 3.9181 0.5829 12.0954 2.5622 -3.7917 -0.6607 -0.5770 -1.0931 -12.5511 -7.2532 -4.5251 7.2934 -9.1404 -2.3919 -2.4898 -3.1316 2.3616 0.9144 -28.3320 61.0350 0.0000 0.0000 12.7688 -9.9358 -7.1171 -0.9109 -0.0000 -0.0000 -0.0000 -0.0000 -0.0000 0.0000 -1.6287 4.3571 -11.5313 9.5943 13.9890 -71.0110 -0.0000 0.0000 1.6591 2.9279 -5.8156 -8.8953 -0.0000 -0.0000 -0.0000 0.0000 -0.0000 0.0000 -26.076870 13.558630 -2.004740 59.363230 0.000000 0.000000 -7.022015 2.694220 -4.239650 -2.258790 0.000000 0.000000 -3.068000 13.315095 12.121720 -1.442510 0.000000 0.000000 0.187745 4.076250 -6.769535 -7.815285 0.000000 0.000000
-1.4338 -3.1564 24.5901 2.2235 7.6986 179.8917 -3.4898 10.3156 -0.2109 -2.7044 3.8561 0.5593 12.4765 2.4855 -4.1872 -0.5718 -0.3557 -1.2751 -12.8355 -6.4734 -3.7399 7.2029 -9.3154 -1.6131 -2.8301 -3.4938 2.5604 -0.0890 -26.0116 59.4240 0.0000 0.0000 12.1164 -8.6521 -11.0062 -0.7790 -0.0000 -0.0000 0.0000 -0.0000 -0.0000 0.0000 -1.4165 4.3821 -11.4756 10.4871 13.7178 -71.0249 -0.0000 0.0000 2.2582 4.0084 -4.9636 -8.7500 -0.0000 0.0000 -0.0000 0.0000 0.0000 -0.0000 -28.168890 12.906085 -1.744215 52.846195 0.000000 0.000000 -5.486405 1.896070 -1.445615 -1.869490 0.000000 0.000000 -2.335045 12.475210 13.452310 -0.927665 0.000000 0.000000 -0.376485 6.134440 -8.941540 -7.423095 0.000000 0.000000
-1.3541 -2.7680 24.6727 1.8662 6.7555 -178.6929 -3.5830 10.1161 -0.2259 -2.7218 3.7309 0.5292 13.0053 2.4277 -4.3382 -0.5539 -0.0122 -1.4230 -13.1385 -4.9340 -3.0773 6.6515 -8.5821 -1.2017 -3.0283 -3.9580 2.7790 -1.5581 -23.2722 57.3810 0.0000 0.0000 12.3185 -5.9525 -12.8854 -0.3691 0.0000 -0.0000 -0.0000 0.0000 -0.0000 -0.0000 -1.1950 4.2067 -11.2043 11.9691 12.8897 -71.3956 -0.0000 0.0000 3.6329 5.3897 -3.2483 -7.8702 -0.0000 0.0000 -0.0000 0.0000 -0.0000 0.0000 -29.257230 12.463575 -2.390215 43.958850 0.000000 0.000000 -4.011740 1.118490 1.924210 -1.392130 0.000000 0.000000 -1.768945 11.351850 14.128315 -0.518560 0.000000 0.000000 -0.959330 7.691895 -10.807120 -7.466955 0.000000 0.000000
-1.2823 -2.3839 24.7230 1.4546 5.9760 -177.0159 -3.5500 9.6904 -0.3230 -2.6542 3.4360 0.4653 13.2679 2.6077 -4.3712 -0.5468 0.6096 -1.6260 -13.4973 -2.9250 -2.5994 6.2132 -7.5331 -1.3071 -3.0296 -3.9588 3.1549 -3.3754 -21.8409 54.7105 0.0000 0.0000 13.1428 -5.6539 -12.1492 -0.3933 -0.0000 -0.0000 0.0000 -0.0000 -0.0000 0.0000 -1.1476 3.7699 -10.7811 13.5228 13.3378 -71.5569 -0.0000 0.0000 5.2353 5.3560 -1.4605 -7.2280 0.0000 -0.0000 0.0000 -0.0000 0.0000 0.0000 -29.472110 12.514150 -4.096930 33.711250 0.000000 0.000000 -3.413510 0.979005 4.670390 -1.326595 0.000000 0.000000 -1.220525 10.493350 13.522350 -0.342015 0.000000 0.000000 -1.547190 7.969590 -11.788785 -7.359430 0.000000 0.000000
-1.2245 -2.0031 24.7313 1.1003 5.8714 -175.6447 -3.3621 9.5738 -0.3255 -2.4749 3.0091 0.4014 13.3149 3.1700 -4.0256 -0.5586 1.3124 -1.7792 -13.9399 -0.8843 -2.2959 5.9156 -6.6736 -1.8296 -3.0413 -3.9127 3.7166 -5.5302 -21.0408 51.5718 0.0000 0.0000 13.9817 -7.3577 -10.6065 -0.6676 -0.0000 0.0000 0.0000 -0.0000 0.0000 0.0000 -1.0908 3.6365 -10.2993 14.7418 13.8847 -71.4409 -0.0000 0.0000 6.6538 4.7372 -0.1202 -6.8819 0.0000 0.0000 0.0000 0.0000 -0.0000 0.0000 -29.680955 12.832730 -5.785370 23.714570 0.000000 0.000000 -3.433655 1.358870 5.684015 -1.465995 0.000000 0.000000 -0.586000 10.374095 12.387770 -0.383070 0.000000 0.000000 -2.164205 7.001780 -11.860015 -6.783895 0.000000 0.000000
-1.1623 -1.6069 24.7092 1.0980 6.2516 -174.8192 -2.9143 9.7830 -0.2328 -2.1881 2.5296 0.3617 13.3541 4.0258 -3.2138 -0.6382 1.8733 -1.8236 -14.2509 0.6946 -2.0999 5.6609 -6.0488 -2.4960 -3.0839 -4.1333 4.2356 -7.7547 -20.1748 48.5589 0.0000 0.0000 14.7572 -8.2497 -9.1684 -0.7390 0.0000 -0.0000 0.0000 -0.0000 -0.0000 0.0000 -0.8825 4.1495 -9.7232 15.7691 12.8203 -71.2105 -0.0000 0.0000 7.5235 4.6315 0.6876 -6.5428 0.0000 0.0000 0.0000 -0.0000 -0.0000 0.0000 -30.318540 13.041490 -7.165175 15.507820 0.000000 0.000000 -3.108445 1.706095 4.728955 -1.450610 0.000000 0.000000 0.612245 10.694800 11.095090 -0.822265 0.000000 0.000000 -2.891635 5.657930 -11.354860 -6.897455 0.000000 0.000000
-1.0873 -1.1863 24.6803 1.4076 6.6318 -174.0988 -2.2608 10.0250 -0.2169 -1.7643 2.0852 0.3220 13.3433 4.8618 -2.3889 -0.7580 2.3130 -1.8226 -14.3436 1.5924 -1.9139 5.5743 -5.5298 -2.9753 -3.0195 -4.2080 4.5505 -9.5657 -19.7315 46.2776 0.0000 0.0000 15.5879 -7.7690 -7.9308 -0.6972 -0.0000 0.0000 -0.0000 -0.0000 -0.0000 0.0000 -0.5139 4.8521 -9.0829 16.6716 10.7662 -70.8157 -0.0000 0.0000 7.8102 4.5654 1.1378 -6.0815 0.0000 -0.0000 -0.0000 0.0000 0.0000 -0.0000 -31.514490 13.113315 -9.155025 10.328345 0.000000 0.000000 -2.468565 1.408595 3.284125 -1.287070 0.000000 0.000000 2.331455 10.897865 9.499980 -1.587945 0.000000 0.000000 -3.616345 4.701170 -10.712855 -8.460350 0.000000 0.000000
-1.0108 -0.7573 24.6649 1.7091 6.8561 -173.0757 -1.5281 10.1254 -0.3110 -1.2858 1.8282 0.2870 13.2281 5.4049 -1.9911 -0.8347 2.6537 -1.8580 -14.3878 2.1016 -1.7039 5.6701 -5.1288 -3.1349 -2.8516 -3.9453 4.6923 -10.6641 -19.7369 45.0426 0.0000 0.0000 16.2037 -7.4977 -7.4973 -0.6127 -0.0000 0.0000 -0.0000 0.0000 0.0000 0.0000 -0.1421 5.1660 -8.5705 17.2860 9.5810 -70.2872 -0.0000 0.0000 7.9353 4.0105 1.4114 -5.5950 0.0000 0.0000 0.0000 0.0000 0.0000 -0.0000 -33.140200 13.267165 -12.177285 8.191785 0.000000 0.000000 -2.113265 0.858645 2.903495 -1.004615 0.000000 0.000000 4.000940 10.820090 7.947200 -2.251795 0.000000 0.000000 -4.129915 4.430785 -10.365800 -10.012110 0.000000 0.000000
-0.9342 -0.3175 24.6637 1.8646 6.9021 -171.8918 -0.8436 10.0892 -0.4114 -0.9120 1.7441 0.2657 13.1173 5.5634 -1.8477 -0.8650 2.8684 -1.8996 -14.4106 2.5734 -1.5032 5.7843 -4.8199 -3.1659 -2.8034 -3.6686 4.8232 -11.1124 -19.5859 44.5292 0.0000 0.0000 16.4326 -7.8771 -8.3208 -0.3380 -0.0000 0.0000 -0.0000 0.0000 -0.0000 -0.0000 0.0310 5.0797 -8.2640 17.6765 9.8083 -70.0083 -0.0000 0.0000 8.2142 3.6547 1.7179 -5.3466 -0.0000 0.0000 -0.0000 -0.0000 0.0000 -0.0000 -34.829405 13.393305 -14.628515 8.017110 0.000000 0.000000 -1.785930 0.976115 2.779820 -0.737630 0.000000 0.000000 5.355160 10.478815 6.912665 -2.553800 0.000000 0.000000 -4.650710 4.691480 -10.457855 -9.480180 0.000000 0.000000
-0.8417 0.1618 24.6704 2.1277 6.4755 -170.9146 -0.1866 9.7793 -0.4926 -0.5648 1.5688 0.2298 12.9496 5.4466 -1.5268 -0.9043 2.9693 -1.8399 -14.3279 3.0811 -1.3238 5.8723 -4.4789 -3.2843 -2.9376 -3.4991 5.0635 -11.2451 -19.3208 44.0709 0.0000 0.0000 16.6139 -8.0711 -9.5787 0.0925 0.0000 -0.0000 -0.0000 -0.0000 -0.0000 0.0000 -0.0110 4.9068 -8.0303 18.0848 10.6612 -70.2227 -0.0000 0.0000 8.4155 4.0461 2.0963 -5.5236 -0.0000 -0.0000 0.0000 -0.0000 0.0000 -0.0000 -35.996965 12.967455 -15.410685 8.871530 0.000000 0.000000 -1.147325 1.689350 1.725480 -0.651355 0.000000 0.000000 6.680395 9.619805 6.236830 -2.601315 0.000000 0.000000 -5.585710 4.973000 -10.672905 -7.533255 0.000000 0.000000
-0.7355 0.6696 24.6788 2.1619 5.6881 -170.1202 0.2709 9.2596 -0.5966 -0.3063 1.2997 0.1887 12.6924 5.2585 -1.0095 -0.9874 3.0152 -1.7034 -14.3064 3.5091 -1.1845 5.9130 -4.0937 -3.4666 -3.0488 -3.3588 5.3843 -11.3830 -19.4200 43.4373 0.0000 0.0000 17.0496 -7.9723 -10.1103 0.4114 -0.0000 0.0000 -0.0000 -0.0000 -0.0000 -0.0000 -0.0379 4.7423 -7.8157 18.4503 11.3724 -70.7101 -0.0000 0.0000 8.1930 4.3082 2.3564 -5.9304 0.0000 -0.0000 0.0000 -0.0000 -0.0000 0.0000 -36.541135 12.036365 -15.633300 10.100545 0.000000 0.000000 -0.288485 2.098540 0.632805 -0.753015 0.000000 0.000000 7.562270 8.427595 5.918335 -2.246950 0.000000 0.000000 -6.834700 5.006235 -11.039340 -6.441855 0.000000 0.000000
-0.6281 1.1770 24.6795 1.3955 5.0359 -169.4729 0.2977 8.7702 -0.5677 -0.3399 1.1861 0.1915 12.5073 5.2489 -0.5409 -1.1300 3.0071 -1.5641 -14.6399 3.7691 -1.1600 5.7638 -3.7815 -3.6298 -2.9928 -3.5913 5.6632 -11.6184 -19.5103 42.9755 0.0000 0.0000 17.4889 -8.0501 -9.9934 0.5577 -0.0000 0.0000 -0.0000 -0.0000 -0.0000 0.0000 0.0486 4.6920 -7.7368 18.5247 11.5623 -71.1431 -0.0000 0.0000 7.6876 3.5679 2.4708 -6.1625 0.0000 -0.0000 -0.0000 -0.0000 0.0000 0.0000 -36.682745 10.911135 -16.394135 10.812250 0.000000 0.000000 0.951410 1.926670 0.504880 -0.919785 0.000000 0.000000 7.444545 7.470410 6.366965 -1.376295 0.000000 0.000000 -8.008805 5.139600 -11.867070 -6.659795 0.000000 0.000000
-0.5119 1.7117 24.6549 -0.0872 4.4598 -169.2682 -0.2452 8.3719 -0.2776 -0.6524 1.1228 0.2218 12.5278 5.4307 -0.0075 -1.3530 2.9342 -1.3976 -15.3553 3.9060 -1.2435 5.4620 -3.5919 -3.7998 -2.8541 -4.5021 5.9155 -11.8020 -18.9313 42.8960 0.0000 0.0000 17.6652 -8.1071 -9.8956 0.7517 0.0000 -0.0000 0.0000 -0.0000 -0.0000 0.0000 0.0098 5.0895 -7.8324 18.3798 11.2865 -71.4131 -0.0000 0.0000 7.3244 2.5240 2.6063 -6.1103 -0.0000 -0.0000 0.0000 -0.0000 -0.0000 0.0000 -36.465145 9.284150 -17.411585 10.459840 0.000000 0.000000 2.905900 1.228310 0.692390 -1.019405 0.000000 0.000000 6.694165 6.696060 7.454285 -0.372955 0.000000 0.000000 -9.299785 5.601830 -12.869645 -6.930265 0.000000 0.000000
-0.3895 2.3395 24.5919 -1.5083 3.5933 -169.4398 -1.0402 7.8914 0.0479 -1.0295 0.8923 0.2288 12.6651 5.5010 0.6436 -1.6083 2.8328 -1.1651 -16.2751 4.0179 -1.2782 5.2552 -3.4725 -3.9800 -2.7458 -5.5875 6.2830 -11.7727 -18.1615 42.9516 0.0000 0.0000 17.7693 -7.8190 -9.8460 1.0327 0.0000 0.0000 -0.0000 -0.0000 0.0000 0.0000 -0.1748 5.8737 -8.0516 18.1946 11.0657 -71.4793 -0.0000 0.0000 7.1839 2.2193 2.7616 -5.9933 -0.0000 0.0000 -0.0000 -0.0000 0.0000 0.0000 -35.265030 7.024595 -17.787965 9.623695 0.000000 0.000000 4.900680 -0.343000 0.615975 -1.100155 0.000000 0.000000 6.309370 5.649115 8.510410 0.390515 0.000000 0.000000 -11.072290 6.111915 -13.630820 -6.590775 0.000000 0.000000
-0.3035 3.0620 24.4843 -3.0286 2.9289 -169.0090 -2.0536 7.4053 0.3342 -1.5533 0.7872 0.2349 13.0228 5.4999 0.7745 -1.7767 2.7372 -1.0850 -17.4027 4.0968 -1.3132 5.0760 -3.4028 -4.0797 -2.6363 -6.6091 6.6487 -11.4765 -17.5612 43.1194 0.0000 0.0000 17.8306 -7.7803 -9.8735 1.1889 -0.0000 0.0000 -0.0000 0.0000 -0.0000 -0.0000 -0.2256 6.5120 -8.5324 17.9554 10.9052 -71.2067 -0.0000 0.0000 6.9517 2.3097 2.8383 -5.9816 0.0000 -0.0000 -0.0000 -0.0000 0.0000 -0.0000 -32.851455 5.319070 -16.920370 9.096015 0.000000 0.000000 6.266205 -2.133185 1.365165 -1.417290 0.000000 0.000000 5.982120 4.731030 9.335760 1.391050 0.000000 0.000000 -12.951045 6.605170 -14.682950 -6.291830 0.000000 0.000000
-0.2736 3.8630 24.3295 -5.2305 2.7803 -167.3061 -3.6388 6.6220 0.9066 -2.5993 1.0004 0.2954 14.1118 6.1281 -0.0895 -1.8649 2.6622 -1.3283 -18.8266 4.1264 -1.6049 4.7003 -3.3269 -4.1600 -2.5900 -8.4670 6.7189 -10.8179 -15.9097 43.6353 0.0000 0.0000 17.3852 -8.4618 -10.7406 1.1523 -0.0000 0.0000 -0.0000 0.0000 -0.0000 -0.0000 -0.2047 7.2421 -9.2817 17.7251 9.6146 -70.6624 -0.0000 0.0000 6.4368 1.8191 3.2797 -6.1044 -0.0000 0.0000 -0.0000 -0.0000 0.0000 -0.0000 -29.480440 4.685990 -15.298230 7.992545 0.000000 0.000000 7.860720 -1.685405 3.740150 -1.725245 0.000000 0.000000 4.913755 4.199100 10.085715 3.192370 0.000000 0.000000 -14.635745 7.479565 -16.608965 -6.424685 0.000000 0.000000
-0.2372 4.8140 24.1496 -6.7117 1.1770 -165.7118 -5.4738 3.7318 1.6041 -4.0634 0.5524 0.2748 16.0907 7.8954 -0.7583 -2.0750 2.6883 -1.6155 -20.2465 4.3614 -1.9469 4.4431 -3.0751 -4.3763 -2.8789 -11.3940 6.6866 -9.7003 -12.6788 44.0916 0.0000 0.0000 16.3498 -8.9802 -12.4814 1.0124 0.0000 0.0000 0.0000 -0.0000 -0.0000 0.0000 -0.6048 9.1121 -9.7820 17.6727 7.1077 -70.0507 -0.0000 0.0000 5.7745 0.8750 4.6165 -6.4006 -0.0000 0.0000 0.0000 0.0000 -0.0000 -0.0000 -24.935065 2.479050 -13.765595 4.780565 0.000000 0.000000 9.913385 2.129565 5.748275 -1.082050 0.000000 0.000000 4.293425 2.097305 11.147535 5.382140 0.000000 0.000000 -16.919610 8.743770 -18.748925 -6.553205 0.000000 0.000000
-0.1259 5.9806 24.0064 -4.5999 -3.6826 -166.4000 -5.7831 -1.5432 1.5834 -4.6920 -1.9507 -0.2132 17.2647 8.9382 0.4546 -2.4573 3.0577 -1.3890 -20.9436 5.3396 -1.3999 4.7451 -2.6384 -4.4823 -3.4535 -12.7295 7.1727 -8.2736 -11.0203 44.0081 0.0000 0.0000 15.3062 -8.4027 -13.0370 0.7562 0.0000 -0.0000 0.0000 0.0000 0.0000 0.0000 -1.3239 11.6928 -9.4265 17.5341 6.2855 -69.6109 -0.0000 0.0000 5.3593 0.1343 6.2325 -6.7288 0.0000 -0.0000 0.0000 0.0000 0.0000 0.0000 -18.763640 -3.864755 -12.176265 0.437150 0.000000 0.000000 11.398420 5.936885 5.711555 0.008840 0.000000 0.000000 6.550770 -3.626680 13.702210 7.772510 0.000000 0.000000 -20.103200 9.892290 -20.160945 -6.630810 0.000000 0.000000
0.0486 7.0632 23.9771 -2.3562 -9.3930 -169.3105 -5.2322 -5.1631 1.1262 -4.2186 -4.3401 -0.6749 16.0620 5.9345 2.9144 -2.7112 3.4904 -0.5839 -20.9726 6.7410 0.3790 5.0144 -2.3814 -3.8455 -3.6100 -10.5350 8.3405 -7.2177 -13.7852 44.3013 0.0000 0.0000 14.6259 -7.8132 -10.5407 0.2179 0.0000 -0.0000 -0.0000 0.0000 -0.0000 -0.0000 -1.4096 12.6176 -8.4312 16.6624 8.8532 -69.3739 -0.0000 0.0000 5.4896 -0.5783 6.8056 -6.7177 0.0000 0.0000 -0.0000 0.0000 -0.0000 0.0000 -15.983290 -10.588765 -11.292350 0.741875 0.000000 0.000000 9.947640 6.813830 5.989505 0.356320 0.000000 0.000000 7.673535 -10.194290 17.247900 13.389225 0.000000 0.000000 -22.270955 9.932070 -20.415435 -7.611285 0.000000 0.000000
0.1473 7.9425 24.0752 -1.5941 -11.4819 -171.7289 -4.2045 -5.5460 0.7863 -3.2053 -3.9793 -0.5168 13.6137 1.9806 4.0093 -2.5809 2.8143 0.1789 -20.4691 6.5383 1.7837 4.4060 -2.5487 -2.3215 -2.9053 -6.7760 9.3176 -6.7204 -19.5813 45.7473 0.0000 0.0000 14.3192 -8.7490 -6.4674 -0.1530 -0.0000 -0.0000 -0.0000 -0.0000 -0.0000 0.0000 -0.4294 9.0945 -7.9751 15.5152 12.5032 -69.2828 -0.0000 0.0000 5.7331 -1.7014 6.3415 -6.2500 -0.0000 0.0000 -0.0000 -0.0000 -0.0000 0.0000 -15.839470 -12.950830 -12.950955 5.050440 0.000000 0.000000 5.924845 6.189165 8.529815 0.086020 0.000000 0.000000 4.692245 -13.475035 15.288990 23.907380 0.000000 0.000000 -20.892510 8.465140 -17.189260 -9.858090 0.000000 0.000000
0.1553 8.7580 24.1897 -0.4564 -10.6833 -171.4125 -2.7288 -4.5685 0.4534 -2.3003 -2.4998 -0.2481 11.5769 0.0914 3.2362 -2.3091 1.5812 0.5002 -19.3426 4.5277 1.5805 3.4232 -3.3039 -0.9392 -1.7154 -4.0982 9.2013 -5.8819 -23.9693 48.2194 0.0000 0.0000 14.1632 -10.3109 -4.5001 0.0734 0.0000 0.0000 0.0000 0.0000 -0.0000 0.0000 0.1649 3.2758 -8.3759 14.9689 13.2415 -69.1779 -0.0000 0.0000 5.4016 -2.4104 6.2236 -5.8726 -0.0000 -0.0000 0.0000 -0.0000 -0.0000 0.0000 -14.053620 -12.433520 -13.591175 7.593385 0.000000 0.000000 2.809085 6.047300 9.446200 -0.136170 0.000000 0.000000 -1.226560 -13.961405 9.380045 37.215830 0.000000 0.000000 -15.198785 8.569350 -13.301360 -11.499780 0.000000 0.000000
0.1731 9.5752 24.2387 1.2823 -10.8647 -170.2967 -1.4519 -4.9697 0.3137 -1.7441 -1.9528 -0.1534 10.5335 -0.4998 2.6654 -2.1714 0.8129 0.6906 -17.9146 2.3927 0.3747 3.3898 -4.4142 -0.8206 -0.7938 -3.2511 8.3535 -4.3570 -24.3637 50.7522 0.0000 0.0000 14.0888 -10.1374 -5.8020 0.5071 0.0000 0.0000 0.0000 0.0000 -0.0000 0.0000 -0.6373 0.3639 -8.8334 13.8301 10.6609 -68.8367 -0.0000 0.0000 4.4800 -1.4768 6.0247 -6.0527 0.0000 -0.0000 -0.0000 0.0000 -0.0000 0.0000 -10.638320 -13.297035 -12.434495 7.186575 0.000000 0.000000 1.307390 6.749315 8.184545 0.012665 0.000000 0.000000 -7.507805 -15.252555 5.031870 49.339040 0.000000 0.000000 -9.134375 9.233795 -12.329640 -11.588775 0.000000 0.000000
0.1855 10.3844 24.2331 2.9958 -12.4155 -170.7827 -0.8104 -6.5654 0.3061 -1.4655 -2.6289 -0.1903 10.3412 -0.6589 3.7968 -2.1085 0.5127 1.1351 -16.5032 1.0719 -0.8668 4.5941 -5.3422 -1.8074 -0.5681 -3.2389 7.8184 -3.0283 -22.7325 51.9798 0.0000 0.0000 14.2846 -8.0231 -7.9517 1.0392 -0.0000 0.0000 -0.0000 0.0000 -0.0000 -0.0000 -1.9977 1.3454 -8.8381 10.5842 8.8582 -68.3166 -0.0000 0.0000 3.1050 0.0871 3.9270 -6.1773 0.0000 -0.0000 0.0000 0.0000 -0.0000 0.0000 -6.948895 -15.491565 -10.684770 5.956285 0.000000 0.000000 0.208595 7.117110 7.435015 0.228395 0.000000 0.000000 -12.719325 -17.888490 3.486230 57.922255 0.000000 0.000000 -7.112055 7.682545 -12.855535 -11.722395 0.000000 0.000000
0.1342 11.1394 24.2221 3.7518 -13.3154 -172.7580 -0.9799 -7.6426 0.3113 -1.4273 -3.3713 -0.2185 10.6365 -0.6663 5.8141 -1.8990 0.2428 1.7856 -15.2181 0.2977 -1.8370 5.9405 -5.8020 -2.9694 -0.6473 -3.2252 7.6771 -2.3939 -21.8379 52.2803 0.0000 0.0000 14.6482 -6.6020 -8.2937 1.2099 0.0000 0.0000 0.0000 -0.0000 -0.0000 0.0000 -2.9151 3.0342 -8.5830 6.0870 10.1828 -67.7889 -0.0000 0.0000 1.2132 -0.2120 -0.2651 -6.0008 -0.0000 0.0000 -0.0000 -0.0000 0.0000 0.0000 -4.353675 -16.525080 -9.723590 6.163515 0.000000 0.000000 -1.657665 6.817655 8.721065 0.187170 0.000000 0.000000 -17.021855 -19.593505 3.761460 62.365970 0.000000 0.000000 -8.955620 4.602825 -11.907785 -12.029840 0.000000 0.000000
0.0031 11.8592 24.2366 4.1280 -12.6453 -174.5559 -1.3695 -7.8313 0.2776 -1.4566 -3.3796 -0.1541 11.0204 -0.5218 7.3198 -1.5182 -0.1709 2.3467 -14.0715 -0.3188 -2.6003 6.4872 -5.9209 -3.8182 -0.4762 -3.2789 7.4018 -2.0925 -21.8483 52.7888 0.0000 0.0000 15.0219 -7.5918 -6.5995 0.7860 -0.0000 -0.0000 -0.0000 0.0000 -0.0000 -0.0000 -3.4051 3.2636 -8.4101 2.5508 12.3587 -67.2094 -0.0000 -0.0000 -0.8087 -2.5525 -4.4097 -6.3099 0.0000 -0.0000 0.0000 0.0000 0.0000 0.0000 -2.593325 -15.741635 -8.840865 7.734570 0.000000 0.000000 -3.901920 6.452240 9.913870 -0.034935 0.000000 0.000000 -20.291550 -19.027150 4.333340 62.707415 0.000000 0.000000 -11.200725 1.460715 -8.340080 -11.534630 0.000000 0.000000
-0.1751 12.5552 24.2678 4.6894 -11.4279 -175.6843 -1.4160 -7.7633 0.2212 -1.4259 -3.1606 -0.0847 11.1874 -0.4302 8.1457 -1.1660 -0.4526 2.6815 -13.1494 -0.6707 -3.0988 6.4354 -6.0729 -4.4019 -0.1617 -3.4115 7.0946 -1.6492 -22.1126 53.5920 0.0000 0.0000 15.3989 -9.3368 -4.6058 0.4178 -0.0000 -0.0000 0.0000 0.0000 0.0000 0.0000 -4.0559 2.7032 -8.3089 1.0376 12.5759 -66.7928 -0.0000 -0.0000 -2.0651 -4.3881 -5.8455 -6.8739 0.0000 0.0000 -0.0000 0.0000 -0.0000 0.0000 -1.276080 -14.404330 -6.728445 9.927740 0.000000 0.000000 -5.957815 6.148535 9.015930 -0.225335 0.000000 0.000000 -22.564620 -17.269520 4.515750 59.559355 0.000000 0.000000 -11.869675 -1.092430 -3.519220 -9.841685 0.000000 0.000000
-0.3732 13.1972 24.2849 4.9099 -10.4332 -176.6964 -1.3687 -7.6575 0.1873 -1.4140 -3.1817 -0.0813 11.1620 -0.5751 8.6269 -0.9809 -0.5147 2.8506 -12.6445 -0.7224 -3.2654 6.3422 -6.4062 -4.7826 -0.1609 -3.2953 7.1883 -1.2357 -23.1337 54.2632 0.0000 0.0000 15.4077 -9.4048 -4.1022 0.4771 0.0000 -0.0000 -0.0000 -0.0000 0.0000 -0.0000 -4.9140 2.3216 -8.1200 0.7417 11.1545 -66.6394 -0.0000 -0.0000 -2.1733 -3.7997 -4.3614 -6.8842 0.0000 0.0000 0.0000 -0.0000 -0.0000 -0.0000 -0.756900 -13.204215 -4.398255 12.506555 0.000000 0.000000 -7.979200 5.640745 7.477515 -0.315265 0.000000 0.000000 -24.256205 -15.493530 4.596245 53.517555 0.000000 0.000000 -11.842985 -2.780445 0.518280 -8.193110 0.000000 0.000000
-0.5737 13.8076 24.2727 4.7643 -9.5775 -177.5583 -1.4694 -7.4170 0.1836 -1.4195 -3.1384 -0.0849 11.0904 -0.9337 8.7589 -0.9149 -0.6299 2.9513 -12.5192 -0.9155 -3.3267 6.2758 -6.7434 -4.9697 -0.5039 -2.8940 7.5750 -1.2622 -25.4333 54.7529 0.0000 0.0000 14.5861 -7.6344 -5.2331 0.7927 -0.0000 -0.0000 -0.0000 -0.0000 -0.0000 -0.0000 -5.5386 1.8902 -7.9636 0.5959 10.0019 -66.6175 -0.0000 -0.0000 -1.5098 -1.6786 -1.9052 -6.4191 0.0000 -0.0000 0.0000 0.0000 0.0000 0.0000 -0.484815 -12.017445 -3.243785 14.749875 0.000000 0.000000 -9.858550 5.026110 7.082860 -0.422025 0.000000 0.000000 -25.068550 -13.926130 4.930720 44.765530 0.000000 0.000000 -11.721775 -3.457300 2.240295 -8.055325 0.000000 0.000000
-0.7457 14.4313 24.2429 4.6751 -9.0797 -178.0646 -1.6458 -7.2539 0.1509 -1.4593 -2.8950 -0.0804 11.1295 -1.4151 8.6445 -0.8797 -0.9652 3.0673 -12.6019 -1.5291 -3.5775 6.1122 -6.9924 -5.0942 -0.7752 -2.7222 7.8013 -1.6081 -27.8238 55.2754 0.0000 0.0000 13.1892 -5.7090 -6.7618 1.0406 0.0000 0.0000 -0.0000 0.0000 -0.0000 0.0000 -5.8843 1.3386 -8.0497 0.5107 9.7405 -66.5668 -0.0000 -0.0000 -0.7707 -0.1822 -0.0543 -5.9646 -0.0000 -0.0000 -0.0000 0.0000 -0.0000 0.0000 0.277890 -11.173905 -2.808840 16.077660 0.000000 0.000000 -11.149020 4.523335 7.266715 -0.705925 0.000000 0.000000 -24.728975 -12.929760 5.852630 33.813110 0.000000 0.000000 -9.788280 -2.905735 0.610250 -8.888325 0.000000 0.000000
-0.8901 15.0416 24.2139 4.1440 -9.0192 -178.4578 -2.2133 -7.0935 -0.1035 -1.7504 -2.6637 -0.0826 11.5115 -2.1587 8.5242 -0.8812 -1.3352 3.2096 -13.0115 -2.3126 -3.9293 5.9776 -7.3004 -5.2855 -0.8915 -3.3129 7.8997 -1.5869 -28.5256 55.8958 0.0000 0.0000 12.0926 -4.8717 -7.6516 1.0168 -0.0000 -0.0000 0.0000 -0.0000 -0.0000 0.0000 -6.2401 1.5957 -8.1273 0.6674 9.3732 -66.3731 -0.0000 -0.0000 -0.4478 -0.0870 1.1117 -5.8319 -0.0000 -0.0000 -0.0000 -0.0000 0.0000 -0.0000 0.875015 -10.791235 -2.384775 16.735985 0.000000 0.000000 -11.956520 4.141260 7.201350 -1.138320 0.000000 0.000000 -24.144430 -12.398425 7.921020 21.631505 0.000000 0.000000 -3.962890 -0.782945 -4.108100 -9.850270 0.000000 0.000000
-1.0468 15.6401 24.1721 3.1382 -9.1694 -178.7505 -3.0311 -7.0340 -0.5931 -2.2089 -2.3105 -0.0874 11.9804 -3.1658 8.2642 -0.9621 -1.5660 3.2607 -13.6286 -3.0030 -4.1726 6.1135 -7.7342 -5.5652 -1.0156 -4.3274 8.1751 -0.9008 -27.7654 56.4694 0.0000 0.0000 11.6106 -4.9542 -7.9693 0.9140 0.0000 -0.0000 0.0000 -0.0000 0.0000 -0.0000 -6.5707 2.7087 -7.9260 0.9396 8.5361 -66.0247 -0.0000 -0.0000 -0.4252 -0.5626 2.0840 -5.9234 -0.0000 -0.0000 -0.0000 -0.0000 0.0000 -0.0000 1.305200 -10.499090 -2.487030 16.789450 0.000000 0.000000 -12.866615 4.003900 7.592095 -1.360000 0.000000 0.000000 -23.787345 -11.429595 8.673270 9.543060 0.000000 0.000000 4.358865 3.584270 -8.070715 -10.862535 0.000000 0.000000
-1.1953 16.2997 24.1028 2.8389 -9.4579 -178.7136 -3.2667 -7.1986 -0.8289 -2.2331 -1.7581 -0.0861 11.9288 -4.0566 7.6249 -1.1069 -1.7538 3.1655 -14.0609 -3.6304 -4.5114 6.4231 -8.1552 -5.9792 -1.1607 -5.0485 8.4555 0.0430 -27.1754 56.8703 0.0000 0.0000 11.2912 -5.3226 -8.0770 0.9048 -0.0000 0.0000 -0.0000 -0.0000 -0.0000 -0.0000 -6.6415 3.4837 -7.7910 1.2472 7.8560 -65.8004 -0.0000 -0.0000 -0.1800 -0.5361 2.8413 -5.9414 0.0000 0.0000 0.0000 0.0000 0.0000 -0.0000 2.986160 -10.282850 -3.284245 15.869495 0.000000 0.000000 -13.865705 4.145170 8.898630 -1.139510 0.000000 0.000000 -23.690020 -10.716785 3.143510 1.428365 0.000000 0.000000 7.844290 9.357810 -5.789655 -11.470285 0.000000 0.000000
-1.3053 16.9465 24.0393 2.6553 -9.6251 -178.6631 -3.1797 -6.9901 -0.8507 -2.1322 -1.5446 -0.0816 11.8088 -4.5172 7.1431 -1.3298 -1.9136 3.0868 -14.6172 -4.0413 -5.0609 6.4391 -8.4379 -6.5841 -1.2733 -5.5545 8.6396 0.5043 -26.7863 56.9369 0.0000 0.0000 10.8659 -5.7144 -8.0117 0.8305 0.0000 -0.0000 0.0000 -0.0000 -0.0000 -0.0000 -6.6355 4.0202 -7.9070 1.6697 7.1722 -66.1525 -0.0000 0.0000 0.5261 0.1501 3.1786 -5.9006 0.0000 -0.0000 0.0000 -0.0000 0.0000 0.0000 4.687520 -10.052330 -4.027060 15.012780 0.000000 0.000000 -14.537035 4.197275 10.213070 -0.826540 0.000000 0.000000 -25.339360 -10.626260 0.717185 0.401820 0.000000 0.000000 4.334895 10.668085 -5.675585 -10.899510 0.000000 0.000000
-1.4154 17.5876 23.9961 2.3150 -9.6957 -179.7911 -3.0018 -6.8748 -0.7827 -2.0056 -1.7571 -0.0789 11.8175 -4.2942 7.6267 -1.5188 -1.9135 3.2089 -15.1602 -4.1057 -5.5835 6.1682 -8.5649 -7.2167 -1.1786 -5.6385 8.8355 0.4459 -26.6532 56.7671 0.0000 0.0000 10.4738 -5.8864 -7.5836 0.5867 0.0000 0.0000 0.0000 -0.0000 0.0000 -0.0000 -6.6804 4.3242 -8.1211 2.3965 7.0172 -66.8489 -0.0000 0.0000 1.3107 0.7856 3.3084 -5.9705 0.0000 -0.0000 0.0000 0.0000 0.0000 0.0000 5.752740 -9.592225 -3.547575 15.226045 0.000000 0.000000 -14.899815 3.944910 10.969740 -1.133645 0.000000 0.000000 -27.490625 -10.905740 1.954955 3.512395 0.000000 0.000000 0.201685 7.236805 -7.070520 -10.181515 0.000000 0.000000
-1.5607 18.2835 23.9715 1.8465 -9.2879 177.8400 -2.9481 -6.7430 -0.6188 -1.9019 -2.0672 -0.0613 11.8260 -3.4558 8.5938 -1.5935 -1.7651 3.3632 -15.3814 -4.1837 -5.7758 6.0177 -8.6018 -7.5408 -0.8897 -5.6331 9.1470 0.5438 -26.6866 56.8948 0.0000 0.0000 10.2959 -5.8820 -6.8890 0.2923 0.0000 -0.0000 0.0000 -0.0000 0.0000 0.0000 -6.7377 4.3971 -8.2220 3.3630 7.5231 -67.1630 -0.0000 0.0000 1.9028 0.8356 3.8922 -6.0955 -0.0000 -0.0000 -0.0000 0.0000 -0.0000 -0.0000 6.297930 -8.388115 -2.401180 16.524250 0.000000 0.000000 -15.212445 3.531725 11.813195 -2.480555 0.000000 0.000000 -28.588485 -11.282120 3.178615 6.684255 0.000000 0.000000 0.819295 3.762175 -6.187625 -12.150030 0.000000 0.000000
-1.7406 19.0767 23.9553 1.2137 -8.3137 175.4393 -3.3377 -6.4375 -0.4558 -2.0276 -2.1209 -0.0240 11.7528 -2.3365 9.0163 -1.5293 -1.5805 3.2870 -15.2345 -4.5453 -5.6644 6.2503 -8.6400 -7.4834 -0.5479 -5.8208 9.3429 1.6300 -26.4112 57.7880 0.0000 0.0000 10.5893 -6.3887 -6.1451 0.0602 -0.0000 0.0000 -0.0000 0.0000 0.0000 0.0000 -6.7537 4.4003 -8.2088 4.4033 8.2408 -66.8838 -0.0000 0.0000 2.5776 0.7561 5.0939 -6.0618 -0.0000 0.0000 -0.0000 -0.0000 0.0000 0.0000 6.369840 -6.508085 -1.719820 18.504750 0.000000 0.000000 -15.317930 3.054365 13.040255 -4.432495 0.000000 0.000000 -28.618235 -11.212335 4.200655 8.973135 0.000000 0.000000 4.523255 4.201965 -5.273365 -15.158945 0.000000 0.000000
-1.9286 19.9919 23.9143 0.5529 -7.4557 173.3659 -4.1201 -6.2945 -0.3754 -2.4055 -2.1172 -0.0028 11.6469 -1.2619 8.9960 -1.2762 -1.3457 3.0822 -14.9094 -4.8932 -5.4916 6.6400 -8.6739 -7.3176 -0.1467 -5.7408 9.1904 3.6699 -25.3716 59.2192 0.0000 0.0000 11.4652 -7.8676 -5.6384 -0.0204 -0.0000 0.0000 -0.0000 0.0000 -0.0000 -0.0000 -6.7707 4.3006 -8.0558 5.5569 8.9812 -66.6223 -0.0000 0.0000 3.5365 1.2216 6.2931 -5.8836 -0.0000 0.0000 0.0000 -0.0000 -0.0000 0.0000 6.261465 -4.728695 -0.792555 20.873955 0.000000 0.000000 -14.804955 2.245930 13.753235 -6.517205 0.000000 0.000000 -27.319265 -11.023125 5.085420 10.590430 0.000000 0.000000 6.283180 6.316595 -6.904855 -16.828855 0.000000 0.000000
-2.1495 20.9805 23.8139 -0.3478 -6.2258 171.2766 -5.3427 -5.6224 -0.4672 -3.1392 -2.4151 -0.0384 12.0227 -0.3250 9.1516 -0.9844 -0.9770 2.9105 -14.9510 -4.9278 -5.2674 6.6603 -8.5926 -7.2692 0.1266 -5.7451 9.0658 5.3063 -23.2521 60.3527 0.0000 0.0000 12.2128 -9.4103 -6.0018 0.1213 -0.0000 0.0000 -0.0000 -0.0000 -0.0000 0.0000 -6.9381 4.6421 -7.5625 6.7854 8.7458 -66.7958 -0.0000 0.0000 4.4092 2.0853 7.2579 -5.7931 -0.0000 -0.0000 0.0000 -0.0000 -0.0000 0.0000 5.723330 -2.567145 0.568125 23.653965 0.000000 0.000000 -14.239535 0.923840 14.085245 -8.984160 0.000000 0.000000 -25.045175 -10.082430 5.261880 11.232350 0.000000 0.000000 6.009395 6.419020 -9.322000 -16.113410 0.000000 0.000000
-2.4825 22.0237 23.6773 -0.7197 -2.6244 169.6948 -6.6131 -2.8760 -0.5488 -4.1914 -2.8098 -0.0877 13.2237 1.0499 9.2206 -0.9733 -0.4960 2.6221 -15.5610 -4.9469 -4.9623 6.3034 -8.2939 -7.3042 -0.2027 -7.0837 9.4488 5.3380 -20.8994 60.5309 0.0000 0.0000 11.7742 -9.3979 -7.6473 0.1430 0.0000 -0.0000 0.0000 -0.0000 0.0000 0.0000 -7.2318 6.1637 -6.9724 7.7933 6.2821 -66.9187 -0.0000 0.0000 4.7735 3.0180 8.1500 -5.9197 0.0000 -0.0000 0.0000 0.0000 -0.0000 0.0000 5.181540 2.281085 0.014860 26.746180 0.000000 0.000000 -14.450930 -0.505435 16.212710 -12.115305 0.000000 0.000000 -22.622930 -6.237285 3.930270 11.377275 0.000000 0.000000 5.305850 4.667595 -8.426525 -12.233925 0.000000 0.000000
-2.9582 23.1391 23.5906 0.2614 3.7630 168.7815 -7.3022 0.9684 -0.3434 -5.0728 -2.6808 0.0057 14.3471 4.2516 9.1236 -1.3385 -0.0101 2.1281 -16.0450 -5.2250 -4.8253 6.2748 -7.8414 -7.3321 -1.1130 -9.4833 10.0566 3.8479 -20.4112 59.9571 0.0000 0.0000 9.9545 -7.2675 -9.5164 -0.3844 -0.0000 0.0000 0.0000 -0.0000 -0.0000 0.0000 -7.2028 8.3941 -7.0482 8.3783 2.9536 -66.5213 -0.0000 0.0000 4.7079 3.9128 8.0866 -6.1051 0.0000 0.0000 -0.0000 0.0000 0.0000 -0.0000 4.699420 10.761790 -3.004510 30.961245 0.000000 0.000000 -13.772375 -2.236460 20.840365 -15.159920 0.000000 0.000000 -20.559725 0.815080 2.090870 12.043590 0.000000 0.000000 4.165745 3.134025 -3.933850 -8.159025 0.000000 0.000000
-3.4606 24.2583 23.6373 1.9373 9.9949 166.7444 -7.1644 2.5789 0.1118 -5.0214 -2.4750 0.2037 13.5964 9.7092 10.1923 -1.6851 0.6741 1.7268 -15.7726 -5.3086 -4.9131 6.8938 -7.3930 -7.3375 -1.8204 -10.6115 10.2293 1.8246 -22.2488 59.3390 0.0000 0.0000 8.0080 -4.7256 -9.5350 -1.3713 -0.0000 -0.0000 -0.0000 -0.0000 -0.0000 0.0000 -6.5269 9.7569 -7.7244 8.6897 2.7949 -66.3296 -0.0000 0.0000 4.6892 3.9719 5.6685 -5.9726 -0.0000 0.0000 -0.0000 0.0000 -0.0000 0.0000 2.055240 19.607655 -2.804760 37.560900 0.000000 0.000000 -8.049920 -5.002870 24.909655 -16.402280 0.000000 0.000000 -18.159920 7.540110 2.379360 11.865345 0.000000 0.000000 2.172155 1.999020 0.058430 -6.582870 0.000000 0.000000
-3.8373 25.2937 23.7928 4.2338 13.5438 162.5041 -5.8693 2.1816 0.6016 -3.8613 -2.4710 0.3725 11.0750 13.7781 12.8949 -1.7400 1.9083 1.7435 -15.2078 -4.0981 -4.5687 7.4977 -7.0627 -7.1876 -1.9115 -8.3041 10.1232 0.4431 -24.2379 59.3243 0.0000 0.0000 7.6977 -4.1080 -7.8507 -2.2365 0.0000 -0.0000 -0.0000 0.0000 -0.0000 -0.0000 -5.5376 9.8387 -7.9127 8.8584 7.5032 -66.9451 -0.0000 0.0000 4.9951 2.2362 1.7288 -5.6697 -0.0000 0.0000 0.0000 0.0000 -0.0000 0.0000 -3.950520 24.555420 5.034365 45.450770 0.000000 0.000000 3.490870 -9.904310 26.237100 -12.688035 0.000000 0.000000 -13.617690 11.701965 3.702300 8.320845 0.000000 0.000000 0.970595 0.960575 2.406385 -7.179315 0.000000 0.000000
-4.0095 26.1808 23.9176 6.7930 14.1894 158.6503 -3.6848 2.0967 0.9017 -2.4508 -2.1206 0.4751 9.0755 14.0776 14.6085 -1.7641 3.1410 1.7878 -15.0620 -1.9881 -3.5502 7.3601 -6.6222 -6.6675 -1.7662 -4.1668 10.1632 -0.5484 -23.9333 59.9853 0.0000 0.0000 9.4235 -5.4479 -6.2103 -2.2675 -0.0000 0.0000 -0.0000 0.0000 -0.0000 -0.0000 -4.6637 9.1029 -7.6017 9.1464 13.8042 -67.5884 -0.0000 0.0000 5.6264 0.3266 -0.9808 -5.3020 -0.0000 -0.0000 0.0000 0.0000 0.0000 0.0000 -9.580325 24.063185 14.927175 52.472365 0.000000 0.000000 12.563685 -15.234575 25.736790 -6.688565 0.000000 0.000000 -7.708320 13.774180 2.223215 3.167805 0.000000 0.000000 1.447190 0.368550 5.453805 -7.796160 0.000000 0.000000
-4.0358 26.8685 23.9703 8.1024 14.0358 158.8146 -2.0664 3.3094 0.8818 -1.7741 -1.4002 0.4780 8.9424 12.8480 12.9606 -1.9382 3.5975 1.3086 -15.5554 -0.6574 -2.5866 6.6196 -5.7906 -5.8928 -2.0740 -2.2643 10.2271 -2.6283 -21.2637 60.3936 0.0000 0.0000 12.1795 -6.7228 -4.6743 -1.5357 0.0000 0.0000 0.0000 0.0000 0.0000 -0.0000 -3.8056 8.3534 -7.8055 9.6902 16.6079 -67.8496 -0.0000 0.0000 6.5628 0.9602 -1.0952 -4.2096 0.0000 0.0000 0.0000 0.0000 -0.0000 0.0000 -12.947940 21.277990 19.716670 58.329715 0.000000 0.000000 11.292935 -16.716465 22.976670 -4.276435 0.000000 0.000000 -4.253580 14.754315 1.602885 1.492540 0.000000 0.000000 1.368735 -0.294875 5.156730 -7.425390 0.000000 0.000000
-3.9841 27.4094 24.0020 7.5337 14.0966 162.3547 -1.8900 4.9875 0.6694 -1.9571 -0.5617 0.4651 10.1759 11.5032 9.3843 -2.0288 3.4522 0.5448 -16.1100 -0.2890 -2.2221 6.1124 -4.7031 -5.2880 -3.0369 -2.8578 10.0689 -5.9715 -19.4527 59.8780 0.0000 0.0000 14.9399 -6.7916 -2.5962 -0.9706 0.0000 0.0000 -0.0000 0.0000 -0.0000 -0.0000 -2.6703 8.0790 -8.6910 10.8892 15.5831 -68.3409 -0.0000 0.0000 7.2206 3.4570 -0.1107 -2.9560 0.0000 -0.0000 0.0000 -0.0000 -0.0000 0.0000 -15.826550 18.446300 19.623680 62.128195 0.000000 0.000000 2.435765 -14.220355 17.109205 -4.863700 0.000000 0.000000 -4.473390 15.015350 3.445940 4.410335 0.000000 0.000000 -0.935445 -1.305270 0.823685 -6.960185 0.000000 0.000000
-3.8525 27.9379 24.0527 6.4075 13.1270 165.1268 -2.4355 5.5168 0.6445 -2.2761 -0.2017 0.4425 11.4102 10.5945 7.1525 -1.8208 3.2704 0.1215 -16.1094 -0.1018 -2.2840 6.3249 -3.7445 -5.0954 -4.2437 -3.1685 9.6165 -9.4299 -20.4760 58.5370 0.0000 0.0000 17.3663 -6.3070 -0.3360 -1.0913 0.0000 0.0000 -0.0000 0.0000 -0.0000 -0.0000 -1.4204 7.9018 -9.4000 12.8697 15.0666 -69.5893 -0.0000 0.0000 7.0349 4.3939 -0.0007 -2.3819 0.0000 0.0000 0.0000 0.0000 -0.0000 0.0000 -18.795175 14.655130 18.879760 62.857070 0.000000 0.000000 -5.958495 -10.776410 9.387805 -5.207185 0.000000 0.000000 -4.870340 14.012010 3.936900 7.203520 0.000000 0.000000 -3.557610 -2.183575 -1.816755 -6.798515 0.000000 0.000000
-3.7168 28.5002 24.1194 6.0903 11.8272 165.2529 -2.7112 5.2869 0.7794 -2.3083 -0.4094 0.4038 11.9212 10.5351 7.1046 -1.5008 3.3898 0.1031 -15.7490 0.0928 -2.3023 6.9703 -3.2660 -5.0968 -5.0499 -2.3993 9.2041 -12.2004 -22.0005 57.0885 0.0000 0.0000 19.2140 -6.1692 1.0032 -1.4107 0.0000 -0.0000 -0.0000 0.0000 0.0000 -0.0000 -0.6476 7.8140 -9.4060 15.0683 17.7414 -71.1732 -0.0000 0.0000 6.4720 2.8301 0.0486 -2.5336 0.0000 0.0000 -0.0000 -0.0000 0.0000 -0.0000 -21.618110 10.788055 19.349725 60.680730 0.000000 0.000000 -10.993470 -7.678840 2.370375 -3.678885 0.000000 0.000000 -3.683570 12.952910 3.449510 7.661755 0.000000 0.000000 -5.019440 -2.698930 -1.878890 -6.574115 0.000000 0.000000
-3.6131 29.0464 24.1543 6.3754 11.0757 164.4277 -2.4217 5.2771 0.8621 -2.1022 -0.7000 0.3643 11.8983 10.9904 7.6049 -1.3576 3.6366 0.1083 -15.4146 -0.0848 -2.1086 7.6048 -3.2341 -4.9462 -5.2778 -1.6629 9.0557 -14.0739 -21.6290 56.4544 0.0000 0.0000 20.2705 -6.2543 0.9496 -1.4215 0.0000 -0.0000 0.0000 -0.0000 -0.0000 0.0000 -0.4040 8.0137 -9.1352 16.9576 22.0564 -72.2795 -0.0000 0.0000 6.5384 2.0303 1.2640 -2.7986 -0.0000 -0.0000 -0.0000 -0.0000 0.0000 -0.0000 -24.112350 8.446730 19.300255 56.195705 0.000000 0.000000 -13.914410 -4.837715 -1.706650 -1.845265 0.000000 0.000000 -2.242480 12.546270 3.129230 7.923555 0.000000 0.000000 -6.311100 -2.987675 -1.179425 -6.277210 0.000000 0.000000
-3.5266 29.5591 24.1371 6.6812 10.8549 164.0853 -1.9983 5.6700 0.7995 -1.8654 -0.7409 0.3535 11.8097 11.4138 7.6303 -1.3645 3.7731 -0.0071 -15.1538 -0.5738 -1.8222 8.0136 -3.2809 -4.6127 -5.2258 -1.2443 8.9822 -15.4013 -20.3770 56.6658 0.0000 0.0000 20.7910 -5.7536 0.1486 -1.1907 -0.0000 -0.0000 -0.0000 -0.0000 -0.0000 0.0000 -0.0802 8.5487 -9.0307 18.5108 24.8403 -72.9338 -0.0000 0.0000 7.4076 3.9949 2.6597 -2.6650 0.0000 0.0000 -0.0000 -0.0000 -0.0000 0.0000 -26.560180 7.895505 17.374410 50.184505 0.000000 0.000000 -14.938235 -3.395180 -1.895265 -1.583210 0.000000 0.000000 -1.483090 12.554600 3.266250 9.281090 0.000000 0.000000 -8.243830 -3.237745 -1.125620 -6.176570 0.000000 0.000000
-3.4342 30.0889 24.1008 7.2269 10.6949 163.6477 -1.6149 6.0757 0.7116 -1.6167 -0.6929 0.3588 11.8247 11.6624 7.6642 -1.3051 3.8750 -0.0833 -14.8437 -0.8552 -1.5248 8.1734 -3.0728 -4.2910 -5.1714 -0.6196 8.7651 -16.4330 -20.3099 57.2630 0.0000 0.0000 21.2674 -4.7476 -0.5411 -1.0459 -0.0000 0.0000 0.0000 -0.0000 0.0000 -0.0000 0.6522 9.1105 -8.8595 20.3256 25.3796 -73.7103 -0.0000 0.0000 8.2354 6.1172 2.8544 -2.4076 0.0000 0.0000 0.0000 -0.0000 0.0000 0.0000 -28.539065 8.054540 14.181980 43.211530 0.000000 0.000000 -12.974055 -3.189310 1.266480 -2.735215 0.000000 0.000000 -0.168735 12.701395 3.246360 10.015745 0.000000 0.000000 -9.875915 -3.487900 -1.062040 -6.107210 0.000000 0.000000
-3.3260 30.6682 24.0780 8.2600 10.4029 162.7288 -1.1377 6.3585 0.6810 -1.2801 -0.7545 0.3392 11.8267 11.8246 8.0091 -1.1438 4.0780 -0.0764 -14.4579 -0.5922 -1.1678 8.1740 -2.6095 -4.0893 -5.1638 0.0684 8.5085 -17.0145 -21.4441 57.9340 0.0000 0.0000 22.0619 -3.9992 -0.9311 -0.9808 0.0000 -0.0000 0.0000 -0.0000 -0.0000 -0.0000 1.4561 9.5357 -8.2587 22.4407 25.5970 -74.5503 -0.0000 0.0000 8.5249 5.7403 2.1214 -2.2096 -0.0000 -0.0000 0.0000 0.0000 -0.0000 0.0000 -29.386005 8.182125 10.352645 35.366795 0.000000 0.000000 -7.454920 -2.707275 6.888805 -4.320465 0.000000 0.000000 2.497375 12.973055 2.722675 9.049805 0.000000 0.000000 -10.542145 -3.681020 -0.389945 -5.885700 0.000000 0.000000
-3.1995 31.2664 24.0546 9.1804 10.2206 162.2719 -0.6966 6.6910 0.6740 -0.9297 -0.8854 0.2984 11.7010 11.9242 8.1505 -1.0097 4.3570 -0.1507 -14.0394 0.1029 -0.7613 8.2071 -2.0717 -4.0044 -5.1393 0.3080 8.3991 -17.1152 -22.6471 58.3456 0.0000 0.0000 23.3284 -3.6516 -1.3982 -0.7390 -0.0000 0.0000 -0.0000 0.0000 0.0000 -0.0000 1.9098 9.7730 -7.4020 24.3825 27.0556 -75.1519 -0.0000 0.0000 8.6393 4.1254 1.8109 -2.1408 0.0000 0.0000 -0.0000 -0.0000 0.0000 0.0000 -29.502965 8.321695 5.766385 27.123325 0.000000 0.000000 0.804105 -1.192405 13.790720 -6.062625 0.000000 0.000000 5.400040 13.266305 1.814110 7.587805 0.000000 0.000000 -10.893025 -3.809370 0.279260 -5.757945 0.000000 0.000000
-3.0565 31.8415 24.0074 9.3812 10.4311 162.9122 -0.5607 7.1117 0.6773 -0.7032 -0.9919 0.2637 11.5394 12.0835 7.8916 -0.9522 4.6371 -0.3417 -13.7119 0.9893 -0.4755 8.3934 -1.5419 -4.0716 -5.0582 0.1043 8.3583 -17.0788 -23.4003 58.1525 0.0000 0.0000 25.0051 -3.3153 -2.3775 -0.3795 0.0000 0.0000 0.0000 0.0000 0.0000 -0.0000 1.9713 9.8437 -6.8682 26.0167 28.9166 -75.5457 -0.0000 0.0000 8.9464 3.8679 2.3941 -2.1014 0.0000 -0.0000 -0.0000 0.0000 -0.0000 0.0000 -29.843050 8.447070 1.047185 19.468225 0.000000 0.000000 8.769880 1.829005 19.794270 -7.716215 0.000000 0.000000 7.368895 13.443020 1.042395 6.833005 0.000000 0.000000 -11.624620 -3.865895 0.033780 -5.787865 0.000000 0.000000
-2.8944 32.3943 23.9393 9.1333 10.7694 164.0395 -0.5522 7.3287 0.7416 -0.5779 -1.1522 0.2397 11.4660 12.4993 7.6989 -0.9291 4.9446 -0.5153 -13.5906 1.9195 -0.3717 8.7072 -0.9962 -4.3103 -4.8786 -0.1940 8.3094 -17.2278 -23.6751 57.3321 0.0000 0.0000 26.7736 -2.7965 -3.9677 -0.1159 0.0000 0.0000 0.0000 -0.0000 0.0000 0.0000 1.8654 9.9663 -6.8255 27.4461 29.6187 -75.9537 -0.0000 0.0000 9.3411 4.9591 3.1484 -2.1025 0.0000 0.0000 -0.0000 -0.0000 0.0000 0.0000 -30.506305 8.164360 -1.873330 13.271130 0.000000 0.000000 12.132480 4.985820 22.606920 -8.778630 0.000000 0.000000 8.784145 13.416160 0.463205 6.440050 0.000000 0.000000 -12.516525 -3.772905 -0.737935 -5.672010 0.000000 0.000000
-2.7196 32.9583 23.8634 8.9623 11.0001 164.9500 -0.4300 7.2714 0.8268 -0.3719 -1.4119 0.2115 11.3776 13.0920 7.9330 -0.9213 5.3095 -0.6084 -13.6474 2.8647 -0.2606 9.0715 -0.4958 -4.5757 -4.5661 -0.4267 8.3724 -17.5219 -23.5641 56.2254 0.0000 0.0000 28.2160 -2.1149 -5.8212 0.1373 0.0000 -0.0000 -0.0000 -0.0000 0.0000 -0.0000 1.7502 10.4337 -6.8365 28.4969 29.4696 -76.3321 -0.0000 0.0000 9.6357 5.7136 3.2668 -2.1657 -0.0000 0.0000 -0.0000 -0.0000 0.0000 0.0000 -31.031860 7.557290 -2.297480 9.026995 0.000000 0.000000 9.881340 6.093200 21.234000 -8.550660 0.000000 0.000000 10.402715 13.288065 -0.303240 5.801530 0.000000 0.000000 -13.171450 -3.539665 -1.126980 -5.589050 0.000000 0.000000
-2.5381 33.5487 23.7871 8.7826 11.2223 165.7634 -0.2574 7.1060 0.8870 -0.1274 -1.7070 0.1875 11.1687 13.7295 8.3455 -0.9527 5.6506 -0.6510 -13.7492 3.7212 -0.0432 9.3699 -0.1121 -4.6940 -4.1792 -0.7456 8.5108 -17.6956 -23.3989 55.2433 0.0000 0.0000 29.1208 -1.4976 -7.3936 0.4857 0.0000 -0.0000 0.0000 -0.0000 -0.0000 0.0000 1.7504 11.1358 -6.5452 28.9385 29.7696 -76.6113 -0.0000 0.0000 9.8447 5.2108 2.6454 -2.1724 0.0000 -0.0000 0.0000 -0.0000 0.0000 0.0000 -31.277085 6.997395 -2.477340 6.543210 0.000000 0.000000 5.515655 5.964510 16.796065 -6.972805 0.000000 0.000000 12.076875 13.115260 -1.072150 5.119745 0.000000 0.000000 -13.720635 -3.236555 -1.373820 -6.035215 0.000000 0.000000
-2.3584 34.1372 23.7108 8.0376 11.7038 166.9433 -0.3365 6.9447 1.0030 -0.0702 -1.9261 0.1924 10.9685 14.4240 8.5632 -1.0372 5.8786 -0.7207 -13.8739 4.3964 0.1177 9.4394 0.2523 -4.7227 -3.8047 -1.4073 8.4934 -17.6600 -23.2539 54.5513 0.0000 0.0000 29.6623 -1.3344 -8.3128 0.6609 -0.0000 -0.0000 -0.0000 0.0000 0.0000 0.0000 1.8211 11.6512 -6.2051 29.0653 30.7593 -76.8120 -0.0000 0.0000 9.9025 3.7402 1.5025 -2.1446 0.0000 -0.0000 0.0000 0.0000 0.0000 0.0000 -31.577730 6.826545 -3.857485 5.032760 0.000000 0.000000 3.287805 5.797740 11.937805 -5.529845 0.000000 0.000000 13.036270 12.928940 -1.456775 4.849020 0.000000 0.000000 -14.384570 -2.909730 -2.139670 -6.565785 0.000000 0.000000
-2.1866 34.7168 23.6382 6.7429 12.2667 168.5563 -0.6282 6.6086 1.1966 -0.1517 -2.1842 0.1866 10.9081 15.2606 8.5724 -1.1867 6.0097 -0.8041 -14.1312 5.0429 0.1125 9.2688 0.7474 -4.8347 -3.5486 -2.4410 8.3495 -17.5772 -23.1016 53.7359 0.0000 0.0000 30.4341 -1.1848 -8.5592 0.4884 -0.0000 0.0000 0.0000 -0.0000 -0.0000 0.0000 1.7939 12.0538 -6.1221 29.2219 31.8953 -76.8200 -0.0000 0.0000 9.7457 2.1013 0.0030 -2.2545 -0.0000 0.0000 0.0000 0.0000 -0.0000 0.0000 -31.764645 7.232165 -5.367935 4.114080 0.000000 0.000000 3.996705 5.321060 8.881375 -5.068295 0.000000 0.000000 13.286850 12.600500 -1.416400 4.996920 0.000000 0.000000 -15.083185 -2.415200 -3.467965 -6.199095 0.000000 0.000000
-2.0307 35.3062 23.5740 5.0478 12.6041 170.1866 -1.0236 5.7828 1.3833 -0.3171 -2.6375 0.1373 10.8982 16.3097 8.7172 -1.4327 6.1842 -0.8533 -14.7086 5.8281 0.0779 9.0175 1.3095 -5.0265 -3.1609 -4.0730 8.3639 -17.8685 -22.7822 52.3909 0.0000 0.0000 31.8588 -0.4078 -8.3389 0.3571 -0.0000 -0.0000 0.0000 0.0000 -0.0000 0.0000 1.5765 12.9991 -5.9733 29.1908 33.2364 -76.4020 -0.0000 0.0000 9.4927 1.1820 -1.6259 -2.4444 -0.0000 0.0000 -0.0000 -0.0000 -0.0000 0.0000 -31.673355 8.155180 -5.759955 4.508395 0.000000 0.000000 5.289725 4.265275 8.936455 -4.759660 0.000000 0.000000 13.040605 12.047575 -1.075210 5.446740 0.000000 0.000000 -15.604065 -1.559335 -4.900980 -5.144075 0.000000 0.000000
-1.8829 35.9339 23.5033 2.7308 12.7758 171.6276 -1.7346 4.4035 1.5688 -0.6784 -3.2908 0.0602 10.7124 17.8438 9.2164 -1.7392 6.3718 -0.8471 -15.6406 6.5311 0.0429 8.7447 1.7333 -5.1917 -2.4321 -6.3190 8.4473 -18.4523 -22.6179 50.5751 0.0000 0.0000 33.7781 -0.1085 -7.6240 0.5999 0.0000 0.0000 -0.0000 -0.0000 -0.0000 0.0000 1.3245 14.3413 -5.3754 28.8644 35.3404 -75.7425 -0.0000 0.0000 9.2852 0.9833 -2.9960 -2.3893 0.0000 -0.0000 -0.0000 -0.0000 0.0000 0.0000 -31.434335 9.342375 -4.833795 6.317110 0.000000 0.000000 6.342705 2.587460 10.817590 -3.825510 0.000000 0.000000 12.227325 11.367745 -0.473495 6.080670 0.000000 0.000000 -15.952055 -0.447110 -6.300165 -5.223040 0.000000 0.000000
-1.7129 36.6067 23.4095 -0.4148 12.8300 173.2307 -2.9655 2.5428 1.9238 -1.4304 -4.1324 -0.0507 10.5718 20.3021 9.7123 -2.0676 6.2870 -0.8522 -16.9502 6.6413 -0.2357 8.2973 2.0123 -5.3139 -1.5508 -9.1929 8.0934 -18.1842 -22.2549 49.2061 0.0000 0.0000 35.2869 -2.3828 -5.5012 1.3630 0.0000 0.0000 0.0000 0.0000 -0.0000 -0.0000 1.0431 15.2840 -4.8641 28.5747 37.7201 -74.7735 -0.0000 0.0000 9.1435 0.4349 -3.7064 -1.9955 -0.0000 -0.0000 0.0000 -0.0000 0.0000 0.0000 -31.002110 10.286215 -3.828075 7.420240 0.000000 0.000000 9.254210 1.084915 11.883915 -2.581790 0.000000 0.000000 10.771360 10.489185 0.332475 6.805720 0.000000 0.000000 -16.365750 0.502000 -7.885330 -7.314805 0.000000 0.000000
-1.4810 37.2990 23.3426 -4.0828 11.7350 174.9053 -4.4287 -0.5767 2.5067 -2.5528 -5.8677 -0.3590 10.9147 24.6490 9.7720 -2.5642 5.7041 -0.9526 -18.9783 5.8219 -0.8449 7.6815 2.3105 -5.3118 -0.8543 -13.5041 7.4378 -15.6494 -20.0911 49.1965 0.0000 0.0000 35.4713 -6.4983 -0.5964 3.2746 -0.0000 0.0000 -0.0000 -0.0000 0.0000 0.0000 0.3764 16.3636 -5.2877 27.9060 38.3380 -72.1106 -0.0000 0.0000 9.0999 -0.4524 -3.3914 -1.5320 0.0000 0.0000 0.0000 0.0000 0.0000 -0.0000 -30.066005 9.708300 -4.328215 5.575910 0.000000 0.000000 14.354805 1.019550 11.058735 -1.204280 0.000000 0.000000 8.744705 8.529680 1.711515 7.865415 0.000000 0.000000 -16.908135 1.148680 -9.762640 -9.444140 0.000000 0.000000
-1.1688 38.0239 23.3627 -7.0780 8.7608 175.3980 -5.1692 -4.5324 2.9332 -3.2247 -9.9094 -1.1875 10.4554 30.7044 10.2268 -3.3477 4.8006 -1.0098 -21.5450 4.4709 -1.2628 7.2296 2.5224 -4.9889 -0.1907 -18.7562 7.6476 -10.5152 -16.4113 49.5608 0.0000 0.0000 34.2249 -8.8607 7.2230 6.2274 -0.0000 -0.0000 -0.0000 0.0000 -0.0000 -0.0000 -0.5843 18.6276 -6.3749 26.3423 36.5226 -67.0092 -0.0000 0.0000 8.9819 0.0897 -2.2864 -1.0413 -0.0000 0.0000 -0.0000 0.0000 -0.0000 0.0000 -28.288740 6.648555 -4.899840 1.360165 0.000000 0.000000 18.548110 1.809370 8.615665 -0.025415 0.000000 0.000000 7.026940 5.019095 3.986965 9.443270 0.000000 0.000000 -17.048555 1.784990 -11.508710 -10.586030 0.000000 0.000000
-0.8368 38.7428 23.4589 -9.1517 5.5651 173.6474 -4.7818 -6.7061 2.9261 -2.8071 -14.4970 -2.0414 7.6621 33.4742 12.4955 -4.2189 4.4934 -0.7057 -24.0947 3.8513 -0.6484 6.6562 2.1290 -4.3347 1.2079 -22.2550 9.5251 -3.8071 -14.1242 49.0900 0.0000 0.0000 31.4719 -8.1108 15.4457 7.9046 0.0000 0.0000 0.0000 0.0000 0.0000 -0.0000 -0.7823 21.6963 -7.1394 24.0816 34.0682 -61.4563 -0.0000 0.0000 8.5905 2.2937 -1.4157 -0.5278 0.0000 -0.0000 -0.0000 0.0000 0.0000 -0.0000 -27.314130 2.546625 -4.167990 -0.869215 0.000000 0.000000 18.754150 2.482655 7.112015 0.473960 0.000000 0.000000 5.823170 1.553135 6.913175 11.567930 0.000000 0.000000 -16.136845 2.335620 -12.444985 -11.866725 0.000000 0.000000
-0.5526 39.3614 23.5894 -10.9836 4.0850 170.4386 -4.2350 -6.3837 2.6014 -2.4269 -13.5132 -1.6507 6.4846 26.7843 14.2445 -4.9709 5.1028 0.0853 -26.9818 4.6002 1.3865 4.9125 0.9215 -3.5986 3.3227 -21.4066 12.6078 2.8488 -15.5150 48.5858 0.0000 0.0000 26.7095 -6.5925 19.1313 6.4022 0.0000 0.0000 0.0000 -0.0000 0.0000 -0.0000 0.3978 23.3632 -7.3792 21.7249 33.6120 -58.4902 -0.0000 0.0000 8.0819 3.1675 -1.6029 -0.4676 -0.0000 0.0000 -0.0000 0.0000 -0.0000 0.0000 -28.223885 -0.551455 -3.895990 0.769075 0.000000 0.000000 16.060330 2.949985 8.627480 0.423385 0.000000 0.000000 4.147480 -0.313465 9.726165 14.520320 0.000000 0.000000 -14.263615 2.416540 -12.535340 -14.362495 0.000000 0.000000
-0.2817 39.9226 23.7290 -11.5997 3.4681 168.3228 -3.5156 -4.9957 1.9893 -2.3232 -7.9760 -0.5795 7.8557 15.3547 13.8233 -5.2165 4.8292 1.0427 -29.8288 5.1516 3.7000 1.7525 -0.5892 -2.9400 5.1365 -15.9496 15.5701 8.5405 -20.7069 49.3337 0.0000 0.0000 20.0788 -7.3517 14.8297 3.3208 -0.0000 -0.0000 0.0000 -0.0000 -0.0000 0.0000 2.4309 20.5888 -7.9772 20.6460 36.9445 -59.0776 -0.0000 0.0000 7.3383 -0.0559 -2.3107 -1.5945 0.0000 0.0000 0.0000 -0.0000 0.0000 -0.0000 -28.161495 -2.252815 -3.696070 2.642390 0.000000 0.000000 13.977490 2.963670 9.729590 0.224910 0.000000 0.000000 2.469580 -1.730160 11.532245 18.747200 0.000000 0.000000 -11.808815 2.337830 -12.932545 -16.697700 0.000000 0.000000
0.0284 40.4558 23.8681 -11.2420 2.0010 168.8711 -2.3530 -3.8730 1.4132 -1.9907 -4.6801 -0.0713 9.3785 8.4105 12.3354 -4.9312 3.0639 1.6339 -32.1833 3.5422 3.7921 -1.3713 -2.1783 -2.3127 6.2721 -10.5610 17.4947 13.4523 -25.6318 50.5704 0.0000 0.0000 13.3944 -8.8209 5.2082 0.9669 0.0000 -0.0000 0.0000 -0.0000 -0.0000 0.0000 4.0501 14.5434 -9.9641 20.5256 40.7387 -60.3090 -0.0000 0.0000 5.7820 -4.8689 -1.2098 -3.5001 0.0000 -0.0000 -0.0000 -0.0000 0.0000 0.0000 -26.366550 -3.512090 -3.625350 2.908185 0.000000 0.000000 12.797010 3.038895 8.588975 0.206550 0.000000 0.000000 0.105390 -4.622710 11.861280 25.354080 0.000000 0.000000 -8.717280 2.996580 -14.389275 -16.365945 0.000000 0.000000
0.3663 40.9476 23.9653 -11.2242 -0.5269 171.4942 -1.5435 -3.4019 1.0037 -1.7652 -3.6665 -0.0081 10.8112 4.4367 10.5590 -4.5804 1.0611 1.9878 -33.6946 0.3890 1.3121 -2.8520 -4.2471 -2.1725 7.1518 -8.3376 18.1272 18.3641 -27.0961 50.9967 0.0000 0.0000 8.7642 -5.6514 -4.5997 -0.4661 0.0000 0.0000 0.0000 0.0000 -0.0000 -0.0000 4.6656 10.6730 -12.5138 19.8558 39.8223 -60.0507 -0.0000 0.0000 4.2586 -5.9712 2.2915 -4.6530 -0.0000 -0.0000 0.0000 0.0000 -0.0000 0.0000 -24.366245 -5.084845 -4.004450 2.157635 0.000000 0.000000 11.564000 3.169625 6.224615 0.248285 0.000000 0.000000 -4.290130 -9.075095 10.530095 34.112395 0.000000 0.000000 -4.955690 4.767895 -15.797640 -13.318440 0.000000 0.000000
0.6827 41.4098 24.0071 -11.8647 -3.1868 174.3346 -1.5429 -3.3933 0.7451 -1.7768 -3.3677 -0.0342 11.8509 1.5470 9.3768 -4.3979 -0.7467 2.4114 -33.4296 -3.4555 -2.8823 -2.7277 -6.5759 -2.7552 7.9510 -8.9349 17.4369 22.9569 -25.9862 50.5737 0.0000 0.0000 6.5181 1.2107 -12.1084 -0.5439 -0.0000 -0.0000 -0.0000 -0.0000 -0.0000 0.0000 4.6387 9.7597 -14.3485 18.8705 35.0290 -59.4097 -0.0000 0.0000 3.6319 -2.1293 6.0148 -5.1226 -0.0000 -0.0000 0.0000 0.0000 -0.0000 0.0000 -22.922010 -6.858540 -4.479430 0.973245 0.000000 0.000000 10.496400 3.188495 3.965400 0.124100 0.000000 0.000000 -10.065370 -13.419275 8.502250 42.516090 0.000000 0.000000 -2.184520 6.832970 -15.326995 -11.201685 0.000000 0.000000
0.9028 41.8922 24.0515 -11.7965 -4.7734 176.0246 -1.5055 -3.2795 0.6832 -1.7703 -2.8922 0.0230 12.6807 -0.6116 9.0016 -4.1603 -2.4530 3.0297 -31.2616 -7.2532 -7.2187 -1.8590 -8.3819 -3.5341 8.3078 -10.7407 15.5138 26.2281 -24.3523 50.2131 0.0000 0.0000 5.6063 5.8009 -15.3488 -0.4174 -0.0000 -0.0000 -0.0000 -0.0000 -0.0000 0.0000 3.9793 9.1485 -15.1961 18.0100 30.8070 -59.0896 -0.0000 0.0000 3.4504 2.0556 7.4658 -5.4313 0.0000 0.0000 -0.0000 0.0000 -0.0000 -0.0000 -21.080060 -8.032305 -4.566895 -0.147310 0.000000 0.000000 9.752055 3.238475 2.515215 -0.092735 0.000000 0.000000 -14.373510 -15.975310 7.500610 48.089710 0.000000 0.000000 -2.677860 7.748420 -12.026275 -11.242400 0.000000 0.000000
0.9781 42.4018 24.1469 -10.4041 -5.0134 176.6939 -0.8043 -2.9994 0.6905 -1.4926 -2.1819 0.1415 13.3520 -2.2347 8.8709 -3.6158 -3.9932 3.6676 -27.8981 -10.2080 -9.8877 -0.4004 -9.0251 -3.8787 7.9259 -12.3119 12.9289 27.6092 -23.6075 50.6672 0.0000 0.0000 5.1718 5.8118 -14.0186 -1.1577 -0.0000 -0.0000 -0.0000 -0.0000 0.0000 0.0000 2.8573 7.4535 -15.3672 16.7101 29.2367 -58.2562 -0.0000 0.0000 3.1857 1.8046 6.4929 -5.3734 0.0000 0.0000 0.0000 -0.0000 0.0000 0.0000 -18.681870 -8.153090 -4.325920 -0.227380 0.000000 0.000000 8.598350 3.421140 1.844310 -0.231795 0.000000 0.000000 -16.011800 -16.550930 8.086005 50.030260 0.000000 0.000000 -5.596675 6.684985 -7.237545 -11.927840 0.000000 0.000000
0.9286 42.8970 24.2809 -8.6737 -4.2842 177.1748 0.1317 -2.6997 0.6380 -1.0862 -1.6059 0.1951 13.7351 -3.4181 8.3966 -2.8583 -5.0207 4.0272 -24.2806 -11.8001 -10.3227 1.6808 -8.6135 -3.8016 7.1838 -13.2881 10.6229 27.1495 -24.0913 51.5996 0.0000 0.0000 5.3266 3.0587 -10.2932 -1.6053 -0.0000 0.0000 -0.0000 0.0000 -0.0000 -0.0000 1.7618 5.6107 -15.0375 14.5250 28.3225 -56.2680 -0.0000 0.0000 2.6874 -1.5906 5.1596 -5.1512 0.0000 -0.0000 -0.0000 -0.0000 -0.0000 0.0000 -16.733840 -7.241635 -3.927610 1.060540 0.000000 0.000000 6.703700 3.593860 1.387435 -0.316795 0.000000 0.000000 -16.563535 -15.604200 9.064525 48.938945 0.000000 0.000000 -8.081480 4.838020 -3.527550 -12.161335 0.000000 0.000000
0.8333 43.3611 24.4120 -7.3474 -3.0971 178.0622 0.8088 -2.4723 0.5203 -0.7796 -1.2357 0.1911 14.0873 -4.2222 7.6404 -2.1903 -5.4085 4.0489 -21.2482 -12.1008 -9.6104 3.7215 -8.0055 -3.7584 6.5338 -13.8004 9.1474 25.4636 -25.6452 52.1713 0.0000 0.0000 6.5858 -1.1202 -6.3144 -1.2002 -0.0000 0.0000 -0.0000 0.0000 0.0000 0.0000 0.9448 4.5151 -14.3211 11.7828 25.7744 -54.0170 -0.0000 0.0000 2.0367 -3.3745 4.5725 -4.8763 0.0000 -0.0000 -0.0000 -0.0000 -0.0000 0.0000 -15.211320 -5.779720 -3.486120 2.407875 0.000000 0.000000 4.890820 3.718215 0.662895 -0.429420 0.000000 0.000000 -17.413535 -13.874450 9.412770 45.879455 0.000000 0.000000 -9.034585 3.758775 -2.278135 -11.393785 0.000000 0.000000
0.7620 43.8090 24.5183 -6.1663 -2.0684 179.3099 1.3672 -2.4323 0.4110 -0.5266 -1.0231 0.1747 14.6957 -4.6703 7.0868 -1.7567 -5.4322 3.9680 -19.2160 -11.8173 -9.1175 5.0038 -7.9686 -4.2306 6.0250 -13.8365 8.5204 23.2655 -27.9603 51.8595 0.0000 0.0000 8.9404 -6.2552 -2.4659 -0.4008 0.0000 -0.0000 -0.0000 -0.0000 0.0000 0.0000 0.2567 3.8713 -13.5876 8.9972 21.9662 -52.5867 -0.0000 0.0000 1.3050 -2.3739 3.6587 -4.6598 0.0000 0.0000 -0.0000 0.0000 -0.0000 0.0000 -13.273490 -4.507100 -3.316885 2.630405 0.000000 0.000000 3.732440 3.932330 -0.174270 -0.484840 0.000000 0.000000 -18.296260 -12.309855 9.456885 41.370630 0.000000 0.000000 -8.904960 3.471985 -3.113090 -9.677125 0.000000 0.000000
0.7322 44.2266 24.5824 -5.2332 -1.7660 -179.3640 1.9751 -2.7405 0.3611 -0.2646 -0.9538 0.1513 15.1234 -4.9356 6.9211 -1.4932 -5.4660 3.9971 -17.9273 -11.8379 -9.4551 5.4561 -8.5394 -5.4180 5.6198 -13.2521 8.4080 20.9837 -30.7739 50.9962 0.0000 0.0000 11.5811 -10.1696 1.5352 0.4144 -0.0000 0.0000 -0.0000 0.0000 -0.0000 0.0000 -0.3988 3.1172 -13.2235 6.2651 18.6773 -51.9595 -0.0000 0.0000 0.5411 -1.5310 1.4884 -4.4904 0.0000 0.0000 -0.0000 -0.0000 0.0000 0.0000 -11.272420 -4.006025 -3.695475 2.157890 0.000000 0.000000 2.882270 4.168120 -0.726685 -0.415310 0.000000 0.000000 -19.209415 -11.610985 9.893615 35.782050 0.000000 0.000000 -8.216120 3.533865 -5.071660 -7.927145 0.000000 0.000000
0.7380 44.5820 24.5875 -5.2265 -2.5014 -178.0802 2.3796 -3.4522 0.3831 -0.0935 -1.0246 0.1153 14.7774 -5.2779 6.8809 -1.2671 -5.6800 4.1466 -16.9195 -12.7558 -10.5063 5.4128 -9.3253 -7.0230 5.3991 -12.2589 8.3655 18.8541 -33.5801 50.4799 0.0000 0.0000 13.6003 -10.9948 5.3296 0.8511 0.0000 0.0000 0.0000 0.0000 -0.0000 -0.0000 -0.9756 2.1835 -13.1989 3.6295 16.6956 -51.6454 -0.0000 -0.0000 -0.3143 -2.8393 -1.0812 -4.3504 0.0000 0.0000 0.0000 -0.0000 -0.0000 0.0000 -10.323140 -4.502850 -4.736215 1.879260 0.000000 0.000000 2.001755 4.277515 -0.752355 -0.358360 0.000000 0.000000 -21.046350 -11.830795 10.749395 29.661370 0.000000 0.000000 -6.780385 3.820740 -7.727230 -7.136815 0.000000 0.000000
0.7718 44.9025 24.5441 -6.0034 -4.0190 -176.9671 2.4271 -4.3220 0.4580 -0.0788 -1.1003 0.0712 14.0277 -5.7947 6.7375 -1.0262 -6.1203 4.3607 -16.0747 -14.5536 -11.8393 5.2834 -10.0528 -8.4010 5.2738 -11.5734 8.0638 16.9646 -35.5879 50.7620 0.0000 0.0000 14.7751 -9.8860 7.9260 0.6424 -0.0000 0.0000 -0.0000 0.0000 -0.0000 -0.0000 -1.4916 1.1960 -13.4164 1.3447 15.5961 -51.2012 -0.0000 -0.0000 -1.4629 -4.9788 -2.9198 -4.4935 -0.0000 -0.0000 -0.0000 -0.0000 0.0000 0.0000 -10.282085 -5.733565 -6.143050 1.787375 0.000000 0.000000 1.206070 4.313385 -0.423405 -0.417860 0.000000 0.000000 -23.746460 -12.384145 11.477335 23.143825 0.000000 0.000000 -3.510180 4.723100 -10.685995 -8.444455 0.000000 0.000000
0.8140 45.2827 24.4821 -6.1796 -5.7265 -176.1964 2.7459 -5.1253 0.5581 0.0270 -0.9397 0.0574 13.5242 -6.4117 6.4939 -0.7803 -6.7875 4.6274 -15.4575 -16.6880 -13.0860 5.4763 -10.6806 -9.0549 5.1035 -11.8151 7.4176 15.2403 -36.4508 51.4983 0.0000 0.0000 15.5752 -9.1996 8.9104 0.1045 0.0000 0.0000 0.0000 -0.0000 -0.0000 0.0000 -1.9696 -0.0029 -14.0134 -0.1886 14.9466 -50.3856 -0.0000 -0.0000 -2.8256 -6.0937 -4.0047 -5.0376 0.0000 0.0000 0.0000 -0.0000 0.0000 0.0000 -9.527625 -7.264585 -7.053825 1.445505 0.000000 0.000000 0.463850 4.431705 -0.280180 -0.436390 0.000000 0.000000 -25.636945 -12.794780 11.695955 16.332095 0.000000 0.000000 1.778860 6.732500 -12.701430 -12.211655 0.000000 0.000000
0.8419 45.7477 24.4172 -5.6577 -7.3126 -175.8547 3.3618 -5.8774 0.6807 0.3052 -0.5762 0.0636 13.2744 -6.9255 6.2575 -0.5294 -7.5250 4.9009 -15.0294 -18.5521 -14.0565 6.0775 -11.2398 -9.0297 4.9627 -12.7054 6.6461 13.6533 -37.1165 52.1203 0.0000 0.0000 16.6096 -9.2903 9.3424 -0.1624 -0.0000 -0.0000 0.0000 0.0000 0.0000 0.0000 -2.3193 -1.4479 -14.9455 -0.7007 14.5294 -49.5236 -0.0000 -0.0000 -3.8161 -6.1865 -4.6946 -5.7161 -0.0000 0.0000 -0.0000 -0.0000 0.0000 0.0000 -8.036130 -8.798155 -7.117405 1.210565 0.000000 0.000000 -0.570090 4.674040 -0.430715 -0.279650 0.000000 0.000000 -26.682445 -13.098145 11.474445 10.677045 0.000000 0.000000 6.361210 9.172680 -12.428580 -15.419555 0.000000 0.000000
0.8414 46.2446 24.3659 -5.5346 -8.4354 -176.0729 3.7444 -6.1766 0.7320 0.4309 -0.3073 0.0781 13.1515 -7.2254 6.1977 -0.2735 -8.0770 5.1339 -14.7449 -19.8321 -14.6358 6.6535 -11.6684 -8.7400 5.0066 -13.3199 6.1031 12.3898 -38.8238 52.4066 0.0000 0.0000 17.9664 -9.2086 10.0830 0.3227 -0.0000 0.0000 -0.0000 0.0000 0.0000 0.0000 -2.5447 -2.5237 -15.7836 -0.3186 14.1207 -49.3253 -0.0000 -0.0000 -3.9572 -5.9931 -4.7814 -5.9404 0.0000 -0.0000 0.0000 0.0000 -0.0000 0.0000 -7.079795 -9.867540 -7.046345 1.653670 0.000000 0.000000 -1.973865 4.846420 -0.202660 -0.154785 0.000000 0.000000 -28.018475 -13.077065 12.052870 7.334335 0.000000 0.000000 7.584445 10.166245 -10.306300 -14.902925 0.000000 0.000000
0.8150 46.7721 24.3241 -5.9842 -9.1054 -177.0266 3.7477 -6.0509 0.6842 0.3612 -0.2213 0.1047 13.2243 -7.1936 6.4540 -0.0506 -8.2983 5.3046 -14.5126 -20.6155 -14.8307 6.8882 -11.8313 -8.5041 5.1809 -13.4238 5.9889 11.7756 -41.3110 52.3989 0.0000 0.0000 19.1536 -8.8429 10.3299 1.2047 -0.0000 0.0000 -0.0000 -0.0000 -0.0000 0.0000 -2.6909 -2.8794 -16.2841 0.4303 14.0603 -49.9214 -0.0000 -0.0000 -3.4868 -5.7270 -4.0686 -5.5485 0.0000 0.0000 -0.0000 0.0000 0.0000 -0.0000 -6.698230 -10.462880 -7.151915 2.590115 0.000000 0.000000 -3.522990 4.756915 0.687205 -0.236385 0.000000 0.000000 -29.593525 -12.781180 14.169625 5.827370 0.000000 0.000000 6.277570 9.198010 -7.636195 -12.031710 0.000000 0.000000
0.7714 47.3909 24.2701 -6.0634 -9.6390 -178.4130 3.8564 -5.9501 0.6460 0.4051 -0.1199 0.1435 13.4175 -6.8273 6.7704 0.0813 -8.3097 5.3417 -14.2135 -21.0016 -14.8264 7.0621 -11.7695 -8.4013 5.4246 -13.7038 6.1624 12.0618 -43.0109 52.4915 0.0000 0.0000 19.5399 -8.5270 9.3482 1.5679 0.0000 0.0000 -0.0000 -0.0000 0.0000 0.0000 -2.6263 -2.7882 -16.6166 1.0988 15.0341 -50.7060 -0.0000 -0.0000 -3.0423 -5.5202 -3.2556 -5.0232 0.0000 0.0000 0.0000 0.0000 0.0000 0.0000 -5.758130 -10.912700 -7.013110 3.599830 0.000000 0.000000 -5.256820 4.545945 1.744265 -0.249645 0.000000 0.000000 -30.410800 -12.688870 16.610315 5.451330 0.000000 0.000000 4.702605 8.810240 -4.829410 -10.499330 0.000000 0.000000
0.7211 48.1023 24.1804 -5.9710 -10.4941 -179.7940 4.0076 -6.1919 0.6841 0.4952 0.0508 0.1659 13.3798 -6.3888 6.7483 0.1679 -8.2121 5.2035 -13.8411 -20.9129 -14.8297 7.5935 -11.6451 -8.4062 5.8842 -14.2458 6.2841 13.5112 -43.4133 53.3945 0.0000 0.0000 18.8517 -8.0655 7.9400 1.5547 0.0000 -0.0000 -0.0000 0.0000 0.0000 -0.0000 -2.1663 -2.5648 -16.8288 1.7898 17.1525 -51.3910 -0.0000 -0.0000 -2.8544 -5.6764 -3.0225 -4.8758 0.0000 0.0000 0.0000 -0.0000 0.0000 -0.0000 -4.561755 -11.563885 -6.308120 4.868455 0.000000 0.000000 -7.358105 4.472505 2.334930 0.015640 0.000000 0.000000 -30.474550 -13.050885 18.193185 5.721970 0.000000 0.000000 3.865695 9.934790 -2.738495 -11.065770 0.000000 0.000000
0.6623 48.8662 24.0519 -6.9874 -11.6034 178.3928 3.2580 -6.4408 0.6303 0.2038 0.0977 0.1683 13.3718 -6.0832 6.5976 0.3019 -7.9704 5.0127 -13.5761 -20.3927 -14.6600 8.4112 -11.3739 -8.4134 6.5556 -14.5623 6.3677 16.0491 -42.8762 55.0876 0.0000 0.0000 17.2307 -7.2173 6.5792 2.0076 0.0000 0.0000 -0.0000 0.0000 0.0000 0.0000 -1.4010 -1.7014 -16.5841 2.9434 19.5517 -52.3047 -0.0000 -0.0000 -2.6566 -5.9658 -3.0803 -5.0267 0.0000 0.0000 0.0000 -0.0000 -0.0000 0.0000 -4.330980 -12.365010 -4.950840 6.543210 0.000000 0.000000 -9.584255 4.329875 2.468550 0.183430 0.000000 0.000000 -30.256015 -13.450895 18.443170 5.395825 0.000000 0.000000 4.443525 9.387135 -2.251530 -11.368965 0.000000 0.000000
0.5518 49.7545 23.9396 -7.9236 -11.3977 175.8536 1.9633 -5.1792 0.0977 -0.4286 0.1586 0.2192 14.5550 -5.8135 6.7170 0.4099 -7.6603 4.8010 -13.5913 -19.9658 -13.8767 9.0974 -10.6681 -8.2809 6.9379 -15.7712 7.1566 18.2683 -40.5965 55.3873 0.0000 0.0000 15.2045 -6.0418 4.0301 2.4332 0.0000 0.0000 0.0000 0.0000 0.0000 -0.0000 -0.5532 0.8422 -15.5952 4.6182 21.2246 -53.3310 -0.0000 -0.0000 -2.3642 -5.9581 -3.1999 -5.0005 -0.0000 -0.0000 -0.0000 -0.0000 0.0000 -0.0000 -3.400060 -11.856625 -3.448890 7.693430 0.000000 0.000000 -11.583200 3.425645 3.193175 -0.044285 0.000000 0.000000 -27.834790 -12.433785 16.375375 2.813440 0.000000 0.000000 7.093485 5.016945 -1.172965 -10.384750 0.000000 0.000000
0.3433 50.9359 23.8997 -4.8977 -8.3544 173.9495 2.2368 -1.2327 -0.6200 -0.5170 0.8893 0.3674 17.1535 -5.1781 6.4117 0.3368 -7.5408 4.3006 -13.3389 -20.0330 -12.7651 9.5884 -9.6112 -8.2759 6.7721 -19.3307 8.7539 18.8749 -36.6194 52.5981 0.0000 0.0000 13.2789 -4.6101 0.1526 1.5912 0.0000 0.0000 -0.0000 0.0000 -0.0000 -0.0000 0.4239 4.4052 -14.3239 6.3859 22.9007 -53.4651 -0.0000 -0.0000 -2.4823 -6.2260 -3.9620 -4.9315 0.0000 -0.0000 -0.0000 0.0000 0.0000 -0.0000 1.982225 -8.104045 -2.703440 7.346460 0.000000 0.000000 -13.444615 1.640560 4.861470 -0.258910 0.000000 0.000000 -19.875645 -8.562120 11.488215 -2.557455 0.000000 0.000000 11.662320 -0.317740 3.573435 -8.494520 0.000000 0.000000
0.0494 52.2065 23.9145 -0.1713 -3.7209 173.7147 3.3922 3.0895 -0.8108 0.1455 2.5455 0.5312 18.7699 -3.9458 4.5650 0.2235 -7.5450 3.2801 -11.7800 -19.8892 -12.3453 10.2587 -8.4954 -9.1005 6.3342 -23.2515 9.3993 18.3685 -34.3028 49.1027 0.0000 0.0000 11.4229 -3.3163 -2.1773 -0.7605 0.0000 0.0000 -0.0000 0.0000 0.0000 0.0000 1.6918 6.4822 -13.5369 8.3497 26.6758 -52.6054 -0.0000 -0.0000 -3.2500 -7.2670 -5.5701 -5.5634 -0.0000 -0.0000 0.0000 -0.0000 -0.0000 0.0000 8.143960 -2.511810 -3.704995 7.665210 0.000000 0.000000 -15.203605 -0.024080 6.037445 -0.357085 0.000000 0.000000 -11.276620 -3.225650 6.660895 -7.033385 0.000000 0.000000 15.061470 -2.454725 8.671905 -6.577260 0.000000 0.000000
-0.3148 53.1315 24.0199 0.3189 -0.2127 175.3741 3.2841 4.9295 -0.9006 0.3024 3.9349 0.5253 18.3686 -3.0901 1.3631 0.3762 -6.9701 1.9809 -9.4018 -18.2228 -12.5846 11.3554 -6.8496 -10.8144 5.3132 -23.8213 7.9788 17.1684 -36.3285 47.1852 0.0000 0.0000 9.8718 -3.2307 -1.1271 -3.3270 -0.0000 -0.0000 0.0000 0.0000 0.0000 0.0000 2.8933 7.5636 -12.8728 11.3631 31.2251 -52.4853 -0.0000 -0.0000 -3.7289 -7.8494 -6.4266 -6.6554 0.0000 -0.0000 0.0000 0.0000 -0.0000 -0.0000 7.691845 1.409835 -5.258030 12.470090 0.000000 0.000000 -16.125855 -0.579895 5.571985 -1.149200 0.000000 0.000000 -9.241975 0.700415 2.762455 -7.143885 0.000000 0.000000 13.962420 -1.565455 11.892555 -6.132455 0.000000 0.000000
-0.6688 53.7586 24.1814 -2.2038 0.5878 176.3889 2.3570 4.2583 -0.9030 -0.1128 3.9441 0.3775 16.7983 -2.8045 -1.2025 0.8587 -5.4973 1.0002 -6.4936 -14.1167 -12.1171 13.0013 -4.2728 -12.1641 3.5925 -19.6184 5.3853 15.7022 -41.7899 45.9511 0.0000 0.0000 9.5453 -5.1681 -0.4654 -4.0285 -0.0000 -0.0000 0.0000 -0.0000 -0.0000 0.0000 3.7029 8.6694 -11.5352 16.2345 34.6100 -54.7031 -0.0000 -0.0000 -2.7837 -6.4458 -4.8467 -6.8174 -0.0000 0.0000 -0.0000 -0.0000 0.0000 0.0000 1.193680 2.887985 -3.923870 22.361540 0.000000 0.000000 -14.804190 -0.853850 3.689915 -3.205350 0.000000 0.000000 -11.147590 2.145160 2.350885 -4.903795 0.000000 0.000000 10.706835 -1.478330 12.030170 -6.413805 0.000000 0.000000
-0.9944 54.3657 24.2920 -3.8899 1.1786 173.9270 1.5718 3.7587 -0.7670 -0.5666 3.2139 0.2863 15.5641 -2.0740 -1.4546 1.3438 -3.8052 0.5763 -3.1527 -7.9983 -9.8516 14.4986 -1.2601 -11.5624 1.8828 -14.5576 3.5952 12.5058 -44.9093 42.5587 0.0000 0.0000 10.9747 -7.6087 -4.3120 -3.4213 -0.0000 -0.0000 0.0000 -0.0000 -0.0000 0.0000 3.8970 9.7358 -9.3796 22.2311 36.5469 -58.3252 -0.0000 -0.0000 -0.3546 -3.4237 -0.7681 -6.0986 0.0000 0.0000 0.0000 0.0000 0.0000 0.0000 -6.950340 4.153975 0.214780 34.769840 0.000000 0.000000 -10.809020 -2.312025 3.185100 -5.458700 0.000000 0.000000 -12.212980 2.964985 5.511100 -2.919555 0.000000 0.000000 8.268015 -3.304045 10.912675 -6.233520 0.000000 0.000000
-1.3127 55.1235 24.3076 -2.5392 3.7245 169.4656 1.6673 5.0500 -0.7457 -0.6078 3.0719 0.3493 15.4303 -0.5419 -0.3408 1.5965 -2.4907 0.3134 -0.2393 -1.4760 -6.3184 15.0735 0.7813 -8.7825 1.2593 -13.1187 3.0444 6.3121 -41.6055 37.2540 0.0000 0.0000 13.8262 -7.7969 -8.7880 -2.7699 0.0000 0.0000 -0.0000 -0.0000 -0.0000 0.0000 3.5249 10.2810 -7.1911 27.0272 38.2659 -60.6031 -0.0000 0.0000 2.4923 0.6141 4.5840 -5.6366 -0.0000 0.0000 -0.0000 0.0000 0.0000 -0.0000 -13.056655 6.614555 5.774545 46.280200 0.000000 0.000000 -6.131640 -3.654685 4.781060 -5.597930 0.000000 0.000000 -10.068770 5.453020 8.280995 -2.398080 0.000000 0.000000 6.804315 -4.813305 12.066210 -5.696745 0.000000 0.000000
-1.5770 55.9203 24.2576 -0.2795 6.8309 166.4599 1.8137 6.8499 -0.8229 -0.5421 3.5722 0.4550 15.7535 1.1781 0.0518 1.6829 -1.4762 -0.2189 1.1862 3.6150 -2.8056 15.3164 1.0154 -5.3236 2.0702 -14.3152 2.9672 -1.4270 -35.0387 32.4593 0.0000 0.0000 17.5771 -6.3187 -7.6945 -1.8326 0.0000 0.0000 -0.0000 0.0000 -0.0000 -0.0000 3.0973 10.5635 -5.6139 28.7377 40.0473 -59.8368 -0.0000 0.0000 4.4155 4.5267 8.4993 -5.6166 0.0000 0.0000 -0.0000 -0.0000 -0.0000 0.0000 -17.643170 9.066380 10.333605 55.105325 0.000000 0.000000 -3.847775 -3.709255 6.311740 -3.373565 0.000000 0.000000 -6.912805 9.023445 9.166695 -3.013735 0.000000 0.000000 5.390510 -5.025975 13.888185 -5.447270 0.000000 0.000000
-1.7364 56.5993 24.2157 0.1712 8.6489 166.4587 1.4761 7.6836 -0.9053 -0.6672 3.7744 0.4499 15.7812 2.4258 -0.8050 1.7164 -0.4977 -1.0106 1.1923 6.2538 -0.3314 15.7020 0.5805 -2.7607 3.2614 -14.7852 2.7299 -9.0723 -29.8592 28.4144 0.0000 0.0000 21.0667 -6.4505 -1.2280 -1.4499 0.0000 -0.0000 -0.0000 0.0000 -0.0000 -0.0000 3.0684 11.6967 -4.3748 27.3300 40.1340 -56.3403 -0.0000 0.0000 4.5013 5.4995 8.2046 -5.2631 0.0000 -0.0000 -0.0000 -0.0000 0.0000 -0.0000 -21.989560 9.990755 12.013120 60.603125 0.000000 0.000000 -4.618810 -3.255185 5.712150 -1.508240 0.000000 0.000000 -5.170815 11.413390 9.530240 -3.600490 0.000000 0.000000 3.819880 -5.173365 13.385155 -5.528275 0.000000 0.000000
-1.7697 57.1894 24.2372 -0.5242 8.6957 168.2481 1.1848 7.6464 -0.9876 -0.8007 3.4157 0.3422 15.5205 3.0182 -2.0087 1.7182 0.3808 -1.7307 0.9438 7.0844 0.7419 15.6503 0.7907 -1.6165 3.5052 -13.6687 2.3680 -15.5271 -26.2945 24.2212 0.0000 0.0000 23.1936 -8.1645 4.9391 -2.3083 0.0000 -0.0000 -0.0000 -0.0000 -0.0000 -0.0000 3.4621 13.9124 -2.9761 24.0572 38.4065 -51.7117 -0.0000 0.0000 2.7079 2.6270 3.5514 -4.7980 0.0000 -0.0000 0.0000 0.0000 0.0000 0.0000 -25.384120 9.349770 11.322240 62.428585 0.000000 0.000000 -6.603220 -2.660270 2.909615 -1.652060 0.000000 0.000000 -4.518270 11.898145 10.513605 -3.185775 0.000000 0.000000 2.220860 -5.680560 10.635235 -5.576300 0.000000 0.000000
-1.7068 57.7709 24.3052 -0.9211 7.9039 170.1321 1.2099 7.5369 -1.0498 -0.7899 3.0290 0.2322 15.1638 3.1958 -2.8162 1.7254 0.8777 -2.1756 1.1892 7.3252 0.7984 15.0835 1.7184 -1.7529 2.5120 -12.0985 2.3146 -20.2832 -22.4216 20.1388 0.0000 0.0000 23.9584 -8.8204 7.2745 -4.2988 0.0000 -0.0000 -0.0000 -0.0000 -0.0000 0.0000 3.8105 15.8349 -1.1992 19.9186 37.5161 -47.3374 -0.0000 0.0000 0.0515 -2.6138 -2.8545 -5.6986 0.0000 -0.0000 -0.0000 -0.0000 -0.0000 0.0000 -27.406270 8.028700 10.108355 60.976530 0.000000 0.000000 -7.812855 -1.578560 -0.472365 -2.494920 0.000000 0.000000 -3.936360 11.322185 11.491275 -1.809455 0.000000 0.000000 0.396165 -5.852260 7.968870 -5.456195 0.000000 0.000000
-1.6057 58.3398 24.3650 -1.1878 7.1763 171.7241 1.2081 7.6908 -1.0908 -0.7761 2.8939 0.1725 14.7693 3.1199 -3.3212 1.7765 1.0032 -2.4630 1.6432 7.7230 0.4537 14.7737 2.8289 -2.5905 0.9590 -10.5276 2.4533 -23.6911 -18.1612 17.0942 0.0000 0.0000 24.4153 -7.9884 6.5601 -5.9732 0.0000 -0.0000 -0.0000 -0.0000 0.0000 0.0000 3.5534 16.3061 0.8640 15.4251 39.0379 -43.4425 -0.0000 -0.0000 -2.2181 -7.8674 -7.8728 -7.8609 0.0000 0.0000 -0.0000 0.0000 0.0000 0.0000 -29.039715 6.778180 9.311905 57.240865 0.000000 0.000000 -7.401710 -0.380740 -2.793460 -2.679625 0.000000 0.000000 -3.359380 10.570530 12.147475 -0.290165 0.000000 0.000000 -1.602185 -5.531555 6.020670 -5.156570 0.000000 0.000000
-1.4968 58.8780 24.3956 -1.7045 6.5427 173.1657 0.9746 7.8933 -1.0893 -0.8615 2.7356 0.1171 14.4955 2.8823 -3.8227 1.8283 1.0967 -2.7660 1.7858 8.5460 0.2387 15.0499 3.8627 -3.2115 -0.6454 -8.7873 2.3790 -26.4158 -14.6313 15.4077 0.0000 0.0000 25.4806 -7.0349 5.5990 -6.2633 -0.0000 0.0000 0.0000 -0.0000 -0.0000 0.0000 2.7881 16.0870 2.7398 11.3976 40.4880 -39.9998 -0.0000 -0.0000 -3.4202 -10.1970 -10.3130 -8.4661 0.0000 -0.0000 0.0000 -0.0000 -0.0000 0.0000 -30.762495 5.926140 8.571470 51.701245 0.000000 0.000000 -5.433025 0.280475 -3.289435 -2.427345 0.000000 0.000000 -2.888480 9.827970 12.799255 0.778795 0.000000 0.000000 -3.446005 -5.203370 4.081565 -4.692810 0.000000 0.000000
-1.3876 59.4105 24.4037 -2.1627 5.9987 174.3870 0.6271 7.9788 -1.0522 -0.9754 2.3728 0.0352 14.4631 2.7457 -4.2930 1.8474 1.4236 -3.1164 1.6978 9.7594 0.5183 15.4066 4.8405 -2.9870 -2.0656 -7.3397 2.1227 -29.0903 -12.0247 14.9061 0.0000 0.0000 27.2951 -6.2727 5.6860 -5.7140 0.0000 0.0000 0.0000 0.0000 0.0000 -0.0000 2.0149 16.1186 4.0509 9.6737 39.0647 -38.3470 -0.0000 -0.0000 -3.3469 -8.9936 -10.9358 -6.5517 0.0000 -0.0000 -0.0000 0.0000 0.0000 -0.0000 -31.971450 5.691455 7.407820 44.324010 0.000000 0.000000 -2.031325 0.349070 -1.809925 -2.114290 0.000000 0.000000 -2.382135 9.123660 13.376405 1.677160 0.000000 0.000000 -5.079365 -4.901365 2.309145 -4.364710 0.000000 0.000000
-1.2900 59.9613 24.3861 -2.4288 5.8490 175.3766 0.2096 7.9641 -1.0073 -1.1040 2.0008 -0.0374 14.5510 2.9172 -4.5841 1.9110 1.9745 -3.4273 1.6890 11.1415 1.2067 15.3823 5.7548 -2.0897 -3.1575 -6.6265 1.9215 -31.9036 -9.8272 15.0110 0.0000 0.0000 29.9237 -4.4208 6.5067 -5.0699 0.0000 -0.0000 0.0000 -0.0000 -0.0000 -0.0000 1.5877 15.9237 4.7683 10.6416 35.8661 -38.8398 -0.0000 -0.0000 -2.4560 -6.4288 -11.0033 -4.5859 0.0000 0.0000 0.0000 0.0000 0.0000 -0.0000 -32.490120 6.156660 5.636590 35.593575 0.000000 0.000000 2.589870 -0.134155 1.217180 -1.769615 0.000000 0.000000 -1.842045 8.702400 13.726945 2.793890 0.000000 0.000000 -6.698615 -4.355070 1.093730 -4.442910 0.000000 0.000000
-1.2100 60.5265 24.3427 -2.7703 6.0493 176.2228 -0.3167 7.7839 -0.8835 -1.3193 1.7096 -0.0736 14.6921 3.3310 -4.6485 2.0097 2.5713 -3.6350 1.6297 12.5193 1.8555 15.0969 6.6976 -1.1912 -3.9134 -6.4196 1.8939 -34.5202 -7.6252 15.0410 0.0000 0.0000 33.5576 -1.3186 7.9889 -4.4543 -0.0000 0.0000 -0.0000 -0.0000 0.0000 0.0000 1.3778 15.1807 5.0718 12.0225 33.6389 -39.7743 -0.0000 -0.0000 -1.6267 -4.8540 -11.3102 -3.9047 0.0000 0.0000 0.0000 0.0000 -0.0000 -0.0000 -32.846440 6.900325 3.020460 26.553825 0.000000 0.000000 7.523355 -1.381360 4.879915 -1.537140 0.000000 0.000000 -1.246365 8.607965 13.839145 3.722940 0.000000 0.000000 -8.212295 -3.717910 0.254780 -4.611805 0.000000 0.000000
-1.1384 61.1222 24.2871 -3.0230 6.3296 177.0337 -0.7245 7.4916 -0.6839 -1.4551 1.3350 -0.1119 14.8157 3.8031 -4.4998 2.0265 3.0844 -3.7582 1.2767 13.8942 2.1276 14.9138 7.8980 -0.8388 -4.3465 -6.2505 1.9612 -36.8443 -5.8111 14.6870 0.0000 0.0000 38.1384 1.6943 10.2833 -3.8096 0.0000 -0.0000 -0.0000 0.0000 0.0000 0.0000 1.0664 14.6301 5.2579 12.0155 33.1846 -39.9011 -0.0000 -0.0000 -1.3097 -4.1987 -11.3607 -3.0851 0.0000 -0.0000 -0.0000 -0.0000 0.0000 -0.0000 -33.031230 7.451550 -0.549200 18.255530 0.000000 0.000000 11.125655 -3.327860 8.438695 -1.463105 0.000000 0.000000 -0.079995 8.723820 13.324215 3.766375 0.000000 0.000000 -9.283720 -3.236130 -0.193510 -4.494675 0.000000 0.000000
-1.0643 61.7722 24.2273 -2.9453 6.7531 178.1552 -0.7982 7.3493 -0.5602 -1.3361 0.8974 -0.1782 14.7003 4.1866 -4.3271 1.9236 3.4819 -3.8504 0.8420 15.2907 1.9887 14.9270 9.3164 -1.2127 -4.4086 -6.0084 1.8993 -39.1287 -5.3036 13.9253 -0.0000 0.0000 43.5772 4.5807 12.7454 -3.3502 0.0000 -0.0000 -0.0000 0.0000 0.0000 0.0000 0.6606 14.6119 5.5342 11.0888 33.7521 -39.4364 -0.0000 -0.0000 -1.5328 -4.4212 -11.1837 -1.5322 0.0000 -0.0000 -0.0000 0.0000 -0.0000 -0.0000 -33.026980 7.918625 -4.429875 11.972840 0.000000 0.000000 12.145570 -5.275635 11.076500 -1.222810 0.000000 0.000000 1.874750 9.020810 11.923840 2.995595 0.000000 0.000000 -9.788365 -2.709725 -0.158065 -4.295605 0.000000 0.000000
-0.9797 62.4416 24.1695 -3.2369 7.3524 179.9732 -0.9672 7.2434 -0.5031 -1.2639 0.7410 -0.2074 14.4569 4.3812 -4.4255 1.7927 3.7315 -3.9815 0.4868 16.6116 1.5138 14.8395 10.5551 -2.0738 -4.3451 -6.0942 1.6680 -41.1586 -6.0451 12.7382 -0.0000 0.0001 49.7247 8.0578 14.4884 -2.7708 0.0000 -0.0000 -0.0000 0.0000 -0.0000 0.0000 0.3162 14.8406 5.8111 10.4956 34.5070 -39.2125 -0.0000 -0.0000 -2.1646 -5.9290 -11.4674 -1.2356 0.0000 0.0000 0.0000 0.0000 0.0000 0.0000 -33.460480 8.538530 -8.043735 7.929645 0.000000 0.000000 11.221365 -6.019045 11.543915 -1.000620 0.000000 0.000000 3.548995 9.272665 10.292095 2.303185 0.000000 0.000000 -9.984120 -1.902650 -0.211190 -4.258715 0.000000 0.000000
-0.8775 63.1173 24.1120 -4.0839 7.9880 -177.7537 -1.4011 7.1439 -0.3170 -1.3975 0.7773 -0.2091 14.3135 4.4036 -4.7444 1.6892 3.7931 -4.0953 0.0764 17.7598 0.8812 14.4211 11.4486 -2.9553 -4.3468 -6.6305 1.5477 -42.2765 -7.0941 11.3230 -0.0000 0.0001 55.5611 10.6989 15.8479 -0.9372 -0.0000 -0.0000 0.0000 -0.0000 -0.0000 0.0000 0.1527 15.3836 5.8358 10.5488 34.9243 -39.4210 -0.0000 -0.0000 -3.0831 -6.9015 -11.7993 -2.9402 -0.0000 -0.0000 0.0000 -0.0000 0.0000 -0.0000 -34.076305 9.040455 -11.331195 4.996635 0.000000 0.000000 9.554600 -4.885400 9.068545 -1.114350 0.000000 0.000000 4.578345 9.341430 9.058150 2.058555 0.000000 0.000000 -10.188630 -0.960170 -0.832795 -4.192670 0.000000 0.000000
-0.7637 63.8497 24.0476 -4.6459 8.4608 -175.6139 -1.6844 7.0764 -0.0797 -1.4789 0.6357 -0.2341 14.2096 4.2004 -4.8515 1.5751 3.7585 -4.0699 -0.4339 18.7771 0.4205 13.8585 12.2682 -3.5960 -4.0927 -7.3513 1.7860 -42.2382 -8.0715 10.2547 -0.0000 0.0001 59.5175 10.9009 17.9874 2.2480 0.0000 0.0000 -0.0000 -0.0000 0.0000 -0.0000 0.2283 16.4279 5.6600 11.2245 34.9357 -40.0857 -0.0000 -0.0000 -3.9664 -6.3577 -11.8198 -4.6255 0.0000 0.0000 0.0000 0.0000 -0.0000 0.0000 -33.857345 9.170165 -14.037935 2.983665 0.000000 0.000000 7.273115 -2.651685 4.653645 -0.979625 0.000000 0.000000 5.723635 9.118305 8.285415 2.260345 0.000000 0.000000 -10.674660 0.031440 -1.907790 -4.128070 0.000000 0.000000
-0.6645 64.6515 23.9663 -5.0370 8.7469 -173.1944 -2.0288 6.7994 -0.0358 -1.5685 0.4491 -0.2708 14.1313 3.7352 -4.8107 1.4498 3.6923 -3.9441 -0.9363 19.7358 0.2172 13.3888 13.0287 -4.0495 -3.5120 -8.1347 2.1653 -41.2247 -9.4045 9.7259 -0.0000 0.0001 60.9693 10.1181 20.7190 5.5240 0.0000 0.0000 -0.0000 0.0000 -0.0000 0.0000 0.4120 17.2941 5.5105 13.3045 35.0637 -41.8131 -0.0000 -0.0000 -4.1870 -5.6525 -11.7574 -5.2962 0.0000 -0.0000 -0.0000 -0.0000 0.0000 0.0000 -32.573420 9.769330 -16.421930 2.720930 0.000000 0.000000 4.959925 -0.821890 1.477195 -0.600355 0.000000 0.000000 6.467045 8.474855 8.323155 3.780145 0.000000 0.000000 -11.695425 1.389910 -3.885570 -4.522215 0.000000 0.000000
-0.5714 65.5018 23.8239 -6.1396 8.7274 -169.3844 -3.0107 6.1219 -0.0188 -2.1297 0.6019 -0.2564 14.3152 2.9662 -5.2504 1.3409 3.4357 -3.8633 -1.5943 20.4926 -0.0469 12.9122 13.3234 -4.4524 -3.2245 -9.1885 2.3426 -39.5453 -10.7581 9.2990 -0.0000 0.0001 60.2664 10.8503 22.0889 7.6965 0.0000 0.0000 0.0000 -0.0000 -0.0000 0.0000 0.5074 17.4854 5.1744 17.1771 35.0774 -44.7398 -0.0000 -0.0000 -3.4526 -5.1061 -10.3646 -5.6034 0.0000 0.0000 0.0000 0.0000 -0.0000 -0.0000 -30.397760 11.414505 -18.832275 3.507690 0.000000 0.000000 5.020105 0.101720 0.806715 -0.831130 0.000000 0.000000 5.732390 7.083915 9.441245 7.333060 0.000000 0.000000 -13.384630 3.248095 -7.648180 -5.166430 0.000000 0.000000
-0.4342 66.3965 23.5953 -7.6731 7.3302 -165.0628 -4.6977 4.1108 0.3987 -3.3803 0.8777 -0.1937 15.2825 2.0581 -5.7282 1.0746 2.9791 -3.7340 -3.2427 20.9591 -0.4162 12.1884 13.0810 -4.8891 -3.6185 -11.1792 2.6648 -37.6476 -10.2466 9.1266 -0.0000 0.0001 57.0982 12.2136 21.2574 8.4990 -0.0000 -0.0000 -0.0000 0.0000 -0.0000 0.0000 0.0333 18.5371 4.1414 21.0097 33.3385 -46.7688 -0.0000 -0.0000 -2.3555 -3.7625 -5.3922 -5.9805 -0.0000 0.0000 -0.0000 -0.0000 -0.0000 0.0000 -27.624635 12.006530 -21.051115 3.242830 0.000000 0.000000 9.004395 1.231795 0.750360 -1.013625 0.000000 0.000000 3.930560 4.132290 10.494905 11.947370 0.000000 0.000000 -15.882440 5.047800 -11.726820 -5.350540 0.000000 0.000000
-0.2386 67.3676 23.3913 -7.3437 3.2847 -163.4882 -6.1000 -0.9581 0.9036 -5.0117 -0.0606 -0.2725 17.6212 1.6132 -4.3454 0.4023 2.8431 -3.1851 -6.6253 21.4863 -0.2187 11.3311 12.7134 -5.4099 -4.2835 -14.0428 4.0531 -35.6370 -7.3055 10.0147 -0.0000 0.0001 49.9282 10.1485 20.4993 7.9835 0.0000 -0.0000 -0.0000 0.0000 0.0000 -0.0000 -1.5329 21.9810 2.6475 22.7241 29.7545 -45.7305 -0.0000 -0.0000 -1.5255 -1.9022 2.6787 -6.2097 0.0000 -0.0000 0.0000 0.0000 0.0000 0.0000 -23.899340 8.103330 -22.820815 0.373485 0.000000 0.000000 14.415325 3.014245 0.101895 -0.210460 0.000000 0.000000 3.295185 -1.233505 11.322975 15.959795 0.000000 0.000000 -18.682765 6.446985 -13.762060 -5.796790 0.000000 0.000000
-0.0454 68.3520 23.3485 -5.1148 -1.7519 -165.6822 -6.1871 -6.6489 0.8207 -5.6761 -3.8437 -0.9737 19.3551 1.9064 -0.4167 -0.3777 3.6016 -2.1070 -10.4195 21.6797 0.9273 10.6145 12.2872 -5.9697 -4.3845 -15.6828 6.8060 -33.4420 -5.5913 11.4631 -0.0000 0.0000 38.7770 4.4455 20.3891 4.0102 0.0000 0.0000 -0.0000 -0.0000 0.0000 0.0000 -3.4214 24.8941 1.8017 23.0480 28.0442 -43.8985 -0.0000 -0.0000 -0.3302 -0.6470 9.6417 -5.7248 0.0000 -0.0000 -0.0000 0.0000 -0.0000 -0.0000 -19.913095 1.166565 -23.668180 -3.216150 0.000000 0.000000 16.829410 4.692060 0.355705 0.753270 0.000000 0.000000 4.353690 -7.340330 13.220175 19.797885 0.000000 0.000000 -19.347635 7.326395 -13.891345 -8.408245 0.000000 0.000000
0.0678 69.0905 23.5066 -4.9670 -3.9461 -169.1877 -5.7686 -9.1207 0.5923 -5.0192 -7.0618 -1.4532 18.2394 1.8559 3.9651 -0.7760 4.3360 -0.8864 -12.7596 19.9583 1.9722 9.5982 10.8895 -6.4579 -3.8938 -15.6224 10.1229 -31.7100 -8.0117 12.6722 0.0000 0.0000 26.9667 -0.5501 16.9531 -4.5705 0.0000 -0.0000 -0.0000 0.0000 0.0000 -0.0000 -4.1280 23.6460 1.5030 22.7681 30.0349 -43.7793 -0.0000 0.0000 1.6651 0.4287 12.5267 -4.7459 0.0000 0.0000 0.0000 0.0000 -0.0000 0.0000 -19.047370 -2.353625 -23.967635 -3.029490 0.000000 0.000000 14.546735 5.180215 2.815180 1.179630 0.000000 0.000000 2.383220 -10.328420 14.178125 26.239100 0.000000 0.000000 -15.377115 7.637750 -12.946485 -12.991445 0.000000 0.000000
0.1528 69.6724 23.7646 -5.2223 -2.8845 -170.1118 -4.5905 -8.8974 0.3880 -3.5043 -6.3721 -1.0611 15.1210 0.8100 5.9080 -0.9675 3.6444 -0.0442 -13.4864 14.2617 1.4070 8.0695 7.6385 -7.0902 -2.7860 -14.9795 12.6971 -28.8389 -13.3585 13.3881 0.0000 0.0000 18.3801 -3.2243 7.5713 -10.2990 0.0000 0.0000 -0.0000 -0.0000 0.0000 -0.0000 -3.2810 18.3076 0.3328 22.0497 32.3391 -44.2669 -0.0000 0.0000 3.0197 2.2950 12.9496 -4.4029 0.0000 0.0000 0.0000 -0.0000 -0.0000 -0.0000 -18.375700 -1.766785 -24.996220 -1.420270 0.000000 0.000000 11.609900 3.942700 5.442445 1.007335 0.000000 0.000000 -2.583840 -11.069620 12.266305 35.192830 0.000000 0.000000 -7.513425 8.565185 -12.674485 -15.334555 0.000000 0.000000
0.3119 70.2051 23.9782 -4.4639 -1.5971 -168.1176 -2.7067 -8.0382 0.2711 -2.2372 -4.2604 -0.5869 12.3103 0.1535 5.3904 -1.3774 1.8379 0.3772 -14.1088 4.9718 -1.1684 6.0191 2.3789 -8.1891 -0.4678 -13.9292 13.6554 -20.1892 -18.1053 16.6902 0.0000 0.0000 14.7824 -2.7728 -5.2488 -8.4038 -0.0000 -0.0000 -0.0000 -0.0000 -0.0000 -0.0000 -1.9045 13.2295 -2.0936 19.6834 29.7623 -42.8035 -0.0000 0.0000 2.5775 3.8510 12.7789 -4.9060 0.0000 -0.0000 0.0000 0.0000 0.0000 0.0000 -16.480880 -0.622260 -25.844435 -0.588630 0.000000 0.000000 10.142375 2.437860 5.421705 0.558535 0.000000 0.000000 -8.463205 -12.084605 8.623375 44.192460 0.000000 0.000000 -0.828345 9.733085 -14.075030 -13.685895 0.000000 0.000000
0.5090 70.6952 24.1072 -3.3103 -1.4116 -166.3583 -0.8845 -7.5987 0.3220 -1.4465 -2.9582 -0.3321 11.0750 0.0100 5.0747 -1.8844 -0.1126 0.8801 -15.7248 -4.7952 -5.1284 3.2400 -3.2168 -9.6701 3.0132 -12.2276 13.5559 -8.3307 -18.6582 24.5859 0.0000 0.0000 14.4555 0.3715 -13.2659 -0.9176 -0.0000 -0.0000 -0.0000 0.0000 -0.0000 -0.0000 -0.7762 11.7084 -5.0320 14.9547 22.4491 -39.2950 -0.0000 0.0000 1.1247 2.7762 9.9560 -4.9016 0.0000 0.0000 -0.0000 0.0000 -0.0000 -0.0000 -14.549595 -0.848275 -25.473750 -0.153685 0.000000 0.000000 8.849865 2.048220 3.777720 0.129625 0.000000 0.000000 -13.891050 -13.928765 5.784545 51.086385 0.000000 0.000000 1.299885 10.503270 -15.997560 -11.978755 0.000000 0.000000
0.6513 71.1455 24.1714 -2.4792 -1.6280 -166.7813 0.1666 -7.2567 0.4654 -0.9651 -2.6184 -0.1939 11.0565 -0.3886 6.1694 -2.1718 -1.6288 1.7591 -17.4218 -12.1813 -9.0185 0.6376 -6.4108 -11.0174 5.8376 -10.1212 13.0546 -2.0849 -17.2971 33.3710 0.0000 0.0000 13.9737 1.2103 -15.9779 3.0430 0.0000 0.0000 -0.0000 -0.0000 -0.0000 0.0000 -0.7054 11.2116 -7.4949 9.1740 16.8685 -36.3006 -0.0000 0.0000 0.1402 -1.1644 3.1310 -4.1323 -0.0000 0.0000 -0.0000 -0.0000 -0.0000 0.0000 -13.088870 -1.834955 -24.255445 0.043940 0.000000 0.000000 7.438610 2.725670 3.106305 -0.164560 0.000000 0.000000 -18.052055 -15.884530 5.272590 54.694380 0.000000 0.000000 0.575260 10.954110 -16.533145 -11.289490 0.000000 0.000000
0.7126 71.5685 24.1994 -1.9217 -1.6247 -168.4760 0.5416 -6.9693 0.5894 -0.6437 -2.6905 -0.1336 11.4739 -1.4422 7.5920 -2.1719 -2.4948 2.6318 -17.6548 -15.2848 -10.9628 -0.2058 -6.7932 -12.1786 6.3593 -8.7749 13.1224 -1.6529 -17.8367 40.4126 0.0000 0.0000 12.8564 1.8826 -16.4459 1.8810 0.0000 -0.0000 0.0000 0.0000 0.0000 0.0000 -1.8604 9.1777 -8.6142 3.8310 15.6140 -35.1695 -0.0000 -0.0000 -0.0128 -5.4806 -3.5477 -4.8200 -0.0000 -0.0000 -0.0000 -0.0000 0.0000 0.0000 -11.534560 -2.739015 -22.859660 -0.448465 0.000000 0.000000 6.730815 3.520590 3.464325 -0.377230 0.000000 0.000000 -20.915110 -17.008910 5.903120 54.931190 0.000000 0.000000 -0.144095 11.161850 -14.985805 -10.645615 0.000000 0.000000
0.7209 71.9611 24.2275 -1.4066 -1.4351 -169.9302 0.7702 -7.1207 0.6262 -0.4109 -2.9716 -0.1584 11.8703 -2.5727 8.3775 -2.0641 -2.6679 3.0275 -16.6509 -14.4731 -10.8253 0.8110 -5.8111 -13.3491 5.7691 -9.4189 14.3283 -3.0128 -18.7797 44.9197 0.0000 0.0000 13.4701 4.0124 -11.2468 0.4618 0.0000 -0.0000 0.0000 0.0000 -0.0000 0.0000 -3.6757 6.5989 -8.8799 0.6467 14.8460 -35.2233 -0.0000 -0.0000 -0.3272 -7.6746 -5.6100 -7.0794 0.0000 -0.0000 0.0000 -0.0000 -0.0000 -0.0000 -9.828780 -3.292195 -21.177425 -1.374795 0.000000 0.000000 6.619720 3.889150 3.210005 -0.584885 0.000000 0.000000 -22.864160 -16.763770 5.759640 52.064565 0.000000 0.000000 -0.531440 11.964080 -11.973150 -9.848910 0.000000 0.000000
0.6856 72.3050 24.2853 -1.3267 -0.9985 -170.9925 0.8972 -7.5291 0.5881 -0.3012 -3.3736 -0.2187 12.1653 -3.0274 8.7708 -1.9304 -2.3597 3.0230 -15.8951 -12.1364 -10.0246 2.0846 -4.8103 -14.2846 5.8113 -10.8319 15.8919 -4.4301 -18.7302 47.4602 0.0000 0.0000 16.4398 3.7200 -2.2770 1.4936 0.0000 0.0000 -0.0000 0.0000 -0.0000 -0.0000 -5.3743 5.0697 -8.9963 -0.4086 11.6996 -36.3001 -0.0000 -0.0000 -1.6052 -7.7292 -5.0304 -9.4842 -0.0000 -0.0000 0.0000 0.0000 -0.0000 0.0000 -8.815410 -3.186370 -19.322980 -1.686490 0.000000 0.000000 6.117200 3.892465 2.394940 -0.806395 0.000000 0.000000 -24.049400 -15.220255 4.885415 46.244785 0.000000 0.000000 -1.694665 13.333430 -8.288060 -9.147320 0.000000 0.000000
0.6109 72.6102 24.3633 -1.8615 -0.2472 -172.1267 0.8724 -7.6316 0.5752 -0.2871 -3.6329 -0.2548 12.2631 -2.9521 9.1160 -1.8053 -1.9937 2.9732 -15.7685 -10.2959 -9.5017 2.4077 -4.1684 -14.7293 6.4222 -11.0820 16.5988 -6.4119 -20.0523 49.1286 0.0000 0.0000 20.2775 -1.1419 4.2046 3.9956 -0.0000 0.0000 -0.0000 0.0000 -0.0000 -0.0000 -6.2751 4.1258 -9.0805 -1.5979 8.2162 -38.4032 -0.0000 -0.0000 -3.3788 -7.9110 -6.0543 -10.9060 -0.0000 -0.0000 0.0000 0.0000 0.0000 0.0000 -8.863945 -2.395530 -17.836755 -0.880180 0.000000 0.000000 4.991630 3.710735 2.107385 -0.978435 0.000000 0.000000 -24.583710 -13.110980 4.342775 38.142245 0.000000 0.000000 -2.868600 13.418685 -5.596195 -8.229320 0.000000 0.000000
0.5291 72.9097 24.4260 -2.5166 0.3745 -173.2393 0.9684 -7.4147 0.5851 -0.2330 -3.5401 -0.2489 11.9396 -3.0367 9.1331 -1.8413 -1.8706 2.9893 -15.7379 -9.2705 -9.2469 2.2847 -3.9323 -14.6069 6.4958 -10.2848 16.2261 -8.4053 -23.7919 50.4602 0.0000 0.0000 23.6019 -5.2208 5.5264 5.4018 -0.0000 -0.0000 -0.0000 -0.0000 -0.0000 0.0000 -6.3286 2.8023 -9.1683 -4.0074 7.0206 -41.1502 -0.0000 -0.0000 -4.6650 -9.3424 -8.5534 -11.2236 0.0000 0.0000 -0.0000 -0.0000 0.0000 0.0000 -9.337310 -1.597210 -16.875150 0.457125 0.000000 0.000000 3.857050 3.472565 2.249080 -1.059185 0.000000 0.000000 -24.847040 -11.329295 4.207965 29.239600 0.000000 0.000000 -2.224725 12.331790 -6.259450 -8.321205 0.000000 0.000000
0.4594 73.2335 24.4575 -2.7498 0.3891 -174.2445 1.3457 -7.3500 0.5797 -0.0876 -3.1655 -0.2375 11.3526 -3.4405 8.5844 -2.0432 -1.9764 2.9561 -15.4915 -8.8436 -8.9985 2.6244 -4.2753 -14.0244 5.7587 -9.5719 15.5754 -9.3661 -27.4511 51.6066 0.0000 0.0000 25.6439 -4.4844 3.4538 4.3645 0.0000 0.0000 0.0000 0.0000 0.0000 -0.0000 -6.1212 1.4437 -9.3901 -6.3430 7.3810 -43.9963 -0.0000 -0.0000 -5.0906 -10.2462 -10.1565 -11.2314 0.0000 0.0000 -0.0000 -0.0000 0.0000 -0.0000 -9.421970 -1.430695 -16.176620 1.609470 0.000000 0.000000 2.831780 3.288965 2.322180 -1.088935 0.000000 0.000000 -24.887755 -10.296460 3.956280 20.798845 0.000000 0.000000 0.239765 12.711825 -10.336050 -11.107250 0.000000 0.000000
0.3858 73.6077 24.4605 -2.3846 -0.2194 -175.5187 1.7915 -7.7203 0.5718 0.0967 -2.7227 -0.2416 10.9629 -3.7795 7.7267 -2.1282 -2.1693 2.8460 -14.9383 -9.1195 -8.7974 3.4658 -4.9945 -13.2237 4.9896 -8.9922 15.0260 -9.1009 -28.9202 53.0153 0.0000 0.0000 26.1074 -1.8467 1.5551 3.2351 -0.0000 0.0000 0.0000 0.0000 -0.0000 0.0000 -6.1060 0.5960 -9.7854 -7.4132 7.6130 -46.9845 -0.0000 -0.0000 -4.8705 -9.7655 -9.8936 -11.1443 0.0000 0.0000 0.0000 0.0000 0.0000 0.0000 -8.617955 -1.969595 -15.479705 2.113095 0.000000 0.000000 1.766815 3.078760 2.583385 -1.121235 0.000000 0.000000 -24.654430 -9.975330 3.288010 13.856810 0.000000 0.000000 3.375585 15.154555 -14.903355 -14.289055 0.000000 0.000000
0.2843 74.0179 24.4506 -1.8465 -0.8845 -177.3520 1.9321 -8.0219 0.5565 0.1880 -2.3663 -0.2632 11.0976 -3.9290 6.8676 -1.9299 -2.3406 2.7304 -14.1045 -9.9104 -8.6533 4.3818 -5.5422 -12.3757 4.4607 -8.1036 14.4591 -8.1570 -29.0058 54.4054 0.0000 0.0000 25.5420 -1.1040 1.5793 3.0156 -0.0000 -0.0000 0.0000 -0.0000 -0.0000 0.0000 -6.2834 0.2090 -10.1358 -7.3709 7.7694 -50.2973 -0.0000 -0.0000 -4.4916 -8.8780 -8.9055 -10.8057 0.0000 -0.0000 0.0000 -0.0000 -0.0000 0.0000 -7.256765 -2.593750 -14.641180 1.969785 0.000000 0.000000 0.910185 2.709605 3.312090 -1.114095 0.000000 0.000000 -24.720900 -9.864405 2.445915 9.564650 0.000000 0.000000 5.246350 17.131230 -16.810415 -14.530965 0.000000 0.000000
0.1602 74.4370 24.4383 -1.3557 -1.4040 -179.6835 1.9895 -7.9412 0.4981 0.2145 -2.1696 -0.2873 11.4983 -4.0788 6.0663 -1.6265 -2.4621 2.5878 -13.0611 -10.5759 -8.2816 5.2839 -5.7283 -11.4652 3.9623 -7.3806 13.9541 -7.2803 -29.0479 55.0255 0.0000 0.0000 24.6971 -1.5575 2.4064 2.7973 0.0000 0.0000 0.0000 0.0000 -0.0000 0.0000 -6.3536 0.0399 -10.2212 -6.7132 8.5149 -53.5489 -0.0000 -0.0000 -4.3628 -8.2613 -8.0058 -10.5293 -0.0000 -0.0000 -0.0000 -0.0000 -0.0000 0.0000 -5.835140 -3.013820 -13.652800 1.633015 0.000000 0.000000 0.384885 2.250860 4.245475 -0.997900 0.000000 0.000000 -25.388150 -9.820885 2.128100 8.158155 0.000000 0.000000 5.220170 17.413685 -16.086470 -13.485295 0.000000 0.000000
0.0254 74.8792 24.4198 -0.7643 -2.1335 177.4425 2.3109 -7.8201 0.4345 0.3356 -2.1121 -0.3196 11.8289 -4.2807 5.3382 -1.3627 -2.5667 2.4173 -11.9196 -10.7374 -7.5087 6.2558 -5.8404 -10.3528 3.4076 -7.2311 13.5718 -6.8625 -29.5936 54.5278 0.0000 0.0000 23.8786 -1.6326 2.6902 2.4322 0.0000 0.0000 0.0000 -0.0000 -0.0000 0.0000 -6.1003 0.0366 -10.0678 -5.3975 9.3446 -56.2488 -0.0000 -0.0000 -4.4935 -7.5077 -6.7091 -10.7544 0.0000 0.0000 -0.0000 -0.0000 0.0000 0.0000 -4.423035 -3.472990 -12.425995 1.599865 0.000000 0.000000 -0.247940 1.788375 5.243970 -0.809540 0.000000 0.000000 -26.098580 -10.168195 1.993120 8.646395 0.000000 0.000000 4.483390 17.312365 -14.749930 -13.094465 0.000000 0.000000
-0.1216 75.3720 24.3938 -0.1510 -3.1949 173.9694 2.6891 -7.8046 0.3607 0.4710 -2.0644 -0.3559 12.2650 -4.5314 4.6712 -1.0401 -2.6442 2.2620 -10.8463 -10.6582 -6.4885 7.1690 -6.0600 -8.9379 2.8770 -7.2439 13.1273 -6.7171 -30.5324 53.2730 0.0000 0.0000 22.9051 -2.6074 2.4694 2.2094 -0.0000 -0.0000 0.0000 -0.0000 -0.0000 0.0000 -5.7144 0.2205 -9.8340 -3.2962 9.3824 -58.3254 -0.0000 -0.0000 -4.5005 -6.3795 -4.9168 -11.2020 0.0000 -0.0000 0.0000 -0.0000 -0.0000 0.0000 -2.986620 -3.989110 -11.016865 1.951170 0.000000 0.000000 -1.181920 1.163965 6.631850 -0.645745 0.000000 0.000000 -26.214180 -10.949940 1.052765 9.661805 0.000000 0.000000 3.971095 17.889770 -14.925200 -13.021705 0.000000 0.000000
-0.2822 75.9187 24.3604 0.0907 -4.4009 170.1016 2.6475 -7.7281 0.2599 0.4616 -1.9472 -0.3947 12.9769 -4.8566 3.9077 -0.6263 -2.6829 2.0903 -9.8415 -10.7013 -5.3921 7.9686 -6.2190 -7.3246 2.4982 -7.2387 12.6121 -6.5604 -31.1822 51.6542 0.0000 0.0000 21.5558 -5.2556 2.1496 1.6489 -0.0000 0.0000 -0.0000 0.0000 0.0000 -0.0000 -5.4324 0.5154 -9.6175 -0.8085 9.0688 -59.8564 -0.0000 -0.0000 -4.0047 -5.1655 -3.2383 -11.2757 0.0000 -0.0000 -0.0000 0.0000 0.0000 -0.0000 -1.756245 -4.406375 -9.645390 2.468650 0.000000 0.000000 -2.061160 0.314220 8.485020 -0.509745 0.000000 0.000000 -25.793600 -11.840060 -1.602040 10.333985 0.000000 0.000000 3.801180 18.458760 -17.567425 -12.596705 0.000000 0.000000
-0.4414 76.5355 24.3115 0.1045 -5.7543 166.0585 2.4447 -7.6063 0.1819 0.4268 -1.7100 -0.4287 13.5747 -5.2769 3.0219 -0.2556 -2.7496 1.8868 -8.7226 -10.8403 -4.3086 8.8530 -6.1777 -5.7668 2.3773 -7.5451 12.1926 -6.4971 -30.9804 49.3215 0.0000 0.0000 20.1221 -7.3896 1.8058 0.6474 -0.0000 -0.0000 -0.0000 -0.0000 -0.0000 -0.0000 -5.1263 0.7615 -9.4881 1.4238 9.8176 -60.8471 -0.0000 -0.0000 -3.0009 -3.7884 -1.7362 -10.8168 0.0000 -0.0000 0.0000 -0.0000 0.0000 0.0000 -0.471045 -4.779780 -8.207190 2.919320 0.000000 0.000000 -2.829645 -0.515125 10.382730 -0.354365 0.000000 0.000000 -24.635050 -12.683685 -6.574115 10.397650 0.000000 0.000000 3.576695 18.591785 -21.582060 -11.998050 0.000000 0.000000
-0.5782 77.2349 24.2278 -0.0704 -7.5107 161.7040 2.3142 -7.6432 0.1145 0.4575 -1.4112 -0.4506 13.8159 -5.7672 2.3482 0.0542 -2.8999 1.7600 -7.5311 -10.8583 -3.3285 9.8037 -6.1092 -4.4394 2.5008 -8.0209 11.8895 -6.8211 -30.1020 45.6319 0.0000 0.0000 19.1749 -7.6258 1.6363 0.0363 -0.0000 0.0000 0.0000 -0.0000 -0.0000 -0.0000 -4.7889 0.9632 -9.5542 3.3217 12.0229 -61.3508 -0.0000 -0.0000 -1.7569 -2.1278 -0.2598 -10.1056 0.0000 -0.0000 0.0000 -0.0000 -0.0000 0.0000 1.068900 -5.313325 -6.191670 3.265270 0.000000 0.000000 -3.877440 -1.185180 12.049070 -0.207910 0.000000 0.000000 -22.361980 -13.791490 -12.396360 9.909155 0.000000 0.000000 3.522040 18.688600 -25.411990 -11.041035 0.000000 0.000000
-0.6879 77.9867 24.1114 -0.7840 -9.5196 156.9779 1.9616 -7.4692 -0.0932 0.2747 -1.3029 -0.4670 14.2724 -6.4598 1.9990 0.3697 -3.0548 1.7543 -6.6918 -10.7770 -2.5301 10.4825 -6.2150 -3.2867 2.6237 -8.5834 11.6392 -7.5105 -28.5139 40.8568 0.0000 0.0000 18.6113 -7.6744 1.6488 -0.1745 -0.0000 0.0000 0.0000 -0.0000 0.0000 -0.0000 -4.7369 1.5960 -9.7586 5.3153 14.0008 -61.4754 -0.0000 -0.0000 -0.5357 -0.7963 1.1311 -9.4895 -0.0000 -0.0000 0.0000 -0.0000 0.0000 -0.0000 2.598390 -5.941560 -3.547235 3.414530 0.000000 0.000000 -5.033185 -1.942445 13.602700 -0.117385 0.000000 0.000000 -19.191225 -15.232495 -16.665655 9.110240 0.000000 0.000000 4.018950 18.608530 -27.637715 -9.616010 0.000000 0.000000
-0.7918 78.7185 24.0046 -2.2991 -10.8349 152.3960 0.9821 -5.9718 -0.4139 -0.3812 -1.3468 -0.4814 15.4369 -7.8572 1.3707 0.5031 -3.2477 1.6911 -6.5641 -10.7647 -1.9394 10.8766 -6.3593 -2.3312 2.2728 -10.2862 11.4020 -8.2251 -25.3964 36.0337 0.0000 0.0000 17.8310 -8.8182 1.0706 -0.8640 0.0000 0.0000 -0.0000 -0.0000 -0.0000 0.0000 -5.0286 3.4217 -9.6949 7.5782 13.7219 -61.3254 -0.0000 0.0000 0.5250 -0.0155 2.4138 -9.0617 -0.0000 0.0000 -0.0000 0.0000 0.0000 -0.0000 3.375630 -6.163240 -0.906880 3.380955 0.000000 0.000000 -5.698225 -2.970350 14.842680 -0.092905 0.000000 0.000000 -16.696985 -16.202430 -18.606885 9.138290 0.000000 0.000000 3.726635 17.714330 -27.156530 -8.393030 0.000000 0.000000
-0.9417 79.3747 23.9528 -4.1624 -10.2463 148.6254 -0.2684 -2.4495 -0.6970 -1.3090 -0.6944 -0.4007 16.5410 -10.3545 0.0449 0.1137 -3.8132 1.4804 -7.0246 -10.5588 -1.7748 11.4420 -6.3405 -1.9921 0.9690 -13.4871 10.7629 -9.0189 -21.3131 31.4858 0.0000 0.0000 17.0399 -10.1394 -0.0776 -2.1139 -0.0000 0.0000 -0.0000 -0.0000 -0.0000 0.0000 -5.3228 6.4474 -9.1429 9.8272 11.5320 -60.9585 -0.0000 0.0000 1.2910 1.1088 3.4271 -8.6681 0.0000 -0.0000 0.0000 -0.0000 0.0000 0.0000 2.648965 -5.142475 0.956660 3.725970 0.000000 0.000000 -6.155015 -4.169105 15.664375 -0.176290 0.000000 0.000000 -16.700385 -15.421195 -19.089770 11.590540 0.000000 0.000000 0.903275 15.603780 -24.276390 -7.297635 0.000000 0.000000
-1.1882 79.9448 23.9459 -5.7208 -7.7702 144.9831 -0.8561 1.2811 -0.8855 -1.7605 1.2252 -0.1115 15.8945 -12.3055 -1.2685 -0.6514 -4.8405 1.3845 -7.7111 -9.6314 -2.5252 12.1783 -6.3483 -2.6635 -1.0226 -15.9225 9.0381 -10.5562 -19.1766 26.7279 0.0000 0.0000 17.0432 -11.0453 0.0211 -3.3633 0.0000 -0.0000 0.0000 0.0000 -0.0000 0.0000 -5.2609 9.1078 -8.6866 11.6093 9.9127 -60.5825 -0.0000 0.0000 1.7105 2.7754 3.8601 -8.3005 -0.0000 0.0000 -0.0000 0.0000 -0.0000 -0.0000 0.119620 -2.652060 2.160685 5.473060 0.000000 0.000000 -7.160990 -5.644790 17.087190 -0.368390 0.000000 0.000000 -18.535450 -13.109025 -18.517040 15.537175 0.000000 0.000000 -3.207835 12.842215 -20.630315 -6.179120 0.000000 0.000000
-1.5357 80.4428 23.9678 -6.1452 -4.4125 139.5885 -0.5223 3.5807 -0.7938 -1.4743 2.5049 0.1453 13.9119 -10.6910 -1.2294 -1.2955 -5.3429 1.5615 -8.7949 -8.0780 -4.2186 12.1915 -6.6306 -4.0504 -2.1721 -15.5618 6.8891 -12.9901 -20.1189 21.8190 0.0000 0.0000 17.3785 -11.8716 2.0664 -4.5436 0.0000 -0.0000 0.0000 0.0000 0.0000 0.0000 -4.9698 9.8594 -9.1044 12.3879 9.9291 -60.1828 -0.0000 0.0000 1.8712 3.6830 3.8227 -8.0935 -0.0000 0.0000 0.0000 0.0000 -0.0000 0.0000 -3.612815 0.862265 3.927750 8.712920 0.000000 0.000000 -7.890290 -7.850455 19.842295 -0.425340 0.000000 0.000000 -19.185530 -10.722395 -15.654325 17.700425 0.000000 0.000000 -5.808750 10.700215 -17.634405 -5.855695 0.000000 0.000000
-1.9435 80.8764 24.0150 -5.5957 -1.2373 131.9837 -0.0216 4.6589 -0.5450 -1.1381 1.9654 0.2453 12.5645 -6.3021 0.5444 -1.7019 -4.3385 1.7531 -10.4285 -5.9450 -5.7703 10.9428 -7.0588 -5.3174 -1.5166 -12.9959 5.8957 -14.5410 -21.8901 18.2385 0.0000 0.0000 16.5695 -12.0248 3.5513 -5.9340 0.0000 0.0000 -0.0000 0.0000 -0.0000 0.0000 -4.7158 9.4664 -9.9547 11.8191 9.8990 -59.3956 -0.0000 0.0000 1.9211 3.1373 3.6216 -7.8264 0.0000 0.0000 0.0000 -0.0000 0.0000 0.0000 -7.857375 4.162135 5.682745 11.801055 0.000000 0.000000 -6.497565 -10.614400 23.113350 -0.130390 0.000000 0.000000 -18.019755 -8.949550 -11.327145 17.316735 0.000000 0.000000 -6.823480 9.047475 -14.493910 -6.151410 0.000000 0.000000
-2.3276 81.2470 24.0924 -5.2197 1.0964 124.1095 0.1425 4.9061 -0.3755 -1.0903 0.7698 0.2527 12.1846 -2.0559 2.2419 -2.0680 -2.4899 1.5191 -12.3174 -3.7103 -6.0476 9.1118 -7.2154 -5.9126 -0.2531 -11.1188 6.2037 -13.3311 -21.2645 17.6267 0.0000 0.0000 14.8280 -11.2253 1.7855 -6.6999 -0.0000 -0.0000 -0.0000 0.0000 0.0000 -0.0000 -4.4760 9.7156 -9.9581 10.3969 8.2180 -58.4521 -0.0000 0.0000 2.1059 2.6409 2.8013 -6.9332 0.0000 -0.0000 -0.0000 -0.0000 0.0000 0.0000 -11.502345 6.056870 5.399440 12.690240 0.000000 0.000000 -3.591585 -12.845225 24.153665 0.140335 0.000000 0.000000 -16.631535 -7.982760 -7.597005 15.881595 0.000000 0.000000 -7.315715 7.273695 -10.762580 -6.330845 0.000000 0.000000
-2.6209 81.5382 24.2051 -6.1437 2.9319 118.2337 -0.4762 4.8700 -0.3274 -1.4722 0.0033 0.1847 12.5067 0.3198 2.1637 -2.5297 -1.2605 0.8708 -14.3081 -2.3266 -5.2467 7.8404 -6.8834 -5.8257 0.0794 -11.8681 6.9417 -11.4507 -17.5130 18.2369 0.0000 0.0000 14.1543 -10.0029 -1.1560 -5.3425 -0.0000 -0.0000 -0.0000 -0.0000 0.0000 -0.0000 -4.3576 11.0594 -8.9945 9.0688 5.7892 -57.9869 -0.0000 0.0000 2.4851 3.4598 1.0123 -5.6235 -0.0000 0.0000 -0.0000 0.0000 -0.0000 0.0000 -13.641455 6.214120 2.245260 10.446580 0.000000 0.000000 -2.165965 -13.323860 20.870455 0.022270 0.000000 0.000000 -16.479300 -8.268955 -4.612570 14.542165 0.000000 0.000000 -7.394850 5.918285 -8.369235 -6.328125 0.000000 0.000000
-2.8037 81.7721 24.3375 -7.6261 4.4844 114.3007 -1.5984 5.6530 -0.3199 -2.1212 -0.0394 0.1184 13.3022 0.3536 0.8053 -2.8860 -1.2372 0.2712 -16.1447 -1.8865 -4.3326 7.5291 -6.3239 -5.4184 -0.6700 -13.6382 7.4832 -12.2069 -13.5246 17.5601 0.0000 0.0000 15.4834 -9.5213 -1.7771 -2.7287 -0.0000 -0.0000 -0.0000 0.0000 0.0000 0.0000 -4.5026 12.4476 -8.1418 8.3065 4.9461 -58.0590 -0.0000 0.0000 2.6947 4.0001 -0.8293 -5.1844 0.0000 -0.0000 0.0000 -0.0000 0.0000 0.0000 -14.068070 5.381035 -1.558490 6.080130 0.000000 0.000000 -2.925355 -11.094735 15.067165 -0.108630 0.000000 0.000000 -16.393705 -9.308165 -1.301055 12.508455 0.000000 0.000000 -6.629000 5.577095 -8.175775 -6.426470 0.000000 0.000000
-2.9265 82.0110 24.4661 -8.2181 5.5197 110.3190 -2.4446 7.3355 -0.1951 -2.5884 0.2964 0.1194 14.1079 -0.7211 -0.2488 -2.9953 -1.7023 0.0289 -17.5289 -1.8514 -3.9750 7.5783 -5.8712 -5.1702 -1.5964 -14.2368 7.7617 -15.3907 -11.3046 15.9808 0.0000 0.0000 18.0126 -11.0583 -0.4811 -0.6541 0.0000 0.0000 0.0000 0.0000 -0.0000 -0.0000 -4.6824 13.0577 -8.1617 7.8976 6.1046 -58.2570 -0.0000 0.0000 2.3805 2.0770 -1.3940 -6.3434 0.0000 0.0000 0.0000 -0.0000 0.0000 0.0000 -14.028630 5.066705 -2.532080 3.033900 0.000000 0.000000 -3.734470 -7.841190 10.565905 -0.096305 0.000000 0.000000 -14.444485 -9.808050 2.091975 8.665690 0.000000 0.000000 -5.040435 5.604210 -7.709550 -6.515720 0.000000 0.000000
-3.0377 82.2786 24.5727 -7.9921 5.6990 105.2632 -2.5550 8.4117 0.1236 -2.6618 0.5327 0.1451 14.5792 -1.0626 -0.5702 -3.0195 -1.8887 -0.0261 -18.3767 -1.9430 -4.1666 7.3823 -5.3989 -5.3436 -1.9345 -14.0913 7.8814 -18.2426 -9.4688 15.3632 0.0000 0.0000 20.4145 -13.6743 0.8801 0.4492 -0.0000 0.0000 0.0000 0.0000 -0.0000 0.0000 -4.6268 13.0647 -8.6451 7.4786 7.6501 -58.6852 -0.0000 0.0000 1.8208 -1.3168 -0.8382 -7.9306 -0.0000 0.0000 -0.0000 0.0000 -0.0000 0.0000 -14.565660 5.722905 -2.044605 3.636040 0.000000 0.000000 -3.327830 -5.984450 10.664590 0.027795 0.000000 0.000000 -10.610560 -9.622835 4.063805 3.535855 0.000000 0.000000 -3.282040 5.231230 -4.568375 -6.423410 0.000000 0.000000
-3.1633 82.5475 24.6233 -7.5201 5.6380 100.1735 -2.2096 8.6192 0.3465 -2.4396 0.8448 0.1720 14.3925 -0.6663 -0.9619 -3.0767 -1.8182 -0.2131 -18.6001 -1.9308 -4.3834 7.0349 -4.4576 -5.7653 -1.9081 -14.2052 7.8437 -19.4361 -6.8706 16.3727 0.0000 0.0000 22.2332 -15.2219 1.5663 1.0675 0.0000 -0.0000 -0.0000 0.0000 -0.0000 -0.0000 -4.3258 12.7897 -8.9444 7.0180 8.7355 -59.8334 -0.0000 0.0000 1.6398 -3.1816 -0.7837 -8.7143 -0.0000 0.0000 -0.0000 -0.0000 0.0000 0.0000 -16.044150 7.159575 -1.800825 6.929450 0.000000 0.000000 -1.943775 -5.062115 13.392410 0.276335 0.000000 0.000000 -7.298195 -9.085720 5.192095 -0.376015 0.000000 0.000000 -2.060930 4.500400 -0.707760 -6.241935 0.000000 0.000000
-3.2861 82.8109 24.6284 -6.7054 5.6030 96.0019 -1.7508 8.8611 0.2877 -2.1676 1.3338 0.1842 13.9839 -0.4359 -1.8328 -3.0915 -1.6781 -0.5763 -18.3842 -1.3519 -4.0933 6.8489 -2.8628 -5.8209 -2.2367 -14.4258 7.7112 -20.1834 -4.3345 17.8519 0.0000 0.0000 23.8823 -15.1195 1.7145 1.7506 -0.0000 0.0000 -0.0000 0.0000 -0.0000 -0.0000 -4.0431 12.4225 -9.1869 6.6868 9.5876 -61.5638 -0.0000 0.0000 1.9077 -2.6512 -1.6969 -8.9686 0.0000 0.0000 0.0000 -0.0000 0.0000 0.0000 -17.663315 9.242075 -1.480035 10.661460 0.000000 0.000000 -0.612930 -3.404275 14.297575 0.219045 0.000000 0.000000 -5.670955 -8.112385 7.244505 -1.687735 0.000000 0.000000 -1.698235 3.903275 0.987820 -6.105170 0.000000 0.000000
-3.3747 83.0515 24.6296 -5.9507 5.4634 92.1949 -1.5698 9.1271 0.1665 -2.0557 1.5309 0.1544 13.9798 -0.4777 -2.6987 -3.0084 -1.3266 -0.9336 -18.0072 0.1517 -3.1070 6.8750 -0.9093 -4.9968 -3.0134 -14.2952 7.6636 -21.7069 -2.9856 18.8162 0.0000 0.0000 25.7416 -14.5436 1.6614 2.4069 0.0000 0.0000 0.0000 0.0000 0.0000 0.0000 -3.9230 11.9109 -9.5850 6.6573 10.5354 -63.4763 -0.0000 0.0000 2.1488 -1.4758 -2.5992 -9.2732 0.0000 -0.0000 -0.0000 0.0000 0.0000 0.0000 -18.943500 11.048835 -0.715885 13.783680 0.000000 0.000000 0.356240 -0.814750 12.024760 -0.260695 0.000000 0.000000 -5.072640 -7.233400 10.434215 -1.147560 0.000000 0.000000 -2.125615 3.399565 0.977790 -5.872950 0.000000 0.000000
-3.4086 83.2567 24.6458 -5.5180 5.1798 87.8056 -1.6798 9.0881 0.1934 -2.0888 1.2084 0.0716 14.2160 -0.3926 -3.1159 -2.9075 -0.6936 -1.1731 -17.5607 2.4815 -1.5509 7.1294 0.9126 -3.4678 -3.6242 -13.9157 7.8741 -23.6320 -2.4839 19.4803 0.0000 0.0000 27.7232 -14.5349 1.5456 2.8646 -0.0000 0.0000 0.0000 0.0000 -0.0000 -0.0000 -3.9101 11.2864 -9.7399 7.1416 11.4852 -65.6255 -0.0000 0.0000 2.0935 -0.9613 -2.7803 -9.4566 0.0000 -0.0000 -0.0000 0.0000 -0.0000 0.0000 -19.831665 12.089150 0.028970 15.934265 0.000000 0.000000 1.798180 1.240125 8.188625 -0.592110 0.000000 0.000000 -4.532975 -6.808400 13.608795 0.016090 0.000000 0.000000 -3.093935 2.754840 1.484475 -5.598230 0.000000 0.000000
-3.3935 83.4192 24.6629 -5.3267 4.9428 82.8159 -1.8833 8.7421 0.2901 -2.1400 0.7144 -0.0198 14.2017 -0.0875 -3.2588 -2.8957 -0.0123 -1.3836 -17.1204 4.8732 0.2367 7.6379 2.4048 -1.8234 -3.8676 -13.6104 8.3020 -24.9881 -2.0705 20.3750 0.0000 0.0000 29.6064 -14.6713 1.4936 3.4127 0.0000 0.0000 0.0000 0.0000 -0.0000 -0.0000 -3.9470 10.7499 -9.3354 8.2005 11.9361 -68.1356 -0.0000 0.0000 1.9541 -0.5368 -2.3054 -9.0812 0.0000 0.0000 0.0000 0.0000 -0.0000 0.0000 -20.270775 12.696645 -0.468365 16.707510 0.000000 0.000000 3.566945 1.529550 5.264625 -0.616760 0.000000 0.000000 -3.900830 -6.704955 16.088415 1.280890 0.000000 0.000000 -4.263195 2.122865 3.218475 -5.594915 0.000000 0.000000
-3.3436 83.5248 24.6638 -5.2834 4.6278 77.8305 -1.8438 8.3551 0.3612 -2.1248 0.4096 -0.0809 13.8911 0.2560 -3.4855 -2.9718 0.4076 -1.5994 -16.7686 6.5609 1.8163 8.0877 3.7664 -0.3645 -4.2931 -13.3833 8.5243 -25.5503 -1.8381 21.5541 0.0000 0.0000 31.4279 -13.8876 1.5792 4.2572 0.0000 -0.0000 0.0000 -0.0000 0.0000 0.0000 -3.9274 10.3492 -8.8297 9.3842 11.7653 -70.6288 -0.0000 0.0000 1.9534 0.4702 -1.4356 -8.3291 -0.0000 -0.0000 0.0000 0.0000 -0.0000 -0.0000 -19.951515 13.164315 -2.643685 16.208305 0.000000 0.000000 4.522345 1.214370 4.742810 -0.906355 0.000000 0.000000 -3.144925 -6.761990 18.474535 2.579010 0.000000 0.000000 -5.407295 1.694380 5.041640 -5.751825 0.000000 0.000000
-3.2872 83.5848 24.6432 -5.0413 4.4294 73.0706 -1.8789 8.2444 0.4640 -2.1590 0.2631 -0.1158 13.7253 0.5753 -3.8377 -3.0758 0.5815 -1.7792 -16.6711 7.6512 3.0379 8.0563 5.2371 1.0034 -5.2929 -13.2552 8.2646 -25.8503 -1.8508 22.8065 0.0000 0.0000 33.4720 -12.0684 1.7302 5.1959 -0.0000 0.0000 -0.0000 0.0000 -0.0000 -0.0000 -3.8492 9.9439 -8.7366 10.2316 11.6538 -72.6334 -0.0000 0.0000 2.0880 1.5298 -0.5841 -7.6624 -0.0000 -0.0000 -0.0000 0.0000 0.0000 -0.0000 -19.452990 13.588465 -5.245195 15.369780 0.000000 0.000000 4.342145 1.719695 6.052235 -1.722780 0.000000 0.000000 -2.590470 -6.698665 21.166655 3.923625 0.000000 0.000000 -6.533290 1.306780 6.379370 -5.638520 0.000000 0.000000
-3.2238 83.6397 24.6073 -4.3463 4.3521 68.3007 -2.1328 8.2015 0.5885 -2.3531 0.1831 -0.1316 13.9155 0.9229 -4.1297 -3.2075 0.7753 -1.9092 -17.0689 8.9598 4.1846 7.6130 6.7537 2.3873 -6.4845 -13.2517 7.8474 -26.4943 -1.6283 23.9099 0.0000 0.0000 36.0587 -10.0749 1.8906 6.0017 0.0000 -0.0000 -0.0000 -0.0000 -0.0000 0.0000 -3.8486 9.5246 -8.9349 10.8320 12.1748 -74.1114 -0.0000 0.0000 2.4208 1.8292 -0.1967 -7.0350 -0.0000 0.0000 -0.0000 -0.0000 -0.0000 0.0000 -19.260040 14.002925 -7.112475 14.835980 0.000000 0.000000 3.957690 2.333735 7.227870 -2.425220 0.000000 0.000000 -2.153145 -6.184415 23.604710 4.929005 0.000000 0.000000 -7.529150 0.819390 7.994710 -5.327505 0.000000 0.000000
-3.1450 83.7153 24.5587 -3.1747 4.3013 63.3298 -2.4530 7.8693 0.6390 -2.5776 0.0819 -0.1477 14.1441 1.5252 -4.3095 -3.4487 1.1768 -2.0530 -18.0536 10.7397 5.5617 7.1215 8.0984 3.7320 -7.3761 -13.2614 7.7354 -27.6636 -1.0124 24.6675 -0.0000 0.0000 39.2831 -8.5018 2.2108 6.6941 0.0000 -0.0000 0.0000 -0.0000 0.0000 0.0000 -3.9605 9.0930 -9.0622 11.4466 12.9515 -75.2543 -0.0000 0.0000 3.1485 1.5633 -0.1625 -6.1647 0.0000 0.0000 -0.0000 -0.0000 0.0000 0.0000 -19.534420 14.403785 -8.961820 14.700745 0.000000 0.000000 4.395270 1.915535 7.028885 -2.419185 0.000000 0.000000 -1.747100 -5.080010 25.395490 5.366585 0.000000 0.000000 -8.229720 0.384275 10.383720 -5.204085 0.000000 0.000000
-3.0566 83.7930 24.4960 -1.7796 4.0590 58.2432 -2.4416 7.2151 0.5508 -2.5976 -0.1542 -0.2047 13.9521 2.5506 -4.4237 -3.8334 1.7675 -2.2789 -19.4014 12.4341 7.1120 6.6167 9.2400 4.9970 -8.0056 -13.0898 7.8292 -29.1171 -0.5345 25.1156 -0.0000 0.0000 42.9131 -7.2026 2.8757 7.3892 0.0000 0.0000 0.0000 0.0000 -0.0000 -0.0000 -3.9407 8.5174 -9.0676 11.9560 13.2333 -76.1119 -0.0000 0.0000 4.2023 1.5477 0.1983 -5.1547 -0.0000 -0.0000 -0.0000 0.0000 0.0000 -0.0000 -20.096100 14.603025 -11.812805 14.951665 0.000000 0.000000 5.126950 1.069615 5.395525 -1.908165 0.000000 0.000000 -1.486745 -3.716100 26.774530 5.839355 0.000000 0.000000 -8.902580 0.150610 13.169425 -5.180285 0.000000 0.000000
-2.9742 83.8492 24.4185 -0.2761 3.7306 53.1565 -2.1993 6.4009 0.3721 -2.4433 -0.4578 -0.2719 13.3479 3.7406 -4.5870 -4.2605 2.4329 -2.5264 -20.8953 13.7010 8.5905 5.8273 10.2926 6.2046 -8.4533 -12.7866 7.8324 -30.7526 -0.3641 25.6264 -0.0000 0.0000 46.5447 -6.0071 3.8741 8.1900 -0.0000 0.0000 0.0000 0.0000 -0.0000 -0.0000 -3.6911 7.7320 -9.0860 12.1585 13.0435 -76.5170 -0.0000 0.0000 5.0713 2.0522 1.1280 -4.3837 0.0000 -0.0000 0.0000 0.0000 0.0000 -0.0000 -20.956300 14.416535 -15.074000 15.491245 0.000000 0.000000 5.054275 1.027455 2.470335 -1.464125 0.000000 0.000000 -1.832695 -2.561885 28.324080 7.223495 0.000000 0.000000 -9.995085 -0.009700 15.679985 -4.948575 0.000000 0.000000
-2.8945 83.8614 24.3347 1.0771 3.6041 48.1368 -2.0362 5.4214 0.1848 -2.2981 -0.7702 -0.3420 12.6775 4.4800 -4.8800 -4.5648 3.0830 -2.7555 -22.5831 14.7525 9.9368 4.6405 11.2359 7.2943 -8.4899 -12.3910 7.9505 -32.7860 -0.2694 26.3261 -0.0000 0.0001 49.9648 -5.1153 5.0885 9.0891 -0.0000 -0.0000 -0.0000 -0.0000 -0.0000 0.0000 -3.4461 6.8819 -9.0863 12.1523 13.1700 -76.3282 -0.0000 0.0000 5.3561 2.6133 1.8846 -3.9379 -0.0000 0.0000 -0.0000 -0.0000 -0.0000 0.0000 -21.836135 13.458075 -17.759235 15.702725 0.000000 0.000000 4.441850 1.229160 -1.348290 -1.278315 0.000000 0.000000 -2.765825 -2.061830 29.995010 9.519940 0.000000 0.000000 -11.450540 -0.165505 17.938690 -4.650735 0.000000 0.000000
-2.8033 83.8059 24.2499 2.0938 3.6305 43.2759 -1.9245 4.4370 0.0502 -2.1554 -1.0101 -0.4241 12.0876 4.3653 -5.3496 -4.7251 3.6305 -2.9803 -24.4552 15.5967 11.0934 3.2063 11.9054 8.1044 -8.1494 -11.7278 8.3802 -35.1031 -0.5121 26.9142 -0.0000 0.0001 53.1564 -4.6519 6.3152 9.8545 -0.0000 0.0000 -0.0000 0.0000 0.0000 -0.0000 -3.2718 6.0866 -9.0640 12.0476 14.1581 -75.6746 -0.0000 0.0000 5.3445 2.5656 1.7966 -3.6405 -0.0000 -0.0000 -0.0000 0.0000 -0.0000 -0.0000 -22.307120 11.584675 -19.830175 15.291580 0.000000 0.000000 3.857305 0.587750 -4.339865 -1.098115 0.000000 0.000000 -3.657305 -2.137055 31.038640 12.008400 0.000000 0.000000 -12.894860 -0.083225 20.328720 -4.473765 0.000000 0.000000
-2.7058 83.6644 24.1583 2.9008 3.5311 38.7569 -1.6835 3.6787 -0.0453 -1.9211 -1.0767 -0.4844 11.5168 3.7480 -5.9902 -4.8858 3.9538 -3.1802 -26.2622 15.8901 11.8199 1.7413 12.2486 8.4896 -7.9900 -10.8639 8.6978 -37.0684 -1.6167 27.2552 -0.0000 0.0001 56.0243 -4.3028 7.2285 10.2714 0.0000 -0.0000 -0.0000 -0.0000 0.0000 -0.0000 -2.9680 5.3488 -9.2399 11.7819 15.7483 -74.8367 -0.0000 0.0000 5.5696 2.1243 1.3037 -3.5832 -0.0000 -0.0000 0.0000 0.0000 0.0000 -0.0000 -22.322760 9.040710 -21.014480 14.593645 0.000000 0.000000 3.418195 0.013745 -4.974390 -0.927775 0.000000 0.000000 -4.147670 -2.441100 31.094230 14.427500 0.000000 0.000000 -14.344535 0.560565 22.348575 -4.198960 0.000000 0.000000
-2.6157 83.4375 24.0609 3.6577 3.3544 34.5722 -1.3685 2.8564 -0.0650 -1.7301 -1.0215 -0.5220 11.1263 3.2342 -6.6256 -5.1663 4.0716 -3.3259 -27.9937 15.8015 12.1313 0.3403 12.3566 8.4603 -8.2551 -10.2643 8.7027 -38.4875 -3.2428 27.6225 -0.0000 0.0001 58.4046 -3.7309 7.6977 10.4594 0.0000 -0.0000 0.0000 0.0000 0.0000 0.0000 -2.5334 4.9299 -9.7916 11.4258 16.9457 -73.8337 -0.0000 0.0000 5.9104 2.0236 1.3110 -3.9332 0.0000 -0.0000 0.0000 -0.0000 0.0000 -0.0000 -22.197045 6.171025 -20.204770 13.830005 0.000000 0.000000 3.309055 1.082875 -4.104755 -0.838525 0.000000 0.000000 -4.322685 -2.939795 30.319200 16.876690 0.000000 0.000000 -15.886095 1.904245 23.266830 -3.938520 0.000000 0.000000
-2.5317 83.1441 23.9819 4.4208 3.5052 30.3996 -1.2609 1.5478 0.0155 -1.7557 -1.1613 -0.5680 11.1304 2.8287 -7.0081 -5.4977 4.2670 -3.4245 -30.0398 15.8768 12.5780 -1.1270 12.1904 8.2718 -8.5454 -10.0128 9.1209 -39.9145 -4.7663 27.9679 -0.0000 0.0001 60.4164 -3.1055 8.0547 10.6695 -0.0000 0.0000 -0.0000 -0.0000 -0.0000 -0.0000 -2.1927 5.1105 -10.4629 11.3294 16.7874 -72.6040 -0.0000 0.0000 5.8130 1.9926 1.8478 -4.3908 0.0000 -0.0000 0.0000 -0.0000 0.0000 0.0000 -22.417790 3.482135 -17.071075 13.361910 0.000000 0.000000 3.320955 2.963500 -3.674995 -0.585990 0.000000 0.000000 -4.383970 -3.869270 28.974415 19.326730 0.000000 0.000000 -17.120720 4.020150 23.193475 -4.381200 0.000000 0.000000
-2.4404 82.7906 23.9464 5.0786 3.8598 25.8822 -1.2658 0.0221 0.1636 -1.8039 -1.6526 -0.6678 11.2513 2.2705 -6.9564 -5.7522 4.6777 -3.4320 -32.2250 15.9141 13.4725 -2.9725 11.4335 8.3422 -8.3615 -9.4361 10.4963 -41.6242 -6.7114 27.7738 -0.0000 0.0001 62.1669 -3.0157 8.7012 10.8942 0.0000 0.0000 -0.0000 -0.0000 0.0000 -0.0000 -1.8896 5.4748 -10.9474 11.7054 15.4940 -71.3936 -0.0000 0.0000 5.2758 1.1106 2.2418 -4.4218 0.0000 0.0000 -0.0000 0.0000 -0.0000 0.0000 -23.094730 1.575330 -13.470220 13.939485 0.000000 0.000000 2.857025 3.368610 -3.527010 -0.262820 0.000000 0.000000 -4.189830 -5.158040 27.147085 21.812470 0.000000 0.000000 -17.392890 6.801775 22.575695 -5.671925 0.000000 0.000000
-2.3429 82.3544 23.9473 5.4735 3.5585 21.0416 -1.0052 -0.9046 0.2317 -1.5277 -2.0278 -0.7075 10.9392 1.8874 -6.3987 -5.8694 4.9282 -3.2751 -33.4739 14.8090 14.1551 -5.2838 9.8693 8.9649 -7.6489 -8.0725 12.1093 -42.9075 -10.0549 26.9240 -0.0000 0.0001 63.1238 -3.7571 9.6083 10.9555 0.0000 -0.0000 -0.0000 0.0000 -0.0000 -0.0000 -1.4238 5.1369 -11.4072 12.3167 14.6050 -70.6242 -0.0000 0.0000 4.9500 -0.1097 2.5705 -4.1603 -0.0000 -0.0000 0.0000 -0.0000 0.0000 -0.0000 -23.737415 0.738845 -11.390270 15.781350 0.000000 0.000000 1.539440 2.434460 -1.979245 -0.062390 0.000000 0.000000 -3.384540 -6.251990 24.941505 24.478240 0.000000 0.000000 -16.049805 9.577790 20.609560 -7.209830 0.000000 0.000000
-2.2684 81.8244 23.9568 5.5922 2.2438 16.1504 -0.5558 -0.9144 0.2231 -1.1442 -1.7983 -0.5978 10.3025 2.2160 -5.4331 -5.8826 4.6435 -2.9345 -33.2079 11.9567 13.8281 -7.5374 7.6841 9.9776 -6.5334 -6.4933 13.0572 -42.9516 -14.2596 26.3089 -0.0000 0.0001 62.2761 -4.8262 10.4349 10.7521 -0.0000 0.0000 -0.0000 0.0000 -0.0000 -0.0000 -1.0743 4.0563 -12.1355 12.7032 15.2203 -70.2453 -0.0000 0.0000 5.0479 0.1351 3.6534 -4.3628 -0.0000 -0.0000 0.0000 0.0000 -0.0000 0.0000 -23.966490 0.472540 -9.545770 18.269385 0.000000 0.000000 -0.372380 2.208360 0.166920 0.036295 0.000000 0.000000 -1.971585 -6.923575 22.597205 27.105675 0.000000 0.000000 -12.726560 11.415660 15.665960 -8.682965 0.000000 0.000000
-2.2518 81.2290 23.9554 5.4424 0.7854 11.5539 -0.3554 -0.5883 0.2612 -1.0332 -1.1974 -0.4129 9.8381 3.0521 -4.3357 -5.7926 3.9816 -2.5237 -32.0472 8.0357 12.5504 -9.0875 5.3254 10.8316 -5.1385 -5.2302 13.5327 -41.6159 -17.8016 26.8056 -0.0000 0.0001 59.2042 -5.3512 10.9403 10.2222 0.0000 -0.0000 -0.0000 -0.0000 0.0000 -0.0000 -1.2151 3.1452 -13.0492 12.4063 16.7054 -69.6514 -0.0000 0.0000 5.0852 1.9182 5.2334 -5.2395 -0.0000 0.0000 -0.0000 -0.0000 0.0000 0.0000 -23.753140 -0.277330 -5.996085 20.548405 0.000000 0.000000 -2.473070 3.100095 0.674625 0.145095 0.000000 0.000000 -0.339670 -7.834860 19.950730 29.246995 0.000000 0.000000 -8.003195 12.201740 7.662190 -10.585010 0.000000 0.000000
-2.2937 80.6242 23.9363 4.9859 -0.0135 7.6645 -0.4679 -0.4605 0.3558 -1.1738 -0.7230 -0.2556 9.7841 3.7731 -3.4632 -5.5321 3.3285 -2.1939 -30.8091 4.2546 10.8903 -9.7716 3.1536 11.1119 -3.8205 -3.9959 14.1614 -39.3408 -20.2362 28.2055 -0.0000 0.0001 54.5716 -5.2776 11.1937 9.4535 -0.0000 -0.0000 0.0000 -0.0000 0.0000 -0.0000 -1.6827 2.7381 -13.7828 11.1262 17.9343 -68.6039 -0.0000 0.0000 4.7414 2.9412 5.7909 -5.9523 0.0000 0.0000 0.0000 -0.0000 0.0000 -0.0000 -23.156865 -1.621945 -1.885230 22.440080 0.000000 0.000000 -4.409710 3.885920 -0.201300 0.326825 0.000000 0.000000 1.018290 -9.401580 16.166105 30.877550 0.000000 0.000000 -2.626520 12.958495 -1.866140 -12.937555 0.000000 0.000000
-2.3683 80.0618 23.9059 4.2836 -0.2779 4.7703 -0.6378 -0.3965 0.4040 -1.3419 -0.4833 -0.1693 10.0520 4.0093 -2.8304 -5.1320 2.8306 -1.9532 -29.7937 1.5670 9.3664 -9.7967 1.4107 10.7990 -2.8172 -2.6656 14.8497 -36.7000 -22.0449 30.1235 -0.0000 0.0001 49.3513 -5.3955 11.3351 8.6207 -0.0000 -0.0000 0.0000 -0.0000 0.0000 -0.0000 -2.0769 2.2770 -14.3309 8.9548 18.7483 -67.4378 -0.0000 0.0000 4.0467 2.0918 4.5077 -5.7987 0.0000 -0.0000 0.0000 0.0000 -0.0000 0.0000 -22.263175 -2.782365 0.531235 24.053040 0.000000 0.000000 -6.152720 4.037815 -0.483755 0.468690 0.000000 0.000000 1.526930 -11.217265 10.851225 32.423530 0.000000 0.000000 2.848160 13.947045 -11.387585 -13.729075 0.000000 0.000000
-2.4510 79.5682 23.8779 3.6061 -0.4581 2.7637 -0.7612 -0.2286 0.3908 -1.4648 -0.2665 -0.0876 10.3856 3.8871 -2.0660 -4.7179 2.3720 -1.6420 -28.9680 0.4237 8.2771 -9.4805 0.5318 10.1117 -1.8571 -1.8049 15.1755 -34.1205 -23.0251 32.3611 -0.0000 0.0000 44.4140 -6.1272 11.2969 7.7604 0.0000 0.0000 0.0000 -0.0000 -0.0000 0.0000 -2.3647 1.2562 -15.0870 6.5785 19.5246 -66.5657 -0.0000 0.0000 3.0716 1.1223 2.3370 -5.3664 -0.0000 0.0000 0.0000 0.0000 -0.0000 0.0000 -21.250655 -3.412385 1.218120 25.264120 0.000000 0.000000 -7.691220 4.211300 0.305045 0.523345 0.000000 0.000000 0.781480 -12.783560 5.081765 34.297015 0.000000 0.000000 6.331800 14.218365 -18.452785 -11.972040 0.000000 0.000000
-2.5282 79.1295 23.8701 2.9605 -0.4873 1.2766 -0.8199 -0.2722 0.3909 -1.5487 -0.1232 0.0098 10.6977 3.6738 -0.8611 -4.3386 1.9913 -1.1696 -28.3581 0.8042 7.7624 -9.0744 0.7248 9.2311 -0.7486 -1.6795 15.3422 -31.7514 -22.7174 34.0696 -0.0000 0.0000 40.6625 -7.0151 11.0622 6.8298 0.0000 0.0000 0.0000 -0.0000 0.0000 -0.0000 -2.9168 -0.3389 -16.1388 5.0023 20.1333 -66.3286 -0.0000 0.0000 2.0235 1.4356 0.8663 -5.4315 0.0000 -0.0000 0.0000 0.0000 -0.0000 -0.0000 -19.944035 -3.982565 1.714350 25.701785 0.000000 0.000000 -8.824780 4.715180 0.985045 0.539410 0.000000 0.000000 -0.890215 -14.241310 0.198175 36.436125 0.000000 0.000000 5.949130 13.765655 -20.188315 -10.564355 0.000000 0.000000
-2.5872 78.7233 23.8929 2.1989 -0.1373 0.0693 -0.8187 -0.7777 0.4056 -1.5753 -0.2500 0.0803 11.0563 3.4525 0.6225 -3.9465 1.8258 -0.6360 -27.9951 2.3078 7.8323 -8.6346 1.3619 8.2144 0.1370 -1.6875 15.9431 -29.3436 -21.8962 34.3412 -0.0000 0.0000 38.3735 -7.5918 10.7539 5.8784 -0.0000 0.0000 -0.0000 -0.0000 -0.0000 0.0000 -3.9825 -2.1347 -17.1862 4.6553 20.1660 -66.7585 -0.0000 0.0000 1.3566 2.4144 0.6629 -5.8385 0.0000 0.0000 0.0000 0.0000 -0.0000 0.0000 -18.120870 -4.742465 2.517855 25.202155 0.000000 0.000000 -9.433210 5.128875 1.122575 0.529380 0.000000 0.000000 -2.959795 -15.845770 -3.346750 38.176925 0.000000 0.000000 2.930610 12.574975 -16.519715 -10.922630 0.000000 0.000000
-2.6152 78.3419 23.9375 1.2748 0.3525 -0.9263 -0.6877 -1.4872 0.3997 -1.5118 -0.5629 0.0998 11.3678 3.2495 2.0020 -3.5519 1.8368 -0.1925 -27.7113 4.0703 8.2066 -8.0854 1.5817 7.2147 0.5662 -1.4419 17.0941 -26.5466 -21.7521 33.7683 0.0000 0.0000 36.4720 -8.1903 10.2758 5.0762 0.0000 0.0000 0.0000 -0.0000 0.0000 0.0000 -5.3852 -3.8089 -18.0478 5.0271 19.9183 -67.4305 -0.0000 0.0000 1.3936 3.0817 1.4125 -5.9450 0.0000 0.0000 -0.0000 0.0000 -0.0000 0.0000 -15.892255 -5.324970 3.012130 24.111180 0.000000 0.000000 -9.746095 5.265640 1.442260 0.484415 0.000000 0.000000 -5.172600 -17.399570 -5.576470 38.765125 0.000000 0.000000 -0.028410 10.347210 -10.616550 -10.882850 0.000000 0.000000
-2.6074 77.9913 23.9784 0.4264 0.6076 -1.8499 -0.4577 -2.0889 0.3917 -1.3873 -0.7711 0.1166 11.4444 3.1433 3.1334 -3.2695 1.8360 0.1606 -27.2893 5.1752 8.4604 -7.4495 1.2991 6.5180 0.8190 -1.2293 18.3096 -23.3594 -22.4612 33.9060 0.0000 0.0000 33.5142 -9.2436 9.3892 4.4983 0.0000 0.0000 0.0000 0.0000 -0.0000 -0.0000 -6.7527 -5.2260 -18.7798 5.3249 20.0446 -67.8778 -0.0000 0.0000 1.8705 3.3679 2.6197 -5.6874 0.0000 0.0000 0.0000 -0.0000 0.0000 -0.0000 -13.845285 -5.493440 3.099935 23.147535 0.000000 0.000000 -10.153415 5.352935 2.232590 0.472175 0.000000 0.000000 -7.496670 -18.648815 -6.450440 37.814145 0.000000 0.000000 -1.667635 7.873795 -5.854935 -9.868035 0.000000 0.000000
-2.5653 77.6656 23.9978 -0.2962 0.6310 -2.8533 -0.1238 -2.5979 0.4139 -1.2403 -0.7879 0.1657 11.3191 3.1586 4.1697 -3.1290 1.7104 0.4887 -26.7069 5.3796 8.4702 -6.8708 0.9905 6.2230 1.2584 -1.2135 19.0914 -19.9479 -23.3063 35.5749 0.0000 0.0000 29.1563 -10.5883 8.2445 3.9586 -0.0000 -0.0000 -0.0000 0.0000 -0.0000 -0.0000 -7.8753 -6.3810 -19.3537 5.2216 20.5009 -68.0675 -0.0000 0.0000 2.1192 3.5987 3.5946 -5.5474 0.0000 0.0000 -0.0000 0.0000 0.0000 -0.0000 -12.279840 -5.449580 3.496545 22.795805 0.000000 0.000000 -10.798140 5.414730 2.837365 0.542555 0.000000 0.000000 -9.590645 -19.639320 -5.865045 35.153815 0.000000 0.000000 -2.294000 6.317020 -3.525255 -9.636835 0.000000 0.000000
-2.4878 77.3556 23.9974 -0.9595 0.5348 -3.7777 0.2073 -3.0553 0.4548 -1.1042 -0.7265 0.2246 11.2779 3.1934 5.1611 -3.0107 1.5221 0.8247 -26.1234 5.0373 8.3065 -6.4067 0.8634 6.1447 1.6867 -1.1167 19.3150 -16.3296 -24.0065 38.2018 0.0000 0.0000 24.2941 -11.8590 7.1617 3.1703 0.0000 0.0000 -0.0000 0.0000 -0.0000 -0.0000 -8.7814 -7.4381 -19.7121 4.8165 20.7874 -68.2727 -0.0000 0.0000 1.7586 3.6292 3.8206 -5.7431 -0.0000 -0.0000 -0.0000 -0.0000 0.0000 0.0000 -11.115595 -5.288335 4.352240 23.029385 0.000000 0.000000 -11.584900 5.278815 2.904600 0.594915 0.000000 0.000000 -11.259620 -20.334875 -4.083105 30.771980 0.000000 0.000000 -1.957910 6.300020 -3.686755 -10.135955 0.000000 0.000000
-2.3736 77.0502 23.9879 -1.6630 0.3463 -4.2482 0.4705 -3.4225 0.4653 -0.9784 -0.6265 0.2589 11.4405 3.1250 5.9917 -2.8141 1.2877 1.1535 -25.5664 4.5780 7.9294 -5.9821 0.6826 6.0489 1.7997 -0.7723 19.1543 -12.6361 -24.8696 40.7161 0.0000 0.0000 20.0952 -12.8886 6.1383 1.9452 0.0000 -0.0000 -0.0000 0.0000 -0.0000 -0.0000 -9.6375 -8.4597 -20.0276 4.2293 21.0178 -68.5260 -0.0000 0.0000 0.9175 3.2980 3.4425 -6.0348 0.0000 0.0000 0.0000 0.0000 -0.0000 -0.0000 -10.046720 -4.901160 4.971295 23.485155 0.000000 0.000000 -12.454960 5.011235 2.820535 0.536945 0.000000 0.000000 -12.514135 -20.508105 -1.514320 24.836005 0.000000 0.000000 0.029050 7.605195 -6.267015 -9.989245 0.000000 0.000000
-2.2240 76.7359 23.9725 -2.3686 0.1494 -4.1374 0.6904 -3.7796 0.3950 -0.8864 -0.3835 0.2908 11.6390 2.8533 6.5443 -2.5933 0.9842 1.4362 -24.8771 4.0216 7.3287 -5.5440 0.3358 5.8265 1.7231 -0.4972 18.8831 -9.0730 -25.9055 42.6058 0.0000 0.0000 17.2177 -13.5001 5.0280 0.5225 -0.0000 0.0000 0.0000 0.0000 -0.0000 -0.0000 -10.4625 -9.3969 -20.3597 3.5404 21.5645 -68.7909 -0.0000 0.0000 0.0373 2.8038 3.0860 -6.2173 0.0000 0.0000 0.0000 -0.0000 0.0000 0.0000 -8.932200 -4.347810 5.067770 23.911685 0.000000 0.000000 -13.432885 4.797715 2.785175 0.485605 0.000000 0.000000 -13.476250 -19.968780 1.491535 17.905445 0.000000 0.000000 4.051335 9.415950 -10.592325 -9.339165 0.000000 0.000000
-2.0435 76.4046 23.9491 -2.9726 0.0652 -3.6792 0.8773 -4.1735 0.2495 -0.8066 -0.0049 0.3069 11.6675 2.3761 6.8037 -2.4274 0.5844 1.6489 -23.9706 3.2134 6.6279 -5.1442 -0.0739 5.5656 1.9318 -0.7224 18.5849 -5.5888 -26.2579 44.3834 0.0000 0.0000 15.5025 -13.6783 4.0129 -0.4453 -0.0000 -0.0000 -0.0000 -0.0000 -0.0000 0.0000 -11.2467 -10.2109 -20.5364 3.0328 22.1879 -69.1151 -0.0000 -0.0000 -0.5814 2.4311 3.1815 -6.2748 0.0000 0.0000 0.0000 -0.0000 0.0000 0.0000 -7.803825 -3.831350 5.026970 24.249815 0.000000 0.000000 -14.485610 4.636045 2.619850 0.607835 0.000000 0.000000 -14.377675 -18.612775 3.661075 11.017045 0.000000 0.000000 8.793825 11.105410 -13.997170 -9.609550 0.000000 0.000000
-1.8498 76.0491 23.9204 -3.6378 0.2486 -3.1814 1.1179 -4.5367 0.1032 -0.6887 0.3772 0.3139 11.6046 1.6453 6.8186 -2.2916 0.0825 1.8455 -22.9519 2.2143 5.8807 -4.8197 -0.3924 5.3939 2.4598 -1.3894 18.1191 -2.2705 -25.6832 46.4639 0.0000 0.0000 14.4705 -13.5767 3.3266 -0.6470 0.0000 0.0000 -0.0000 -0.0000 -0.0000 -0.0000 -12.0185 -11.0463 -20.6412 2.8571 22.4213 -69.3876 -0.0000 -0.0000 -0.9381 2.2098 3.6100 -6.2199 0.0000 0.0000 0.0000 0.0000 -0.0000 -0.0000 -6.391805 -3.530535 5.073465 24.276420 0.000000 0.000000 -15.455205 4.476075 2.320650 0.818805 0.000000 0.000000 -15.278760 -16.798535 2.500315 5.337345 0.000000 0.000000 11.511955 12.872220 -12.568150 -11.242910 0.000000 0.000000
-1.6765 75.6648 23.8937 -4.6882 0.9608 -2.8521 1.6167 -4.8462 0.0557 -0.4386 0.6000 0.3033 11.5828 0.6102 6.7758 -2.1348 -0.5804 2.1549 -22.0024 1.3027 4.9756 -4.5625 -0.4871 5.3118 2.9941 -2.1845 17.3098 0.2251 -25.0902 48.4989 0.0000 0.0000 13.8974 -13.3077 2.8299 -0.5081 0.0000 -0.0000 -0.0000 0.0000 -0.0000 0.0000 -12.8451 -12.1116 -21.1598 2.8247 22.5382 -69.2172 -0.0000 -0.0000 -1.2276 1.9618 4.0225 -6.0820 0.0000 -0.0000 0.0000 0.0000 -0.0000 0.0000 -4.212235 -3.672910 5.111545 23.591915 0.000000 0.000000 -16.113870 4.341265 2.115800 0.890205 0.000000 0.000000 -16.152305 -15.451370 -0.781195 2.119075 0.000000 0.000000 11.095370 13.683120 -7.385530 -12.892845 0.000000 0.000000
-1.5271 75.2769 23.8699 -5.7654 2.1804 -2.8423 2.2207 -5.0803 0.0106 -0.1616 0.6363 0.2882 11.6475 -0.6554 6.8266 -2.0001 -1.4049 2.6107 -21.3143 0.5459 3.9887 -4.4419 -0.3685 5.2742 3.3834 -3.1459 16.3439 1.4738 -25.0769 50.0525 0.0000 0.0000 13.8845 -12.7499 2.2922 -0.5408 -0.0000 -0.0000 0.0000 -0.0000 0.0000 0.0000 -13.6129 -13.3075 -22.0710 2.7461 22.7020 -68.5593 -0.0000 -0.0000 -1.4519 1.3486 4.3488 -5.9330 0.0000 0.0000 -0.0000 -0.0000 -0.0000 0.0000 -1.693940 -4.190730 5.022040 22.270420 0.000000 0.000000 -16.428880 4.137350 2.358475 0.851955 0.000000 0.000000 -17.467595 -14.762360 -1.312785 2.064505 0.000000 0.000000 9.604130 12.373950 -4.634080 -13.379385 0.000000 0.000000
-1.3979 74.8868 23.8427 -6.5218 3.8012 -3.2415 2.7481 -5.2058 -0.1012 0.0266 0.5454 0.2742 11.7743 -2.0646 6.8474 -1.9168 -2.3036 3.0626 -20.9011 -0.3113 3.1498 -4.5260 -0.2816 5.3183 3.7348 -4.4614 15.5680 1.9821 -25.2357 51.3847 0.0000 0.0000 14.3483 -11.7844 1.7730 -0.7219 -0.0000 0.0000 -0.0000 -0.0000 -0.0000 -0.0000 -14.1933 -14.3910 -22.8501 2.7920 22.4317 -67.7797 -0.0000 -0.0000 -1.4248 0.3450 4.8456 -5.7724 -0.0000 0.0000 -0.0000 0.0000 -0.0000 -0.0000 0.767065 -4.969245 4.947920 20.514915 0.000000 0.000000 -16.491270 3.810270 3.101545 0.937890 0.000000 0.000000 -18.934865 -14.795850 1.264925 3.978110 0.000000 0.000000 8.564070 10.448360 -5.558795 -12.916900 0.000000 0.000000
-1.2735 74.4794 23.8091 -6.8508 5.4474 -3.8582 2.9774 -5.0591 -0.2115 0.0917 0.3770 0.2447 12.0500 -3.4716 6.5755 -1.8272 -3.1641 3.3790 -20.7786 -1.3759 2.4262 -4.6825 -0.4018 5.4232 3.9494 -5.9951 15.0608 2.4804 -25.3137 52.8032 0.0000 0.0000 14.9089 -10.4427 1.2078 -0.8554 -0.0000 -0.0000 -0.0000 -0.0000 0.0000 0.0000 -14.6603 -15.1887 -23.4106 3.0796 21.4581 -67.0636 -0.0000 -0.0000 -1.1906 -0.5170 5.5378 -5.4860 0.0000 -0.0000 -0.0000 -0.0000 0.0000 0.0000 3.029510 -5.694465 4.916045 18.517330 0.000000 0.000000 -16.446560 3.425135 4.049210 1.103045 0.000000 0.000000 -20.221510 -15.221190 3.669405 6.530830 0.000000 0.000000 8.147995 9.392235 -6.607440 -12.600615 0.000000 0.000000
-1.1225 74.0427 23.7704 -6.8547 6.6969 -4.4910 2.8589 -4.6534 -0.2598 0.0569 0.2358 0.2126 12.5442 -4.7091 6.0895 -1.6890 -3.8981 3.6072 -21.0633 -2.3500 1.5862 -4.6172 -0.5257 5.4125 3.8385 -7.2015 14.6481 3.0988 -25.7067 54.0033 0.0000 0.0000 15.3229 -8.9173 0.3061 -1.0120 0.0000 -0.0000 0.0000 0.0000 0.0000 0.0000 -15.1517 -15.7077 -24.1206 3.3439 20.4929 -66.4003 -0.0000 -0.0000 -1.0775 -0.7797 5.9715 -5.0784 0.0000 0.0000 -0.0000 -0.0000 0.0000 0.0000 5.002785 -6.022905 4.946815 16.629650 0.000000 0.000000 -16.432365 2.968430 4.803585 1.028840 0.000000 0.000000 -21.376490 -15.320385 4.269505 9.917825 0.000000 0.000000 8.035625 9.202770 -5.725395 -12.648045 0.000000 0.000000
-0.9224 73.5714 23.7173 -6.5150 7.4955 -5.4156 2.5170 -4.1807 -0.2638 -0.0608 0.1032 0.1904 13.0865 -5.6303 5.8073 -1.5849 -4.4550 3.8164 -21.6885 -2.9895 0.7434 -4.1842 -0.4148 5.2138 3.6714 -7.8150 14.3190 3.7858 -26.0009 54.7660 0.0000 0.0000 15.6433 -7.5281 -0.8545 -1.2748 -0.0000 -0.0000 -0.0000 -0.0000 -0.0000 0.0000 -15.5557 -16.0460 -24.8403 3.4607 20.0970 -66.1345 -0.0000 -0.0000 -1.1981 -0.6894 5.7662 -4.7999 0.0000 0.0000 -0.0000 0.0000 -0.0000 -0.0000 6.360490 -5.904415 5.443215 15.469910 0.000000 0.000000 -16.659825 2.412870 5.216260 0.719015 0.000000 0.000000 -22.110040 -14.912130 4.060150 14.217805 0.000000 0.000000 7.507265 8.813300 -3.859900 -12.132265 0.000000 0.000000
-0.6684 73.0752 23.6363 -5.5705 7.8317 -6.8557 2.0095 -3.4973 -0.3383 -0.3563 -0.0523 0.1767 13.4413 -6.3704 5.7506 -1.6275 -4.8303 3.9210 -22.3654 -3.4358 0.3807 -3.5788 -0.2421 5.0479 3.8061 -8.3980 14.2909 4.7625 -24.8575 55.4874 0.0000 0.0000 15.7958 -6.4053 -1.8567 -1.3708 0.0000 0.0000 -0.0000 0.0000 -0.0000 -0.0000 -15.6960 -16.0302 -24.9198 3.8100 19.5892 -66.6905 -0.0000 -0.0000 -1.2523 -0.6615 5.2205 -4.8906 0.0000 0.0000 -0.0000 -0.0000 -0.0000 0.0000 6.639630 -5.346390 6.445195 15.463195 0.000000 0.000000 -17.415730 1.889355 5.477890 0.557855 0.000000 0.000000 -22.041615 -14.022775 3.900010 18.001410 0.000000 0.000000 5.738755 7.361415 -2.236570 -11.134450 0.000000 0.000000
-0.3639 72.5770 23.5400 -3.9173 7.3718 -8.2778 1.1736 -2.0905 -0.5364 -0.8813 -0.1175 0.1466 13.6554 -7.2662 5.4257 -1.8131 -5.1194 3.8090 -23.0227 -3.7861 0.6358 -3.1748 -0.2250 5.1010 3.9742 -9.6536 14.6393 5.7201 -22.3875 56.1570 0.0000 0.0000 15.5703 -5.2485 -2.7927 -1.1396 0.0000 -0.0000 0.0000 -0.0000 -0.0000 0.0000 -15.5814 -15.3564 -24.3031 4.4420 18.2134 -67.8240 -0.0000 -0.0000 -0.9793 -0.6797 4.7938 -5.2618 0.0000 0.0000 0.0000 0.0000 0.0000 0.0000 5.723330 -4.171520 7.136075 16.389015 0.000000 0.000000 -18.661150 1.398310 5.706200 0.591430 0.000000 0.000000 -21.939785 -12.172495 2.294700 20.376480 0.000000 0.000000 2.309345 5.572845 0.215000 -10.590620 0.000000 0.000000
-0.0265 72.0747 23.4696 -2.2447 6.2957 -8.9159 0.2800 -0.2722 -0.7628 -1.4246 0.1419 0.1266 13.8902 -8.3549 4.6278 -2.0267 -5.3929 3.5757 -23.8721 -3.7811 0.9726 -3.1999 -0.1544 5.1853 3.6543 -11.1649 15.0787 5.7121 -21.0078 56.0418 0.0000 0.0000 15.1673 -3.6926 -3.9898 -0.9416 0.0000 0.0000 -0.0000 0.0000 0.0000 -0.0000 -15.3262 -14.3952 -23.8353 4.6854 16.8581 -68.8725 -0.0000 -0.0000 -0.6169 -0.7064 4.2744 -5.5332 -0.0000 0.0000 -0.0000 0.0000 -0.0000 -0.0000 4.517520 -2.534760 7.141855 17.553685 0.000000 0.000000 -19.664405 0.614865 5.677895 0.354960 0.000000 0.000000 -22.688805 -9.382285 -1.876250 22.388175 0.000000 0.000000 -1.709115 4.646175 4.740060 -9.974285 0.000000 0.000000
0.3029 71.5471 23.4543 -1.3239 5.6181 -9.0489 -0.1056 0.7192 -0.8598 -1.6386 0.5257 0.1503 14.0710 -8.9576 3.8949 -2.1957 -5.5508 3.4012 -24.9438 -3.3286 0.8906 -3.5200 0.2148 4.9803 3.1749 -11.8999 15.2898 4.5014 -21.6010 54.9809 0.0000 0.0000 15.2189 -2.3240 -4.6897 -1.1391 0.0000 0.0000 -0.0000 0.0000 0.0000 0.0000 -14.9355 -14.0698 -24.0578 4.2366 16.9856 -69.7885 -0.0000 -0.0000 -0.5210 -1.0164 3.1893 -5.5037 -0.0000 -0.0000 0.0000 0.0000 0.0000 0.0000 4.031660 -1.254320 7.471060 18.630975 0.000000 0.000000 -19.616720 -0.487670 5.208100 -0.380460 0.000000 0.000000 -23.754705 -7.151460 -5.289765 25.067120 0.000000 0.000000 -4.716755 4.463935 8.611810 -8.894275 0.000000 0.000000
0.6085 70.9877 23.4944 -1.0757 5.5495 -9.6145 -0.0152 0.7124 -0.7769 -1.5506 0.6412 0.1603 14.0648 -8.6818 3.6955 -2.3249 -5.4198 3.2749 -25.8643 -2.7100 0.6146 -3.6965 0.6117 4.5035 3.2308 -11.5861 15.3381 3.4107 -22.1394 53.8018 0.0000 0.0000 16.2000 -2.1734 -3.7227 -1.5422 0.0000 0.0000 -0.0000 0.0000 -0.0000 0.0000 -14.3219 -14.3514 -24.4251 3.8331 18.1288 -71.0087 -0.0000 -0.0000 -0.6203 -1.6040 1.8171 -5.4756 -0.0000 -0.0000 -0.0000 -0.0000 -0.0000 -0.0000 4.045685 -0.512015 8.671260 19.928415 0.000000 0.000000 -18.615335 -1.278850 4.703540 -1.304665 0.000000 0.000000 -23.947400 -6.478430 -4.706750 27.370790 0.000000 0.000000 -6.358615 3.956740 8.994310 -7.989620 0.000000 0.000000
0.9113 70.4205 23.5734 -0.8447 5.2297 -10.7878 0.0154 0.7549 -0.6739 -1.5389 0.5673 0.1562 13.8555 -7.9721 3.6719 -2.4251 -5.0498 3.0885 -26.2026 -2.1230 0.6276 -3.4209 0.7176 4.0824 3.8199 -10.9794 15.5047 3.3381 -21.3809 53.2897 0.0000 0.0000 17.7073 -2.9852 -1.8206 -1.6349 0.0000 -0.0000 -0.0000 0.0000 0.0000 0.0000 -13.4810 -14.2093 -24.3833 4.2128 18.7916 -72.3223 -0.0000 -0.0000 -0.6655 -1.7628 0.9291 -5.7616 0.0000 0.0000 -0.0000 -0.0000 0.0000 -0.0000 3.487235 0.446105 9.689220 21.977425 0.000000 0.000000 -17.391250 -1.248250 4.730485 -2.073915 0.000000 0.000000 -23.011805 -6.311830 -1.691800 28.003955 0.000000 0.000000 -7.565870 2.721265 7.448160 -7.783580 0.000000 0.000000
1.2226 69.8878 23.6813 -0.2262 4.0798 -12.0716 -0.4581 1.4703 -0.6126 -1.7763 0.6431 0.1684 13.6266 -7.3588 3.3665 -2.4736 -4.6287 2.8519 -26.0574 -1.4238 0.9268 -2.8394 0.7852 3.9153 4.1258 -10.7028 15.8598 3.3325 -20.8207 53.0475 0.0000 0.0000 19.1316 -3.3434 -1.1969 -1.3921 -0.0000 0.0000 0.0000 -0.0000 -0.0000 -0.0000 -12.5020 -13.1766 -24.1172 5.0350 18.5670 -73.0688 -0.0000 -0.0000 -0.5612 -1.1962 0.7216 -6.1796 -0.0000 -0.0000 0.0000 0.0000 0.0000 0.0000 1.437120 2.016990 9.959605 25.454350 0.000000 0.000000 -16.046805 -1.177870 5.392635 -2.582725 0.000000 0.000000 -21.748450 -5.292255 0.836355 27.028580 0.000000 0.000000 -8.626075 1.543165 6.650775 -7.932840 0.000000 0.000000
1.5105 69.4252 23.8034 0.6355 2.5829 -13.2679 -1.2096 2.4417 -0.5278 -2.1152 0.9204 0.2126 13.4831 -6.8510 2.9555 -2.4762 -4.2521 2.6640 -25.8344 -0.4702 1.2182 -2.3325 1.1503 3.8795 3.7196 -10.4913 16.1366 2.5352 -21.6165 52.6359 0.0000 0.0000 20.4808 -2.4889 -2.5194 -1.2157 0.0000 0.0000 -0.0000 0.0000 -0.0000 0.0000 -11.6014 -11.9540 -23.9937 5.6619 18.0795 -73.1630 -0.0000 -0.0000 -0.2962 -0.5703 0.7374 -6.3292 0.0000 -0.0000 -0.0000 -0.0000 0.0000 -0.0000 -2.178950 3.470830 10.526980 30.803060 0.000000 0.000000 -13.870550 -1.971090 6.351265 -2.617320 0.000000 0.000000 -20.818125 -3.751375 2.164905 25.554340 0.000000 0.000000 -9.031865 0.819900 7.058435 -7.957320 0.000000 0.000000
1.7428 69.0322 23.9039 1.3178 1.2207 -14.5834 -1.7214 3.3527 -0.4014 -2.3226 1.1609 0.2743 13.2766 -6.1262 2.7619 -2.5052 -3.8600 2.5310 -25.6328 0.4867 1.4428 -2.0670 1.6584 3.8178 3.0309 -9.9440 16.0807 1.4200 -22.5558 52.4769 0.0000 0.0000 22.0778 -0.8060 -4.0576 -1.2383 0.0000 0.0000 0.0000 0.0000 0.0000 0.0000 -10.9190 -11.3178 -23.9349 6.0073 17.5705 -73.0672 -0.0000 0.0000 0.1442 -0.4487 0.6118 -6.1760 0.0000 -0.0000 -0.0000 -0.0000 -0.0000 0.0000 -6.475700 4.197070 11.601040 37.272155 0.000000 0.000000 -11.181235 -2.359965 6.653610 -2.293980 0.000000 0.000000 -19.998470 -2.501790 3.749305 24.283080 0.000000 0.000000 -9.002625 0.168800 7.190610 -7.961825 0.000000 0.000000
1.9134 68.6677 23.9687 1.3956 0.1352 -15.9397 -1.7610 4.2512 -0.3091 -2.3148 1.2708 0.3194 12.9839 -5.2121 2.7389 -2.5776 -3.3896 2.3653 -25.2914 1.2293 1.7459 -1.9315 2.0319 3.7212 2.4225 -9.1182 15.7650 0.4307 -22.7695 52.7674 0.0000 0.0000 24.0801 1.3319 -4.1850 -1.2032 0.0000 0.0000 -0.0000 -0.0000 -0.0000 0.0000 -10.3419 -11.0002 -23.6445 6.0625 17.0875 -72.8662 -0.0000 0.0000 0.3564 -0.4209 0.1686 -6.0689 -0.0000 0.0000 -0.0000 0.0000 -0.0000 0.0000 -10.009065 4.410335 11.928120 42.918960 0.000000 0.000000 -9.981630 -0.258680 3.953415 -2.498490 0.000000 0.000000 -18.682330 -1.558885 5.888670 23.011310 0.000000 0.000000 -9.256010 -0.556760 6.641085 -8.090940 0.000000 0.000000
2.0259 68.3133 24.0241 1.0689 -0.3647 -17.1016 -1.6662 4.8697 -0.2429 -2.2229 1.2557 0.3323 12.9107 -4.3954 2.7874 -2.5961 -2.9048 2.2060 -24.8597 1.9141 2.0954 -1.8379 2.3529 3.5848 1.7215 -8.1713 15.4635 -1.2281 -23.5751 52.4432 0.0000 0.0000 26.8000 3.8704 -3.1778 -1.0928 -0.0000 -0.0000 0.0000 -0.0000 -0.0000 0.0000 -9.5637 -10.2964 -23.0196 5.2702 17.4913 -72.3102 -0.0000 -0.0000 -0.5014 0.3172 -1.0360 -6.1662 0.0000 0.0000 0.0000 0.0000 -0.0000 0.0000 -12.312395 4.279605 10.762940 46.024605 0.000000 0.000000 -10.660950 3.988685 -2.968815 -2.715580 0.000000 0.000000 -17.008850 -0.908890 7.357810 21.694150 0.000000 0.000000 -9.851010 -1.020180 6.450090 -8.143555 0.000000 0.000000
2.0927 67.9828 24.0928 0.6971 -0.1020 -18.1307 -1.6152 4.9598 -0.1540 -2.1496 1.1184 0.3250 13.1421 -3.8280 3.0845 -2.4883 -2.5031 2.1844 -24.5042 2.6685 2.3167 -1.8017 2.7624 3.3667 0.8269 -6.9717 15.2043 -4.2819 -26.1332 50.5199 0.0000 0.0000 30.8685 6.5258 -1.8614 -0.9991 -0.0000 0.0000 0.0000 -0.0000 0.0000 0.0000 -8.3901 -9.2106 -22.0692 3.1559 19.8722 -71.4760 -0.0000 -0.0000 -3.0598 2.2007 -3.2650 -6.2007 0.0000 0.0000 -0.0000 -0.0000 0.0000 0.0000 -13.832790 3.781760 8.606745 46.039395 0.000000 0.000000 -11.610995 8.151220 -10.867440 -1.535440 0.000000 0.000000 -15.372940 -0.793460 7.976015 20.666585 0.000000 0.000000 -10.339250 -1.217635 6.834970 -8.079040 0.000000 0.000000
2.1377 67.6980 24.1606 0.5823 0.5039 -19.1202 -1.6216 4.8383 -0.0732 -2.1062 0.9094 0.3206 13.4004 -3.4815 3.5953 -2.3499 -2.2781 2.3110 -24.2260 3.2816 2.3829 -1.8051 3.1115 3.1761 -0.0257 -5.6095 14.7846 -8.2545 -29.3877 47.4597 0.0000 0.0000 36.4522 9.0194 -0.2433 -0.8750 -0.0000 -0.0000 0.0000 -0.0000 0.0000 0.0000 -7.0366 -8.1993 -20.7746 0.2983 23.9961 -70.6072 -0.0000 -0.0000 -7.2545 5.1406 -5.9883 -5.8835 -0.0000 -0.0000 -0.0000 0.0000 -0.0000 0.0000 -15.264615 3.183105 6.355010 44.050565 0.000000 0.000000 -12.735715 9.754660 -14.237180 0.225590 0.000000 0.000000 -14.103550 -1.113825 8.715175 20.032485 0.000000 0.000000 -10.647120 -1.452065 6.893365 -8.163955 0.000000 0.000000
2.1770 67.4458 24.2088 0.4991 0.9141 -19.7588 -1.4700 5.0669 -0.0715 -2.0382 0.7815 0.3226 13.4753 -3.3994 3.9619 -2.3129 -2.2306 2.4175 -23.8701 3.5401 2.3768 -1.7650 3.2600 3.1539 -0.5025 -4.7150 14.0039 -12.2947 -31.8769 44.7908 -0.0000 0.0000 42.6890 11.6097 1.6495 -0.7858 0.0000 0.0000 -0.0000 -0.0000 0.0000 -0.0000 -5.6791 -7.3435 -19.2173 -2.4047 28.0182 -69.8708 -0.0000 -0.0000 -12.2537 8.3364 -8.6618 -5.3488 0.0000 -0.0000 -0.0000 0.0000 0.0000 -0.0000 -16.523040 2.942895 4.243185 41.143650 0.000000 0.000000 -14.002045 8.228060 -11.927985 0.898280 0.000000 0.000000 -13.013255 -1.291815 9.623740 19.459075 0.000000 0.000000 -11.034890 -1.718455 6.481030 -8.401955 0.000000 0.000000
2.2165 67.2019 24.2375 0.1942 0.9013 -19.7816 -1.1804 5.7404 -0.1208 -1.9329 0.8274 0.3314 13.5021 -3.5301 3.9833 -2.3603 -2.2765 2.4658 -23.3659 3.6098 2.2745 -1.6391 3.3534 3.2191 -0.8082 -4.4482 13.0136 -16.2927 -34.0872 42.6954 -0.0000 0.0000 48.9174 14.9109 3.0625 -0.9936 0.0000 -0.0000 0.0000 -0.0000 -0.0000 -0.0000 -4.5254 -6.5890 -17.8183 -4.6850 31.2135 -69.1218 -0.0000 -0.0000 -17.3235 11.1090 -11.3460 -4.8528 0.0000 0.0000 -0.0000 0.0000 0.0000 -0.0000 -17.410015 3.213790 2.296600 37.538035 0.000000 0.000000 -14.069365 5.627485 -7.613895 0.557175 0.000000 0.000000 -11.909955 -0.889765 9.912485 18.722125 0.000000 0.000000 -11.455385 -1.855560 6.362965 -8.504635 0.000000 0.000000
2.2529 66.9643 24.2568 -0.2173 0.6311 -19.4232 -0.9673 6.4255 -0.1567 -1.8290 0.9411 0.3487 13.6501 -3.6220 3.9401 -2.3603 -2.2913 2.5115 -22.8353 3.7679 2.0596 -1.4565 3.5638 3.1472 -1.3340 -4.1857 12.1590 -20.4350 -36.8630 40.1056 -0.0000 0.0001 55.1859 18.8038 3.7263 -1.4584 0.0000 -0.0000 -0.0000 -0.0000 0.0000 -0.0000 -3.8209 -6.1838 -16.8220 -6.5573 34.4270 -68.2516 -0.0000 -0.0000 -22.2455 13.4663 -13.8732 -4.3658 0.0000 -0.0000 -0.0000 0.0000 0.0000 0.0000 -18.032385 3.586600 0.733450 33.248170 0.000000 0.000000 -13.029050 4.306075 -4.663970 0.096985 0.000000 0.000000 -10.817790 -0.124680 9.605550 17.890060 0.000000 0.000000 -11.661935 -1.995215 6.597480 -8.419210 0.000000 0.000000
2.2778 66.7422 24.2738 -0.5369 0.3486 -18.9264 -0.8780 6.8203 -0.1557 -1.7679 1.0024 0.3601 13.8931 -3.5354 3.9747 -2.2576 -2.2052 2.5396 -22.4050 3.9853 1.8331 -1.2849 3.8375 2.9053 -2.1489 -3.4901 11.5779 -24.3755 -39.8229 36.8016 -0.0000 0.0001 61.3185 22.1847 4.4497 -1.7439 -0.0000 -0.0000 0.0000 0.0000 0.0000 0.0000 -3.6522 -6.3359 -16.0019 -7.8417 38.0472 -67.4667 -0.0000 -0.0000 -26.9264 15.7825 -15.7919 -3.7386 -0.0000 0.0000 -0.0000 0.0000 0.0000 -0.0000 -18.598910 3.660720 -0.216340 28.574275 0.000000 0.000000 -11.699395 4.123070 -3.485870 -0.068000 0.000000 0.000000 -9.750870 0.575295 9.441585 16.982175 0.000000 0.000000 -11.658365 -2.340315 6.423740 -8.300890 0.000000 0.000000
2.2820 66.5283 24.2937 -0.7838 0.1669 -18.0065 -0.7933 7.0284 -0.1517 -1.7154 1.0399 0.3486 14.1460 -3.4534 3.7896 -2.1133 -2.0627 2.4433 -22.0360 4.1179 1.6790 -1.1621 4.0467 2.6155 -2.9383 -2.7357 11.0752 -27.4448 -42.0587 34.0457 -0.0000 0.0001 66.4802 23.9691 5.8765 -1.4974 0.0000 -0.0000 -0.0000 -0.0000 0.0000 0.0000 -3.6999 -6.7197 -15.1418 -8.5834 41.0581 -67.0213 -0.0000 -0.0000 -31.1227 18.0046 -17.2055 -3.0822 0.0000 0.0000 -0.0000 0.0000 0.0000 0.0000 -19.103810 3.518600 -0.969100 23.957500 0.000000 0.000000 -10.278620 3.814435 -2.827800 -0.097920 0.000000 0.000000 -8.630655 1.081300 9.491735 15.925540 0.000000 0.000000 -11.613230 -2.752650 5.554105 -8.117885 0.000000 0.000000
2.2633 66.3032 24.3185 -1.1441 0.0355 -16.4005 -0.6127 7.2873 -0.1609 -1.6426 1.1194 0.3249 14.4226 -3.5990 3.1952 -1.9741 -1.9304 2.2440 -21.6206 4.2123 1.5346 -1.0218 4.2062 2.3132 -3.5030 -2.3657 10.5446 -29.4433 -43.2449 32.5537 -0.0000 0.0001 70.2111 24.4471 7.5779 -0.8543 0.0000 -0.0000 -0.0000 -0.0000 0.0000 -0.0000 -3.7105 -6.9707 -14.3738 -9.0582 42.9244 -66.8537 -0.0000 -0.0000 -34.7490 19.7652 -18.5497 -2.6424 0.0000 -0.0000 0.0000 0.0000 0.0000 -0.0000 -19.464295 3.484345 -2.195140 19.892460 0.000000 0.000000 -8.842545 3.044165 -1.718465 -0.368815 0.000000 0.000000 -7.333045 1.541405 9.208090 14.714460 0.000000 0.000000 -11.522535 -2.936590 4.474350 -7.795905 0.000000 0.000000
2.2264 66.0663 24.3424 -1.6052 -0.1297 -14.4964 -0.3916 7.6418 -0.1762 -1.5701 1.1621 0.2823 14.7208 -3.8755 2.5885 -1.8451 -1.8099 2.0310 -21.1366 4.3694 1.3502 -0.7700 4.4169 1.9704 -3.8528 -2.2867 10.2101 -30.7934 -43.4407 31.6922 -0.0000 0.0001 72.7560 24.9840 8.8765 -0.3293 -0.0000 -0.0000 0.0000 -0.0000 -0.0000 0.0000 -3.6800 -7.1020 -13.7880 -9.3958 44.2104 -66.8778 -0.0000 -0.0000 -37.8979 20.8591 -19.7094 -2.4683 0.0000 0.0000 0.0000 0.0000 0.0000 -0.0000 -19.905955 3.589830 -3.647875 16.856430 0.000000 0.000000 -7.639200 2.281715 -0.081450 -0.844900 0.000000 0.000000 -5.938790 2.013920 8.452950 13.499725 0.000000 0.000000 -11.355935 -2.878790 3.641010 -7.532490 0.000000 0.000000
2.1784 65.8330 24.3544 -2.0184 -0.4039 -12.8784 -0.1866 8.0020 -0.1763 -1.4618 1.1585 0.2525 14.8686 -4.0754 2.2651 -1.7418 -1.7020 1.9295 -20.6151 4.5513 1.1850 -0.4317 4.7230 1.6282 -4.0952 -2.1509 10.2010 -31.6344 -42.9593 30.9483 -0.0000 0.0001 74.2474 26.1122 9.6618 -0.2086 0.0000 -0.0000 0.0000 0.0000 0.0000 -0.0000 -3.7126 -7.3080 -13.2873 -9.5173 45.4445 -67.1209 -0.0000 -0.0000 -40.5651 21.5689 -20.2152 -2.3627 -0.0000 0.0000 0.0000 -0.0000 -0.0000 0.0000 -20.740145 3.704750 -4.275770 15.089960 0.000000 0.000000 -6.837820 1.898875 1.514085 -1.106190 0.000000 0.000000 -4.638375 2.482780 7.639245 12.421415 0.000000 0.000000 -11.266940 -2.769565 3.058420 -7.502060 0.000000 0.000000
2.1183 65.6017 24.3541 -2.4279 -0.7566 -11.5081 0.1460 8.2850 -0.1943 -1.2895 1.1665 0.2357 14.7741 -4.1261 2.1412 -1.7051 -1.6037 1.8761 -20.0515 4.6734 1.0598 -0.1447 5.0849 1.3434 -4.1483 -2.0677 10.2891 -31.7014 -42.1270 30.8900 -0.0000 0.0001 74.2757 26.8380 10.1093 -0.2303 0.0000 -0.0000 -0.0000 -0.0000 -0.0000 0.0000 -3.8167 -7.6279 -12.8399 -9.4819 46.3454 -67.5210 -0.0000 -0.0000 -42.6123 22.4337 -20.0736 -2.0398 0.0000 -0.0000 -0.0000 -0.0000 -0.0000 0.0000 -21.740000 3.804965 -3.866665 14.270815 0.000000 0.000000 -6.257440 1.923440 2.465660 -1.065900 0.000000 0.000000 -3.400775 2.910160 7.004550 11.505030 0.000000 0.000000 -11.357295 -2.638410 2.491045 -7.538695 0.000000 0.000000
2.0464 65.3578 24.3499 -2.8179 -1.2299 -10.0426 0.5359 8.5189 -0.2202 -1.0928 1.2268 0.2272 14.5761 -4.1297 2.0090 -1.7291 -1.5140 1.7987 -19.4873 4.8809 0.9545 0.0189 5.4581 1.0227 -3.8972 -2.3277 10.2900 -31.1240 -41.1280 31.7855 -0.0000 0.0001 72.8056 26.3501 10.1694 -0.0309 0.0000 -0.0000 -0.0000 0.0000 0.0000 0.0000 -3.8931 -7.8020 -12.4578 -9.4352 46.4915 -68.0586 -0.0000 -0.0000 -44.0722 23.7364 -19.5408 -1.3405 -0.0000 0.0000 -0.0000 0.0000 0.0000 -0.0000 -22.658085 4.029960 -3.197800 13.947730 0.000000 0.000000 -5.709530 1.984045 2.664220 -1.048900 0.000000 0.000000 -2.158330 3.341620 6.432330 10.585500 0.000000 0.000000 -11.432350 -2.374400 1.797700 -7.466785 0.000000 0.000000
1.9623 65.0849 24.3478 -3.1899 -1.7609 -8.4694 0.8847 8.6822 -0.2109 -0.9215 1.2626 0.2117 14.4615 -4.1770 1.9103 -1.7602 -1.3922 1.7234 -19.0640 5.3790 0.8989 0.1285 5.8381 0.5697 -3.5159 -2.7808 10.4013 -30.5248 -40.1809 32.5378 -0.0000 0.0001 70.9509 25.3565 9.6264 0.2857 -0.0000 0.0000 -0.0000 0.0000 0.0000 -0.0000 -3.9496 -7.7702 -12.0187 -9.2911 46.3344 -68.7402 -0.0000 -0.0000 -45.4687 25.3240 -18.4409 -0.3781 0.0000 -0.0000 -0.0000 0.0000 -0.0000 -0.0000 -23.338170 4.361630 -2.861625 13.835275 0.000000 0.000000 -5.270930 1.680680 2.534170 -1.187365 0.000000 0.000000 -0.732370 3.755655 5.735755 9.414625 0.000000 0.000000 -11.356955 -1.953905 1.086675 -7.427940 0.000000 0.000000
1.8642 64.7864 24.3386 -3.3899 -2.2944 -6.9205 1.0884 8.7649 -0.1853 -0.7838 1.2205 0.1901 14.4243 -4.2567 1.9640 -1.7644 -1.2548 1.7052 -18.9210 6.1111 0.9044 0.2549 6.2593 0.0348 -3.2102 -3.0882 10.6969 -30.2508 -39.5546 32.2251 -0.0000 0.0001 69.9893 24.9108 8.6804 0.3544 0.0000 -0.0000 0.0000 -0.0000 -0.0000 0.0000 -4.1319 -7.8416 -11.5322 -8.9560 46.6124 -69.3039 -0.0000 -0.0000 -47.4342 26.8155 -16.7225 0.4205 0.0000 0.0000 -0.0000 0.0000 0.0000 0.0000 -23.861855 4.698485 -2.884405 13.797960 0.000000 0.000000 -5.020945 1.197115 2.555165 -1.256810 0.000000 0.000000 0.678035 4.089875 4.809255 8.155435 0.000000 0.000000 -11.363075 -1.511650 0.591125 -7.546090 0.000000 0.000000
1.7467 64.4742 24.3146 -3.3014 -2.8440 -5.2706 1.1801 8.7982 -0.1542 -0.6964 1.1993 0.1816 14.4182 -4.3677 2.0653 -1.7823 -1.1682 1.7238 -19.0666 6.8318 0.8872 0.3458 6.7298 -0.4765 -2.9938 -3.3235 10.9081 -30.1311 -39.2862 31.2340 -0.0000 0.0001 70.1469 24.7889 7.8449 0.2016 0.0000 0.0000 0.0000 0.0000 -0.0000 0.0000 -4.3493 -8.0459 -11.2365 -8.7363 46.9265 -69.4917 -0.0000 -0.0000 -49.9126 27.8610 -15.3067 0.6637 -0.0000 -0.0000 0.0000 -0.0000 -0.0000 0.0000 -24.231945 5.053360 -3.108975 13.670205 0.000000 0.000000 -4.722850 0.959200 2.649600 -1.108315 0.000000 0.000000 1.695145 4.294300 3.803195 7.294640 0.000000 0.000000 -11.665165 -1.124815 0.152780 -7.652935 0.000000 0.000000
1.6063 64.1498 24.2841 -2.9174 -3.3949 -3.4763 1.1831 8.7553 -0.0686 -0.7131 1.2588 0.1903 14.5207 -4.5189 2.1059 -1.8584 -1.1359 1.7260 -19.4287 7.4745 0.8711 0.3076 7.1993 -0.9333 -2.7008 -3.8829 10.9525 -30.0200 -39.0167 30.3996 -0.0000 0.0001 70.9155 24.2215 7.3567 0.1619 0.0000 0.0000 0.0000 0.0000 -0.0000 -0.0000 -4.4574 -8.0207 -11.2135 -8.8561 46.6084 -69.3148 -0.0000 -0.0000 -52.4502 28.3953 -15.0212 0.3901 0.0000 0.0000 0.0000 -0.0000 -0.0000 0.0000 -24.485840 5.412570 -3.255005 13.515505 0.000000 0.000000 -3.957850 0.681250 2.390265 -0.888420 0.000000 0.000000 2.247050 4.341730 2.978610 6.920640 0.000000 0.000000 -12.101895 -0.676695 -0.561220 -7.626330 0.000000 0.000000
1.4433 63.7951 24.2536 -2.3355 -3.8113 -1.8598 1.0504 8.5403 0.0634 -0.8175 1.2886 0.1987 14.7478 -4.7124 2.2045 -1.9600 -1.0817 1.7215 -19.9499 8.1647 1.0581 0.1286 7.5846 -1.2998 -2.3113 -4.6667 11.1652 -30.0715 -38.6487 29.6331 -0.0000 0.0001 72.1275 23.4785 6.8481 0.3343 -0.0000 -0.0000 0.0000 0.0000 -0.0000 -0.0000 -4.3953 -7.6123 -11.1426 -9.1380 45.9886 -69.0018 -0.0000 -0.0000 -54.9189 28.5477 -15.1595 0.0117 0.0000 -0.0000 -0.0000 0.0000 0.0000 0.0000 -24.755205 5.587330 -3.039020 13.749595 0.000000 0.000000 -2.432950 -0.246270 1.880520 -0.788970 0.000000 0.000000 2.675620 4.193235 2.348590 6.596960 0.000000 0.000000 -12.551035 -0.050330 -1.374500 -7.624885 0.000000 0.000000
1.2622 63.3883 24.2084 -1.6172 -4.1689 -0.5309 0.7381 8.2298 0.1751 -0.9060 1.2140 0.1878 14.9363 -4.8272 2.4039 -2.0195 -0.9828 1.7218 -20.6311 8.7501 1.4504 -0.1551 7.8104 -1.5058 -1.9517 -5.2354 11.6570 -30.4095 -38.4824 28.4974 -0.0000 0.0001 73.8656 23.4273 5.7198 0.4526 0.0000 -0.0000 -0.0000 -0.0000 -0.0000 -0.0000 -4.5273 -7.4501 -10.9870 -9.2349 46.1886 -68.3470 -0.0000 -0.0000 -57.6556 28.6604 -14.3058 -0.1779 0.0000 0.0000 0.0000 -0.0000 0.0000 0.0000 -24.997285 5.633485 -2.556985 14.533465 0.000000 0.000000 -0.112620 -1.392920 1.821955 -0.805205 0.000000 0.000000 3.194120 3.973510 1.721630 6.107785 0.000000 0.000000 -13.188790 0.651090 -1.904985 -7.723570 0.000000 0.000000
1.0621 62.9201 24.1371 -0.7780 -4.7096 0.9045 0.3554 7.9638 0.3050 -1.0481 1.2303 0.1955 15.1080 -4.7973 2.4659 -2.0650 -0.9238 1.6800 -21.5157 8.9343 1.7328 -0.5913 7.8360 -1.5679 -1.5735 -5.6815 12.0310 -30.8501 -38.3420 27.4942 -0.0000 0.0001 75.7647 24.0832 3.8168 0.3026 0.0000 -0.0000 -0.0000 0.0000 -0.0000 -0.0000 -4.8514 -7.5562 -10.9831 -9.3320 46.5445 -67.5332 -0.0000 -0.0000 -60.2966 28.8344 -12.5490 -0.3588 0.0000 -0.0000 -0.0000 -0.0000 -0.0000 0.0000 -24.785720 5.842500 -2.005590 15.254860 0.000000 0.000000 2.626250 -1.591990 2.208110 -0.793220 0.000000 0.000000 3.746620 3.843885 0.994030 5.623795 0.000000 0.000000 -13.965265 1.290715 -2.309925 -7.767175 0.000000 0.000000
0.8329 62.3956 24.0543 0.3333 -5.2581 2.4155 -0.2005 7.5030 0.6236 -1.4107 1.4961 0.2575 15.5313 -4.7339 2.3940 -2.2044 -0.9444 1.5947 -22.6491 8.8881 1.8562 -1.3075 7.7167 -1.5841 -1.1012 -6.4533 12.1547 -30.9890 -37.4816 27.4283 -0.0000 0.0001 77.2939 24.7631 1.5539 -0.0266 -0.0000 0.0000 0.0000 0.0000 -0.0000 0.0000 -4.9545 -6.7997 -11.0054 -9.6686 45.0894 -67.3538 -0.0000 -0.0001 -62.0099 28.8184 -10.9843 -0.8391 0.0000 -0.0000 -0.0000 0.0000 0.0000 0.0000 -24.257360 5.971700 -0.987545 15.616365 0.000000 0.000000 4.594765 -0.932475 1.892250 -0.613700 0.000000 0.000000 4.186665 3.618975 0.275100 5.106315 0.000000 0.000000 -14.564345 1.995280 -2.818055 -7.775845 0.000000 0.000000
0.5554 61.8208 23.9815 1.4984 -4.8771 3.0287 -0.7955 6.1737 1.0683 -1.9253 1.5987 0.3162 16.1079 -4.7464 2.7666 -2.4721 -0.9278 1.6258 -23.9502 9.0426 2.2578 -2.3612 7.5197 -1.5418 -0.8032 -7.2066 12.5710 -30.6290 -35.9462 27.7200 -0.0000 0.0001 78.5818 25.2377 -0.5893 -0.3934 -0.0000 0.0000 -0.0000 0.0000 -0.0000 -0.0000 -4.5475 -4.6572 -10.5725 -10.2563 41.5599 -68.0120 -0.0000 -0.0001 -62.6625 28.3034 -9.6832 -1.6859 0.0000 -0.0000 -0.0000 0.0000 -0.0000 -0.0000 -24.086510 4.901550 0.838935 16.441290 0.000000 0.000000 4.550480 -0.558900 0.257870 -0.231200 0.000000 0.000000 4.651785 2.562595 -0.052575 4.576170 0.000000 0.000000 -15.330365 2.989695 -2.966125 -8.008660 0.000000 0.000000
0.2269 61.2409 23.9133 2.4884 -3.2481 2.2831 -1.0240 4.1763 1.2767 -2.1474 0.9108 0.2487 16.0759 -4.6719 3.9404 -2.7591 -0.8787 1.8961 -25.2039 9.0082 2.9972 -3.6615 7.0649 -1.3197 -0.8490 -6.9404 13.6334 -30.2297 -35.1453 26.8805 -0.0000 0.0001 80.2493 25.8387 -2.4154 -0.8179 0.0000 0.0000 -0.0000 0.0000 -0.0000 -0.0000 -4.0852 -2.8609 -9.9132 -10.9962 38.4759 -68.3295 -0.0000 -0.0001 -62.9173 27.7107 -8.2429 -2.8300 -0.0000 0.0000 0.0000 0.0000 -0.0000 0.0000 -24.862475 2.309730 2.457590 18.665230 0.000000 0.000000 2.513285 -0.613215 -1.458875 0.294525 0.000000 0.000000 4.549530 0.448645 0.888800 5.566250 0.000000 0.000000 -17.173165 4.261380 -2.880955 -8.437485 0.000000 0.000000
-0.1292 60.7184 23.8497 3.2068 -1.3261 1.5997 -0.6296 2.5832 0.9936 -1.8007 -0.2057 0.1021 15.1635 -4.2503 5.2019 -2.9216 -1.1683 2.2846 -26.2006 7.4529 3.1068 -5.1181 5.9277 -0.9032 -0.7461 -5.5221 14.8400 -30.8731 -36.1967 24.3655 -0.0000 0.0001 82.5217 26.6930 -3.8235 -1.3411 -0.0000 -0.0000 -0.0000 0.0000 -0.0000 -0.0000 -3.8703 -3.4159 -10.0888 -12.1217 37.4261 -67.4494 -0.0000 -0.0001 -62.7660 27.6913 -8.1533 -4.2720 -0.0000 0.0000 -0.0000 0.0000 0.0000 -0.0000 -25.861820 -0.392250 2.412285 21.391265 0.000000 0.000000 -0.060090 -0.249500 -2.064500 0.809370 0.000000 0.000000 2.790030 -2.110450 2.474730 10.140695 0.000000 0.000000 -19.696985 5.396980 -3.335790 -8.664775 0.000000 0.000000
-0.4889 60.2580 23.8200 3.3890 0.2088 2.5257 0.1660 1.6121 0.5220 -1.2888 -0.6489 0.0707 14.2225 -3.7558 5.5633 -2.8963 -1.9753 2.5569 -26.8124 3.8176 1.5918 -6.7424 3.7708 -0.3844 0.1167 -3.8210 15.3731 -33.1566 -38.6671 20.8877 -0.0000 0.0001 84.9858 27.6048 -4.6842 -1.8317 0.0000 -0.0000 0.0000 -0.0000 -0.0000 -0.0000 -3.7349 -5.9395 -11.8407 -13.9084 37.0842 -65.8078 -0.0000 -0.0001 -61.5743 27.7142 -11.3682 -5.9455 0.0000 -0.0000 -0.0000 0.0000 -0.0000 -0.0000 -25.778010 -2.129225 0.964905 22.946000 0.000000 0.000000 -1.991800 0.696380 -2.204495 1.157785 0.000000 0.000000 -0.502530 -4.541195 2.000430 17.635400 0.000000 0.000000 -20.897950 5.584065 -3.771925 -8.649730 0.000000 0.000000
-0.8178 59.8304 23.8615 3.2786 1.1901 4.5893 0.6930 1.1987 0.2407 -1.0413 -0.4280 0.1225 13.9223 -3.5555 5.2199 -2.6758 -3.0638 2.7810 -27.0424 -0.6769 -1.2290 -8.4135 0.7833 0.1455 1.3884 -2.4799 14.9453 -35.9270 -41.6894 17.5459 -0.0000 0.0001 87.1570 28.5744 -5.4322 -2.2041 -0.0000 -0.0000 -0.0000 0.0000 -0.0000 0.0000 -3.5110 -8.1565 -14.4508 -15.5565 35.7402 -64.7522 -0.0000 -0.0000 -59.2850 26.6557 -16.6515 -7.6147 0.0000 0.0000 -0.0000 -0.0000 0.0000 -0.0000 -24.601865 -2.985090 -0.850950 22.852245 0.000000 0.000000 -3.176615 1.472430 -2.363955 1.318095 0.000000 0.000000 -4.401310 -6.208130 0.021885 25.304015 0.000000 0.000000 -19.993210 4.431210 -4.040270 -8.070710 0.000000 0.000000
-1.0796 59.3977 23.9766 3.0172 1.6641 5.9290 0.8524 1.1309 0.1724 -1.0101 -0.1826 0.1939 14.0703 -3.5470 5.2161 -2.3092 -4.0663 3.1252 -26.8355 -4.6009 -4.0827 -9.5952 -2.2288 0.5193 2.1391 -1.6584 14.1595 -37.4253 -44.5992 15.2233 -0.0000 0.0001 88.7904 29.7540 -7.1532 -2.7972 0.0000 0.0000 0.0000 0.0000 -0.0000 -0.0000 -3.3422 -8.9338 -16.3870 -15.8140 33.8410 -65.0893 -0.0000 -0.0000 -56.4251 24.9587 -20.4346 -9.1037 -0.0000 0.0000 -0.0000 0.0000 -0.0000 -0.0000 -22.766290 -3.468145 -2.517545 21.659695 0.000000 0.000000 -3.903535 1.570265 -1.833130 1.341640 0.000000 0.000000 -7.491570 -7.081845 -1.138025 30.936200 0.000000 0.000000 -18.725010 2.269320 -3.150150 -6.813815 0.000000 0.000000
-1.2586 58.9668 24.1102 2.8807 1.6027 5.6835 0.7056 1.1595 0.1786 -1.0238 -0.1625 0.2554 14.2076 -3.3777 5.9361 -1.9206 -4.7502 3.5864 -26.0672 -7.3975 -6.0967 -9.7122 -4.5960 0.4183 2.1999 -1.1233 13.6123 -37.1176 -46.9507 14.6073 -0.0000 0.0001 89.5617 31.2144 -10.2523 -3.9580 0.0000 0.0000 0.0000 -0.0000 0.0000 0.0000 -3.3405 -8.5803 -17.0598 -14.8566 31.7040 -66.5194 -0.0000 -0.0000 -52.8389 24.1752 -21.1690 -9.9719 0.0000 0.0000 -0.0000 -0.0000 0.0000 -0.0000 -21.012995 -3.594370 -4.214825 20.409515 0.000000 0.000000 -4.458245 1.197030 0.153745 1.346060 0.000000 0.000000 -9.491365 -7.367275 -0.775075 34.131435 0.000000 0.000000 -18.368860 0.152140 -0.347445 -6.677815 0.000000 0.000000
-1.3783 58.5500 24.2122 2.6703 1.1383 4.6854 0.6501 1.0580 0.2134 -0.9938 -0.1947 0.3049 14.1372 -2.9613 6.7712 -1.6181 -5.1020 3.9249 -24.7615 -9.3761 -7.3236 -8.7417 -6.2139 -0.1348 2.2551 -0.8188 13.3473 -35.2296 -48.2329 16.5388 -0.0000 0.0001 88.7193 32.7409 -13.2483 -5.2825 0.0000 0.0000 -0.0000 -0.0000 0.0000 0.0000 -3.4539 -7.9046 -17.0825 -13.7472 28.5788 -68.2292 -0.0000 -0.0000 -48.0483 24.8633 -19.7389 -9.4699 0.0000 -0.0000 0.0000 0.0000 0.0000 0.0000 -19.443385 -3.364190 -5.898080 19.670355 0.000000 0.000000 -5.077980 0.738710 2.825040 1.463700 0.000000 0.000000 -10.750300 -7.356310 0.395120 35.391900 0.000000 0.000000 -18.456155 -1.280450 2.641665 -7.751790 0.000000 0.000000
-1.4738 58.1517 24.2785 2.3113 0.6681 3.9330 0.7332 0.7825 0.2519 -0.9678 -0.1373 0.3353 13.9942 -2.6397 7.0831 -1.3846 -5.2542 4.0169 -23.1137 -10.9445 -8.0151 -7.1653 -7.2104 -0.6536 2.5667 -0.7938 13.0845 -31.6292 -48.0777 21.5079 -0.0000 0.0001 85.3005 33.7199 -13.6565 -5.8725 -0.0000 0.0000 -0.0000 -0.0000 -0.0000 -0.0000 -3.7745 -7.4015 -17.1700 -12.7547 24.5321 -69.4903 -0.0000 -0.0000 -42.3545 25.8380 -16.5877 -7.5240 -0.0000 0.0000 -0.0000 0.0000 -0.0000 0.0000 -18.009435 -3.122960 -7.111200 19.336730 0.000000 0.000000 -5.826065 0.359950 4.762955 1.658435 0.000000 0.000000 -11.794695 -7.459245 1.578065 35.260320 0.000000 0.000000 -18.360870 -1.650370 3.281800 -8.362175 0.000000 0.000000
-1.5604 57.7688 24.3257 1.9501 0.4652 3.5316 0.7578 0.4630 0.2537 -0.9855 -0.0597 0.3327 13.9151 -2.6913 6.8731 -1.1290 -5.3566 3.9833 -21.3700 -12.1550 -8.2586 -5.4290 -7.6962 -0.8109 2.7136 -0.9250 12.6166 -26.6753 -46.6008 28.5880 -0.0000 0.0001 79.0370 33.2505 -10.8754 -5.5491 -0.0000 0.0000 -0.0000 -0.0000 0.0000 -0.0000 -4.3535 -7.0945 -17.4605 -11.4050 20.5960 -70.4156 -0.0000 -0.0000 -35.8089 25.2179 -12.2868 -5.4772 0.0000 0.0000 0.0000 0.0000 -0.0000 0.0000 -16.736050 -3.147525 -7.794175 19.144885 0.000000 0.000000 -6.567690 0.205165 5.757880 1.770465 0.000000 0.000000 -12.808490 -7.889090 2.662495 33.960925 0.000000 0.000000 -17.947260 -0.951245 1.262200 -8.226940 0.000000 0.000000
-1.6387 57.3993 24.3560 1.6396 0.4374 3.2740 0.7135 0.2166 0.2197 -1.0005 0.0008 0.3101 13.8954 -2.9501 6.4577 -0.8352 -5.4767 3.9559 -19.8393 -13.0819 -8.3550 -3.7484 -7.9198 -0.8312 2.3748 -0.9746 12.0412 -21.9473 -44.5665 35.5127 -0.0000 0.0001 71.0751 31.3731 -7.2662 -4.9669 0.0000 0.0000 0.0000 0.0000 -0.0000 0.0000 -5.1303 -6.9810 -18.0370 -9.4140 17.0464 -71.7440 -0.0000 -0.0000 -27.3624 21.8734 -9.2523 -4.8026 0.0000 0.0000 0.0000 0.0000 -0.0000 0.0000 -15.580645 -3.316675 -8.340385 19.023335 0.000000 0.000000 -7.259505 0.405255 6.501885 1.756185 0.000000 0.000000 -13.792960 -8.447370 3.732815 31.716670 0.000000 0.000000 -17.232665 0.175260 -1.604595 -7.901050 0.000000 0.000000
-1.7074 57.0450 24.3649 1.3097 0.3432 3.1017 0.7495 0.0643 0.1876 -0.9766 0.1155 0.2984 13.9067 -3.0615 6.0450 -0.5603 -5.6136 3.9400 -18.7101 -13.9820 -8.7332 -2.3022 -8.2792 -1.0642 1.8244 -0.7770 11.6375 -18.8181 -42.8745 40.5523 -0.0000 0.0001 63.3356 29.5097 -5.3243 -4.9067 0.0000 0.0000 -0.0000 0.0000 0.0000 -0.0000 -6.1793 -7.2442 -19.1623 -6.6751 13.5428 -73.5842 -0.0000 -0.0000 -17.0837 15.7715 -7.9534 -5.4950 0.0000 0.0000 -0.0000 0.0000 0.0000 -0.0000 -14.496045 -3.394110 -8.849705 19.076545 0.000000 0.000000 -8.059270 0.844025 7.249460 1.729580 0.000000 0.000000 -14.836845 -8.783460 4.727145 28.918640 0.000000 0.000000 -16.273270 1.358460 -3.663550 -8.116100 0.000000 0.000000
-1.7628 56.7055 24.3605 1.0436 0.1231 2.7561 0.8426 0.0037 0.1791 -0.9506 0.2703 0.3122 13.9406 -2.9671 5.7801 -0.3376 -5.7255 3.9227 -17.8700 -14.9379 -9.4002 -1.2437 -8.8770 -1.4805 1.4425 -0.3556 11.5368 -17.0673 -41.5049 43.8332 -0.0000 0.0001 57.0924 28.5742 -5.4756 -5.5835 -0.0000 -0.0000 -0.0000 -0.0000 0.0000 -0.0000 -7.7777 -8.0838 -20.6290 -3.1451 11.7647 -75.0463 -0.0000 -0.0000 -7.7706 9.5015 -5.6741 -6.0841 0.0000 -0.0000 -0.0000 0.0000 0.0000 -0.0000 -13.625645 -3.374645 -8.989360 19.379570 0.000000 0.000000 -8.988150 1.257295 7.793800 1.749725 0.000000 0.000000 -16.049625 -8.806070 5.737625 25.840110 0.000000 0.000000 -15.019095 2.838225 -4.410785 -9.976070 0.000000 0.000000
-1.8045 56.3643 24.3551 0.9137 -0.0156 1.8876 0.9093 -0.0500 0.1780 -0.9470 0.3636 0.3267 13.9549 -2.8607 5.7626 -0.1521 -5.7859 3.9488 -17.1124 -15.8108 -9.9354 -0.5086 -9.4059 -1.8313 1.2511 0.0628 11.5982 -15.4243 -39.5220 46.7157 -0.0000 0.0001 52.2818 27.8782 -6.6185 -6.3897 -0.0000 -0.0000 -0.0000 -0.0000 -0.0000 -0.0000 -9.3920 -9.1325 -21.5162 0.4136 12.6337 -75.9034 -0.0000 -0.0000 -1.7737 6.3478 -1.4491 -5.9047 -0.0000 -0.0000 -0.0000 0.0000 0.0000 -0.0000 -12.916490 -3.466105 -8.706735 19.700275 0.000000 0.000000 -9.828375 1.523345 8.261385 1.746580 0.000000 0.000000 -17.300910 -8.776320 6.948790 22.668335 0.000000 0.000000 -13.722250 4.206895 -4.016130 -13.087155 0.000000 0.000000
-1.8419 55.9986 24.3489 0.8591 0.1629 0.6632 0.9087 -0.2840 0.1789 -0.9256 0.3980 0.3312 13.9315 -2.8324 5.8942 -0.0047 -5.8312 4.0055 -16.4224 -16.5404 -10.1360 0.1087 -9.6574 -2.0084 1.2487 0.1425 11.5673 -13.3935 -36.2075 50.0759 -0.0000 0.0000 48.0868 26.6171 -7.3082 -6.6977 0.0000 0.0000 -0.0000 0.0000 0.0000 -0.0000 -10.3234 -9.8957 -21.5675 3.4142 14.1594 -76.3378 -0.0000 0.0000 0.8837 6.2649 3.4512 -5.8570 -0.0000 0.0000 -0.0000 0.0000 0.0000 0.0000 -12.041585 -3.830755 -8.400310 19.658030 0.000000 0.000000 -10.484915 1.661470 8.973005 1.701445 0.000000 0.000000 -18.552535 -8.957115 8.207215 19.909830 0.000000 0.000000 -13.057295 4.375450 -2.966125 -13.935880 0.000000 0.000000
-1.8835 55.5917 24.3411 0.5932 0.6159 -0.4339 1.0388 -0.7468 0.1999 -0.8384 0.4474 0.3275 13.8802 -2.7697 5.9847 0.0966 -5.8829 4.0259 -15.9039 -17.2112 -10.1741 0.6776 -9.7513 -2.1301 1.2854 -0.0093 11.4186 -11.5214 -32.5888 53.2557 -0.0000 0.0000 44.1509 25.2378 -6.9430 -6.6379 0.0000 -0.0000 0.0000 -0.0000 0.0000 0.0000 -10.4332 -10.1375 -21.3088 5.6309 15.0087 -76.3753 -0.0000 0.0000 1.4820 7.1302 7.1852 -6.2760 0.0000 0.0000 0.0000 0.0000 0.0000 0.0000 -10.608995 -4.387420 -8.318795 19.126440 0.000000 0.000000 -11.077875 1.671160 9.875705 1.690905 0.000000 0.000000 -19.747550 -9.290060 9.220585 17.999795 0.000000 0.000000 -13.149265 3.512785 -2.167210 -11.917470 0.000000 0.000000
-1.9258 55.1572 24.3327 0.2644 1.1021 -1.3587 1.2319 -1.2248 0.2385 -0.7193 0.4868 0.3322 13.8060 -2.5958 6.0638 0.1377 -5.9025 4.0082 -15.6019 -17.7894 -10.2395 1.1196 -9.8236 -2.3220 1.1539 -0.0059 11.2989 -10.1587 -30.2537 55.5150 -0.0000 0.0000 40.6514 24.3324 -6.0522 -6.7937 0.0000 0.0000 0.0000 0.0000 0.0000 -0.0000 -9.9783 -9.8220 -20.9508 7.0710 15.5202 -76.3256 -0.0000 0.0000 1.5255 7.2523 8.6655 -6.5253 0.0000 -0.0000 -0.0000 0.0000 0.0000 0.0000 -8.988640 -4.931505 -8.249520 18.466415 0.000000 0.000000 -11.658850 1.593810 10.629060 1.698045 0.000000 0.000000 -21.107295 -9.579910 9.971305 16.870485 0.000000 0.000000 -13.220665 2.982980 -2.338060 -10.591810 0.000000 0.000000
-1.9599 54.7076 24.3204 0.0550 1.4265 -2.3754 1.4183 -1.4732 0.2712 -0.6286 0.4527 0.3364 13.7247 -2.3506 6.2666 0.1245 -5.8348 4.0132 -15.5088 -18.1539 -10.3502 1.4161 -9.8637 -2.6261 0.7422 0.2841 11.3411 -9.1295 -29.2869 56.8724 0.0000 0.0000 37.7330 23.6854 -5.3954 -7.2097 -0.0000 0.0000 -0.0000 0.0000 -0.0000 -0.0000 -9.3922 -9.2337 -20.4287 8.1090 16.0792 -76.4693 -0.0000 0.0000 1.6534 6.5969 8.3093 -6.3634 0.0000 0.0000 0.0000 0.0000 -0.0000 0.0000 -7.582995 -5.285870 -8.043650 18.062325 0.000000 0.000000 -12.257250 1.579445 11.221000 1.627835 0.000000 0.000000 -22.651490 -9.669415 10.564690 16.092225 0.000000 0.000000 -12.672840 3.131135 -2.944960 -10.994880 0.000000 0.000000
-1.9866 54.2334 24.2919 -0.0931 1.6165 -3.4108 1.5653 -1.5433 0.2957 -0.5477 0.4364 0.3491 13.6697 -2.0606 6.5040 0.0919 -5.7208 4.0180 -15.5843 -18.3055 -10.5292 1.6516 -9.9220 -3.0136 0.2850 0.7120 11.5325 -8.3203 -28.4984 57.7597 0.0000 0.0000 35.3342 23.0345 -5.1660 -7.4030 0.0000 -0.0000 0.0000 -0.0000 0.0000 0.0000 -8.8806 -8.7464 -19.9504 8.9220 16.4744 -76.6204 -0.0000 0.0000 1.7152 6.1513 7.3761 -6.2442 -0.0000 0.0000 -0.0000 -0.0000 0.0000 -0.0000 -6.305105 -5.454510 -7.815680 17.946980 0.000000 0.000000 -13.050895 1.658240 11.886550 1.510790 0.000000 0.000000 -24.140690 -9.479780 11.076560 15.373975 0.000000 0.000000 -12.045200 3.227440 -2.867695 -10.733165 0.000000 0.000000
-2.0126 53.7225 24.2447 -0.2432 1.7868 -4.2597 1.6548 -1.5932 0.3341 -0.4780 0.5020 0.3698 13.6270 -1.6834 6.6376 0.0772 -5.6154 3.9751 -15.7525 -18.3618 -10.8288 1.8807 -10.0754 -3.4117 0.0242 1.1981 11.7313 -7.7305 -27.5402 58.4235 0.0000 0.0000 33.5271 22.7118 -5.1750 -7.2166 0.0000 0.0000 0.0000 0.0000 0.0000 -0.0000 -8.3833 -8.4434 -19.7543 9.4277 16.6405 -76.5328 -0.0000 0.0000 1.5779 6.3309 6.7561 -6.3988 -0.0000 0.0000 -0.0000 -0.0000 0.0000 -0.0000 -4.963040 -5.549370 -7.590175 17.941115 0.000000 0.000000 -14.070895 1.562360 12.651975 1.469990 0.000000 0.000000 -25.291675 -8.987035 11.806285 14.494990 0.000000 0.000000 -11.970995 3.054380 -2.033335 -9.193135 0.000000 0.000000
-2.0399 53.1924 24.1879 0.0011 2.0397 -5.1217 1.5237 -1.6643 0.3830 -0.4959 0.5410 0.3897 13.4880 -1.2843 6.7739 0.0373 -5.4726 3.9140 -15.9692 -18.3430 -11.1152 2.0806 -10.2537 -3.7752 0.0588 1.5259 11.7953 -7.4070 -26.7631 59.0330 0.0000 0.0000 32.4132 22.3257 -5.3509 -7.0684 -0.0000 0.0000 0.0000 0.0000 -0.0000 -0.0000 -7.8762 -8.0517 -19.6161 9.7845 16.7653 -76.3818 -0.0000 0.0000 1.4225 6.4857 6.5470 -6.5766 0.0000 0.0000 0.0000 -0.0000 -0.0000 0.0000 -3.920940 -5.695825 -7.254170 17.961685 0.000000 0.000000 -15.006915 1.076330 13.377620 1.480955 0.000000 0.000000 -26.324595 -8.343500 12.984130 13.220415 0.000000 0.000000 -11.895175 2.942095 -1.257880 -8.383595 0.000000 0.000000
-2.0648 52.6514 24.1232 0.8491 2.3453 -6.1530 1.1528 -1.6915 0.3883 -0.6485 0.4856 0.4030 13.2253 -0.9252 7.0094 -0.1145 -5.2699 3.8511 -16.2779 -18.2165 -11.2259 2.2009 -10.4777 -4.1425 0.1502 1.4923 11.8136 -7.2705 -26.4020 59.5157 0.0000 0.0000 32.0038 21.0215 -5.8100 -7.2483 -0.0000 0.0000 0.0000 -0.0000 0.0000 0.0000 -7.4632 -7.3782 -19.2157 10.2636 16.8146 -76.4283 -0.0000 0.0000 1.4165 6.0641 6.5988 -6.4775 0.0000 -0.0000 0.0000 -0.0000 0.0000 -0.0000 -3.311830 -5.886735 -6.929215 17.847615 0.000000 0.000000 -15.736130 0.512015 14.080995 1.405475 0.000000 0.000000 -27.584550 -7.611395 14.060655 11.727220 0.000000 0.000000 -11.148960 2.725685 -0.554845 -8.532940 0.000000 0.000000
-2.0831 52.0560 24.0445 1.7532 2.4670 -6.9875 0.7343 -1.6110 0.3518 -0.7980 0.5244 0.4294 12.9292 -0.4934 7.1344 -0.3364 -5.0310 3.7088 -16.6887 -18.1804 -11.3460 2.1921 -11.0832 -4.5778 0.2899 1.1858 11.9389 -7.2863 -26.0614 59.7257 0.0000 0.0000 32.0131 19.3396 -6.1894 -7.4350 -0.0000 -0.0000 -0.0000 -0.0000 -0.0000 0.0000 -7.0664 -6.5814 -18.6624 10.7061 16.6153 -76.6133 -0.0000 0.0000 1.4994 5.6374 6.7011 -6.2057 0.0000 0.0000 0.0000 0.0000 -0.0000 0.0000 -2.439730 -5.907390 -6.832145 17.329285 0.000000 0.000000 -16.605340 0.391825 14.788960 1.215160 0.000000 0.000000 -28.686575 -6.451315 14.327470 10.649590 0.000000 0.000000 -10.355315 1.589405 0.624530 -8.069605 0.000000 0.000000
-2.0892 51.3453 23.9562 2.1049 2.1580 -7.6034 0.3647 -1.3390 0.3173 -0.9230 0.6916 0.4772 12.7720 0.3029 7.1783 -0.4755 -4.7349 3.4834 -17.0578 -18.4987 -11.7137 2.0608 -12.2273 -5.0845 0.6288 1.1608 12.1422 -7.1616 -25.6016 59.8550 0.0000 0.0000 31.8302 18.8614 -5.8451 -7.1604 0.0000 -0.0000 -0.0000 0.0000 -0.0000 -0.0000 -6.4878 -5.6327 -18.1250 10.9167 16.3188 -76.7760 -0.0000 0.0000 1.5043 5.9238 6.5350 -6.0914 0.0000 -0.0000 0.0000 -0.0000 0.0000 0.0000 -0.744490 -5.467940 -6.717565 16.511330 0.000000 0.000000 -17.753010 0.495950 15.401300 0.995945 0.000000 0.000000 -28.415425 -4.547995 14.169965 9.873540 0.000000 0.000000 -9.865290 -0.635300 1.442485 -7.781030 0.000000 0.000000
-2.0910 50.5296 23.8529 2.6122 1.6955 -8.9956 -0.4997 -1.0714 0.2712 -1.2645 0.6927 0.5347 12.6973 1.4683 7.7025 -0.4683 -4.2977 3.3600 -17.2780 -19.1148 -12.0423 1.9908 -13.4147 -5.5461 0.9620 1.6024 12.3447 -6.2807 -25.0755 60.5234 0.0000 0.0000 30.8741 19.0915 -5.2034 -6.5314 0.0000 0.0000 -0.0000 0.0000 -0.0000 0.0000 -5.8424 -4.1050 -17.2835 11.3538 16.1107 -76.9549 -0.0000 0.0000 1.4528 6.1372 6.0671 -6.2030 -0.0000 -0.0000 -0.0000 0.0000 -0.0000 -0.0000 0.727625 -4.734730 -5.973900 16.201590 0.000000 0.000000 -18.802675 -0.113500 15.986185 0.814045 0.000000 0.000000 -26.630085 -2.579140 13.937405 8.279535 0.000000 0.000000 -7.867195 -2.707940 0.660740 -9.640660 0.000000 0.000000
-2.0944 49.6541 23.7263 3.7124 0.9010 -11.6682 -1.9679 -0.3681 0.1306 -1.9355 0.4025 0.5780 12.6201 2.7173 8.8687 -0.4982 -3.7957 3.4041 -17.5445 -19.8566 -11.8795 2.1394 -14.0271 -5.7868 1.0710 1.3641 12.7014 -4.7587 -23.5242 62.0176 0.0000 0.0000 29.2477 17.7663 -5.7176 -5.7988 0.0000 -0.0000 0.0000 0.0000 -0.0000 -0.0000 -5.4692 -1.8245 -15.8504 12.4530 15.4934 -76.9924 -0.0000 0.0000 1.5575 5.1228 5.8426 -6.2449 0.0000 0.0000 0.0000 -0.0000 -0.0000 0.0000 1.056065 -3.419440 -4.970900 17.185550 0.000000 0.000000 -19.835765 -1.641120 17.262885 0.557770 0.000000 0.000000 -24.236400 -0.950030 12.604690 5.253025 0.000000 0.000000 -2.108700 -3.541790 -0.432020 -11.749765 0.000000 0.000000
-2.0890 48.7368 23.6073 4.2070 -1.3601 -14.3898 -3.2604 1.9932 -0.0152 -2.6688 0.3177 0.6443 12.7067 3.9944 9.8236 -0.7404 -3.4518 3.3651 -18.1863 -20.7997 -11.5351 2.2487 -14.1384 -5.8178 1.2891 -0.7360 13.2675 -3.8164 -20.4261 63.5909 0.0000 0.0000 27.9779 15.2716 -7.5141 -5.0629 -0.0000 -0.0000 -0.0000 -0.0000 0.0000 0.0000 -5.2670 0.5932 -14.3917 13.6121 13.7405 -76.3849 -0.0000 0.0000 1.9234 3.8885 6.0452 -5.9487 0.0000 0.0000 -0.0000 0.0000 0.0000 -0.0000 0.796730 -0.413330 -4.880545 19.706395 0.000000 0.000000 -21.294195 -2.901415 19.505355 -0.118150 0.000000 0.000000 -21.800640 1.298305 9.396705 1.847925 0.000000 0.000000 5.940375 -3.289340 0.621385 -10.413140 0.000000 0.000000
-2.0667 47.8042 23.5773 3.2272 -5.0277 -15.9047 -3.8230 5.4419 -0.0186 -3.1209 0.9774 0.8216 12.9887 5.7897 10.0044 -1.1105 -3.2354 3.0244 -19.0382 -21.7248 -11.7239 1.8450 -14.2486 -5.9881 2.1575 -3.7795 13.6917 -4.2905 -17.8024 64.4683 0.0000 0.0000 27.8231 14.4251 -8.5052 -4.3695 0.0000 0.0000 0.0000 0.0000 0.0000 0.0000 -4.6939 2.4918 -13.7932 14.0224 11.4004 -74.9685 -0.0000 0.0000 2.3526 4.3935 5.8215 -5.4623 -0.0000 0.0000 -0.0000 -0.0000 -0.0000 0.0000 0.377850 4.204550 -5.446475 23.902250 0.000000 0.000000 -22.225370 -3.097510 21.483390 -1.557285 0.000000 0.000000 -19.582055 4.648155 6.254425 0.152260 0.000000 0.000000 10.696125 -2.525870 3.145375 -7.773210 0.000000 0.000000
-2.0463 46.9256 23.7033 1.9268 -7.6951 -16.8999 -3.8802 6.9529 0.0720 -3.1940 1.6892 1.0275 13.0452 8.3978 10.2566 -1.3566 -2.6280 2.5992 -19.4659 -21.5185 -12.2050 1.0691 -14.2276 -6.7173 3.0749 -5.4166 13.5110 -5.3433 -19.2176 64.6412 0.0000 0.0000 28.3411 15.0095 -7.8860 -3.7357 -0.0000 -0.0000 -0.0000 -0.0000 -0.0000 0.0000 -3.6249 4.1740 -13.8477 13.8801 10.1265 -73.4693 -0.0000 0.0000 2.7332 5.8026 4.3253 -5.0160 0.0000 -0.0000 -0.0000 -0.0000 0.0000 -0.0000 -1.134555 7.857765 -4.452060 29.820120 0.000000 0.000000 -19.589435 -3.832930 21.764485 -3.382915 0.000000 0.000000 -17.649750 7.292250 5.903205 0.490815 0.000000 0.000000 9.673490 -2.215705 4.377960 -7.088280 0.000000 0.000000
-2.0663 46.1523 23.9409 1.4892 -7.3671 -18.6351 -3.6870 5.3047 0.2180 -3.0421 1.2476 1.0351 12.5453 10.7734 11.5198 -1.4149 -1.3375 2.4327 -19.0205 -18.8250 -11.7099 0.8631 -13.2974 -7.8844 2.8048 -4.6989 12.9551 -6.0607 -25.6382 63.8346 0.0000 0.0000 28.9927 13.0797 -7.9588 -2.9519 0.0000 -0.0000 0.0000 -0.0000 0.0000 -0.0000 -2.5705 6.2399 -13.4786 13.9244 10.9670 -72.7617 -0.0000 0.0000 3.2526 5.2471 2.1489 -4.6726 -0.0000 -0.0000 -0.0000 0.0000 -0.0000 -0.0000 -4.282785 8.234145 -0.850015 36.505625 0.000000 0.000000 -12.117935 -8.149145 20.373460 -3.431705 0.000000 0.000000 -15.486925 7.241930 8.011885 0.785765 0.000000 0.000000 6.493640 -2.565480 3.508070 -8.169905 0.000000 0.000000
-2.1112 45.4792 24.1720 1.7554 -5.4952 -20.6273 -3.3643 2.9822 0.4031 -2.7973 0.0003 0.8757 11.8247 11.5606 13.1543 -1.4253 0.1284 2.5232 -17.9528 -13.6434 -9.7614 1.7954 -11.0677 -8.7851 1.2175 -3.1572 12.8010 -7.4734 -33.9527 61.1501 0.0000 0.0000 30.3333 7.0032 -10.3515 -2.2389 -0.0000 -0.0000 -0.0000 0.0000 0.0000 -0.0000 -1.8915 8.0156 -12.4221 14.5543 13.2870 -73.0916 -0.0000 0.0000 4.1212 2.8532 1.0686 -4.4304 0.0000 0.0000 -0.0000 0.0000 -0.0000 0.0000 -7.606625 6.779625 2.615010 41.810475 0.000000 0.000000 -4.838620 -14.645695 18.637675 -0.711025 0.000000 0.000000 -13.449985 5.733605 9.982695 0.576835 0.000000 0.000000 4.546460 -2.831445 2.307700 -9.192965 0.000000 0.000000
-2.1590 44.8512 24.3308 1.7387 -4.0535 -21.1515 -2.9761 2.0827 0.4988 -2.5527 -0.8248 0.7258 11.6408 10.7957 13.8072 -1.4303 1.1224 2.5509 -16.7931 -7.6474 -7.2216 3.1379 -8.1047 -9.0049 -0.4601 -2.7480 12.9387 -10.8673 -40.0215 56.9106 0.0000 0.0000 33.0051 0.3753 -12.5068 -1.9462 0.0000 0.0000 0.0000 -0.0000 0.0000 0.0000 -1.5135 8.2483 -11.5227 15.8265 15.3375 -74.2183 -0.0000 0.0000 5.2538 2.0599 2.0993 -3.9697 -0.0000 0.0000 0.0000 0.0000 0.0000 -0.0000 -9.430725 6.157935 2.867715 44.614795 0.000000 0.000000 -4.182845 -17.263015 15.509420 0.226780 0.000000 0.000000 -11.809740 4.845355 11.055140 0.936300 0.000000 0.000000 3.232870 -2.902675 1.092540 -9.375290 0.000000 0.000000
-2.1983 44.2293 24.4191 1.2873 -3.4568 -19.8581 -2.7595 2.2862 0.4931 -2.4583 -0.9275 0.6566 12.0236 9.6255 13.2840 -1.3141 1.6404 2.3824 -15.6191 -2.5693 -5.0288 4.0457 -5.4475 -8.7398 -1.8178 -3.0897 12.8156 -15.0410 -43.7288 52.4091 0.0000 0.0000 36.7437 -3.2839 -11.2445 -0.9646 0.0000 0.0000 0.0000 -0.0000 -0.0000 0.0000 -1.4538 7.1022 -11.2105 17.6625 16.0920 -75.7654 -0.0000 0.0000 6.2352 4.1727 4.6204 -3.5873 -0.0000 0.0000 0.0000 0.0000 0.0000 0.0000 -9.929335 7.006490 -0.258840 44.774680 0.000000 0.000000 -9.296955 -14.358735 9.925345 -1.334755 0.000000 0.000000 -10.279485 5.032780 11.897830 1.684045 0.000000 0.000000 1.383695 -2.999745 -0.808995 -9.403085 0.000000 0.000000
-2.2180 43.6084 24.4690 0.8912 -3.2237 -18.1124 -2.8996 2.4995 0.5252 -2.5027 -0.9855 0.5969 12.5146 9.0508 12.5595 -1.0445 2.0780 2.1430 -14.4340 0.9221 -3.4721 4.6895 -3.6751 -8.2186 -3.1705 -3.1169 12.4329 -18.9105 -46.7144 48.0964 -0.0000 0.0000 40.1712 -6.0775 -7.7729 0.3449 -0.0000 0.0000 -0.0000 0.0000 0.0000 -0.0000 -1.6793 6.3089 -10.8652 19.4852 15.6423 -77.3442 -0.0000 0.0000 6.7513 6.7933 7.0222 -3.7020 0.0000 0.0000 -0.0000 0.0000 0.0000 0.0000 -10.180340 8.415875 -4.672550 42.493705 0.000000 0.000000 -14.167710 -9.428905 3.883800 -1.588055 0.000000 0.000000 -8.508595 5.634665 12.354025 1.723315 0.000000 0.000000 -0.281030 -3.189295 -2.711125 -9.573935 0.000000 0.000000
-2.2207 42.9885 24.5057 0.2981 -2.8822 -16.9293 -3.0063 2.3849 0.6347 -2.5433 -1.3545 0.4912 13.0411 9.1954 12.2744 -0.7447 2.5456 1.9615 -13.5142 2.9430 -2.3535 5.5668 -2.7071 -7.5522 -4.4518 -2.8581 12.1845 -22.6513 -48.7804 44.1029 -0.0000 0.0000 42.1197 -10.7258 -5.0013 0.9555 0.0000 -0.0000 0.0000 -0.0000 0.0000 -0.0000 -1.8739 6.7916 -10.0332 20.5182 14.8519 -78.6343 -0.0000 0.0000 6.7787 6.8903 7.8343 -3.8381 -0.0000 0.0000 -0.0000 0.0000 -0.0000 0.0000 -10.428370 9.665460 -8.314290 38.602065 0.000000 0.000000 -16.157305 -6.401715 -0.570200 -0.317050 0.000000 0.000000 -6.313470 6.149935 11.464925 1.178550 0.000000 0.000000 -1.163075 -3.480760 -3.080705 -9.575125 0.000000 0.000000
-2.2108 42.3899 24.5221 -0.6787 -2.5811 -16.1298 -2.8681 2.3208 0.7494 -2.4997 -1.6735 0.3965 13.6467 9.5176 12.2592 -0.5083 2.8518 1.8686 -12.9519 3.7789 -1.5116 6.6578 -2.2341 -6.8853 -5.2378 -2.6942 12.1798 -26.0708 -49.1077 41.2449 -0.0000 0.0000 42.5854 -15.6302 -3.3915 0.8387 0.0000 0.0000 0.0000 -0.0000 -0.0000 0.0000 -1.7849 7.5957 -9.1852 20.6954 14.5921 -79.5293 -0.0000 0.0000 6.4063 4.9321 6.7058 -3.8801 0.0000 0.0000 0.0000 -0.0000 0.0000 0.0000 -10.609250 10.660895 -10.559905 33.930550 0.000000 0.000000 -16.147955 -5.219705 -2.611985 0.490875 0.000000 0.000000 -4.171980 6.626870 9.795185 1.200480 0.000000 0.000000 -2.103855 -3.968660 -2.278900 -9.341460 0.000000 0.000000
-2.1837 41.8369 24.5119 -1.5906 -2.4769 -15.3968 -2.7087 2.4284 0.8025 -2.4170 -1.6801 0.3746 14.1070 9.5671 12.2628 -0.3288 2.9096 1.8800 -12.4897 3.8766 -0.9594 7.5770 -2.1042 -6.2513 -5.4327 -2.4961 12.1019 -28.3423 -48.3764 40.0934 -0.0000 0.0000 42.3314 -17.4870 -1.9397 0.4986 -0.0000 -0.0000 -0.0000 0.0000 -0.0000 -0.0000 -1.4571 7.8605 -8.8030 20.6688 14.7254 -80.1180 -0.0000 0.0000 5.9695 3.2907 4.5209 -4.2734 -0.0000 0.0000 0.0000 -0.0000 0.0000 0.0000 -11.231875 11.365375 -11.489040 29.117765 0.000000 0.000000 -14.618720 -4.366645 -2.446745 0.467925 0.000000 0.000000 -2.526125 7.146305 8.976465 1.915330 0.000000 0.000000 -3.645245 -4.616955 -2.112385 -9.061385 0.000000 0.000000
-2.1447 41.3251 24.4985 -2.1794 -2.2321 -14.7973 -2.5961 2.4537 0.8306 -2.3466 -1.6397 0.3690 14.3316 9.2719 12.2387 -0.2120 2.8660 1.9520 -12.0319 3.6785 -0.6308 8.1763 -2.2155 -5.5563 -5.3499 -2.2658 11.7850 -29.0701 -47.6514 40.4002 -0.0000 0.0000 41.8570 -15.6417 -0.5402 0.0749 0.0000 -0.0000 -0.0000 -0.0000 -0.0000 -0.0000 -1.1945 7.8477 -8.6866 20.9672 14.5978 -80.5405 -0.0000 0.0000 5.8911 2.8253 2.6355 -4.7957 -0.0000 0.0000 0.0000 0.0000 0.0000 -0.0000 -12.506280 11.535035 -11.509780 24.499800 0.000000 0.000000 -11.573595 -3.571300 -0.869400 0.275825 0.000000 0.000000 -1.100335 7.428165 9.268865 2.463070 0.000000 0.000000 -5.184425 -5.098905 -3.027835 -8.696990 0.000000 0.000000
-2.1049 40.8447 24.5021 -2.5517 -1.7086 -14.2037 -2.5160 2.4371 0.8965 -2.2840 -1.7194 0.3298 14.5755 8.6632 11.9990 -0.1765 2.7688 2.0173 -11.7968 3.3888 -0.3789 8.5918 -2.4033 -4.8557 -5.3005 -2.2771 11.5336 -28.6504 -46.8498 41.4661 -0.0000 0.0000 41.2371 -12.5995 -0.0506 -0.4433 0.0000 -0.0000 0.0000 -0.0000 0.0000 0.0000 -1.1276 7.8740 -8.6155 21.4291 14.0340 -80.8668 -0.0000 0.0000 6.2482 3.4406 2.1028 -4.8690 -0.0000 0.0000 0.0000 0.0000 0.0000 -0.0000 -14.212740 11.198010 -11.241350 20.326385 0.000000 0.000000 -7.454070 -3.509505 1.292150 0.111010 0.000000 0.000000 0.218185 7.361610 9.686470 2.763545 0.000000 0.000000 -6.335750 -5.082585 -4.098665 -8.234165 0.000000 0.000000
-2.0765 40.3917 24.5129 -2.8571 -1.0759 -13.1411 -2.4112 2.5861 0.9550 -2.2685 -1.7499 0.2798 15.0074 7.7265 11.3680 -0.1584 2.5553 2.0141 -11.8650 3.0018 -0.2319 8.8924 -2.5467 -4.3395 -5.2319 -2.5239 11.5407 -27.7701 -45.4374 42.6847 -0.0000 0.0000 40.4825 -10.7829 -0.4732 -0.5190 0.0000 0.0000 -0.0000 0.0000 0.0000 -0.0000 -1.2121 7.5325 -8.7586 21.7989 13.4609 -81.1618 -0.0000 0.0000 6.7541 5.1883 3.0278 -4.4991 -0.0000 -0.0000 -0.0000 0.0000 -0.0000 -0.0000 -16.111045 10.632845 -10.856470 16.927065 0.000000 0.000000 -2.930625 -4.425890 3.195215 -0.063240 0.000000 0.000000 1.230875 7.026285 9.999525 3.482815 0.000000 0.000000 -7.569610 -4.500335 -5.281780 -7.971005 0.000000 0.000000
-2.0565 39.9570 24.5083 -2.9764 -0.5623 -11.4723 -2.3898 2.8765 0.9391 -2.2600 -1.6424 0.2516 15.3874 6.6144 10.4894 -0.0918 2.2618 1.9647 -11.9777 2.5993 -0.3110 9.0278 -2.6196 -4.0800 -5.0742 -2.6414 11.6282 -26.8530 -43.8288 43.5365 -0.0000 0.0000 39.7561 -10.4098 -0.5619 0.0527 0.0000 0.0000 0.0000 0.0000 0.0000 0.0000 -1.3476 6.6557 -9.1794 22.0886 13.0358 -81.5076 -0.0000 0.0000 7.1297 7.6390 4.5125 -4.1917 -0.0000 0.0000 -0.0000 -0.0000 0.0000 0.0000 -18.326740 10.155995 -10.129890 14.563300 0.000000 0.000000 1.377600 -5.306065 4.398730 -0.381990 0.000000 0.000000 1.756855 6.555725 10.648245 4.824625 0.000000 0.000000 -9.165740 -3.644810 -7.205585 -8.015460 0.000000 0.000000
-2.0405 39.5057 24.4891 -3.1817 -0.0557 -9.5508 -2.1912 3.0994 0.8442 -2.1312 -1.5220 0.2306 15.4379 5.4620 9.6843 -0.0129 1.9977 1.9507 -11.8557 2.4229 -0.5694 9.0533 -2.6037 -3.9955 -4.8806 -2.4376 11.6257 -26.1279 -42.9487 43.7051 -0.0000 0.0000 39.1606 -10.7294 0.2523 0.7056 0.0000 0.0000 -0.0000 0.0000 -0.0000 0.0000 -1.3786 5.7745 -9.6251 22.3082 12.6823 -81.9474 -0.0000 0.0000 7.3337 9.6059 5.3411 -4.1005 0.0000 -0.0000 -0.0000 0.0000 -0.0000 -0.0000 -20.501550 9.775620 -9.241810 13.096115 0.000000 0.000000 5.024525 -5.021060 5.175120 -0.961860 0.000000 0.000000 2.314455 5.967440 11.517370 6.347315 0.000000 0.000000 -10.811680 -2.878535 -9.642450 -7.949160 0.000000 0.000000
-2.0314 39.0220 24.4689 -3.5757 0.5402 -7.5883 -1.8023 3.2081 0.6950 -1.8891 -1.4665 0.2011 15.2723 4.3049 9.0242 0.0372 1.7606 1.9732 -11.5472 2.5007 -0.8515 9.0948 -2.4972 -3.9971 -4.6655 -2.1534 11.6169 -25.7820 -42.8443 43.2720 -0.0000 0.0000 38.6128 -11.1536 1.2361 0.9530 0.0000 -0.0000 0.0000 0.0000 -0.0000 -0.0000 -1.1910 5.1686 -9.9534 22.3326 12.5576 -82.4539 -0.0000 0.0000 7.4435 10.2634 4.9821 -4.0053 0.0000 0.0000 -0.0000 0.0000 -0.0000 0.0000 -22.416175 9.331410 -8.712855 12.305700 0.000000 0.000000 7.823745 -3.957540 5.812535 -1.546915 0.000000 0.000000 3.048175 5.204820 12.224230 7.944125 0.000000 0.000000 -12.362165 -2.253275 -11.961930 -7.509880 0.000000 0.000000
-2.0322 38.5126 24.4490 -3.9450 1.1658 -5.4199 -1.4946 3.1878 0.5240 -1.6961 -1.3975 0.1688 15.1808 3.2575 8.2946 0.1282 1.5043 1.9500 -11.2820 2.5547 -1.1122 9.1918 -2.3936 -4.0641 -4.4851 -1.9935 11.6326 -25.5775 -42.8140 42.6977 0.0000 0.0000 37.9501 -11.2068 1.8685 0.9573 0.0000 0.0000 0.0000 0.0000 0.0000 -0.0000 -0.9784 4.4484 -10.2849 22.2568 12.8263 -82.9971 -0.0000 0.0000 7.4500 10.1059 4.0261 -3.9532 -0.0000 0.0000 -0.0000 0.0000 0.0000 -0.0000 -24.090845 8.750435 -8.723905 11.886650 0.000000 0.000000 9.643000 -3.702880 6.045435 -1.673990 0.000000 0.000000 3.746875 4.252905 12.623985 9.613525 0.000000 0.000000 -13.840825 -1.572000 -14.068570 -7.086750 0.000000 0.000000
-2.0335 37.9867 24.4158 -4.0523 1.6755 -2.9976 -1.4745 2.9954 0.3894 -1.6639 -1.2737 0.1403 15.2785 2.4902 7.4063 0.2908 1.2755 1.8325 -11.1799 2.4252 -1.4053 9.3328 -2.3850 -4.1618 -4.3544 -2.0032 11.5808 -24.9964 -42.1470 42.5947 0.0000 0.0000 36.9573 -10.8045 2.4273 1.0955 -0.0000 0.0000 0.0000 0.0000 -0.0000 0.0000 -1.0234 3.5946 -10.6892 22.2729 13.0831 -83.4969 -0.0000 0.0000 7.3029 9.8407 3.4780 -4.0872 0.0000 -0.0000 0.0000 0.0000 -0.0000 -0.0000 -25.573840 8.096445 -8.830410 11.360840 0.000000 0.000000 10.395420 -4.653435 5.547080 -1.427745 0.000000 0.000000 4.298270 3.271325 12.737205 11.094310 0.000000 0.000000 -15.193600 -0.920305 -16.153960 -7.059550 0.000000 0.000000
-2.0252 37.4402 24.3617 -3.9518 1.9722 -0.6229 -1.6190 2.7546 0.2926 -1.6996 -1.1676 0.1141 15.4162 1.9819 6.5569 0.4178 1.1451 1.6901 -11.1905 2.1822 -1.7224 9.5445 -2.4102 -4.2365 -4.1826 -2.1846 11.5258 -24.0894 -40.7803 42.9075 0.0000 0.0000 35.6663 -10.4063 3.0740 1.3335 -0.0000 0.0000 -0.0000 0.0000 0.0000 -0.0000 -1.2235 3.0832 -11.0708 22.3124 12.9629 -83.8669 -0.0000 0.0000 7.0515 9.4199 3.5034 -4.2429 0.0000 -0.0000 -0.0000 -0.0000 0.0000 -0.0000 -26.781010 7.434635 -8.734870 10.457630 0.000000 0.000000 10.488240 -5.648445 4.682035 -1.402500 0.000000 0.000000 4.845160 2.473600 12.700570 12.204325 0.000000 0.000000 -16.421000 -0.584640 -18.167355 -7.232100 0.000000 0.000000
-2.0083 36.8602 24.2957 -3.8038 1.9918 1.4804 -1.6988 2.7225 0.1542 -1.6726 -1.0953 0.0911 15.3806 1.5981 5.9474 0.4295 1.0247 1.5839 -11.2352 1.9366 -2.0250 9.7941 -2.4339 -4.2790 -3.8669 -2.4327 11.5215 -23.3281 -39.3708 43.1470 0.0000 0.0000 34.3469 -10.4731 3.6145 1.5412 0.0000 0.0000 -0.0000 0.0000 -0.0000 0.0000 -1.2432 2.9361 -11.4334 22.2213 12.8730 -84.0620 -0.0000 0.0000 6.7665 8.7636 3.4670 -4.2081 0.0000 0.0000 -0.0000 -0.0000 0.0000 -0.0000 -27.602195 6.781155 -8.868575 9.432275 0.000000 0.000000 10.666315 -5.923675 4.384960 -1.689800 0.000000 0.000000 5.562050 1.945835 12.675580 12.988280 0.000000 0.000000 -17.451710 -0.314425 -19.936970 -7.366995 0.000000 0.000000
-1.9808 36.2468 24.2216 -3.4000 1.6602 3.4289 -1.8340 2.9335 0.0130 -1.6580 -0.9257 0.1014 15.1981 1.3068 5.3885 0.3641 0.8614 1.5064 -11.3766 1.7010 -2.3128 9.9524 -2.5664 -4.3302 -3.5457 -2.6747 11.4430 -22.6573 -38.3605 43.2821 0.0000 0.0000 33.0905 -10.8398 4.1876 1.8858 0.0000 0.0000 -0.0000 0.0000 -0.0000 -0.0000 -1.1333 2.7157 -11.8522 22.1394 13.1476 -84.1293 -0.0000 0.0000 6.4847 8.1555 3.2369 -4.1192 -0.0000 -0.0000 -0.0000 -0.0000 -0.0000 -0.0000 -28.189630 6.143230 -9.523585 8.607605 0.000000 0.000000 10.835975 -5.361570 4.992115 -1.832090 0.000000 0.000000 6.289820 1.729255 12.511020 13.449915 0.000000 0.000000 -18.068300 0.440970 -21.396080 -7.691100 0.000000 0.000000
-1.9406 35.6057 24.1308 -2.5693 1.2989 5.4445 -2.1612 2.9420 -0.0735 -1.7835 -0.6722 0.1183 15.0614 1.1445 4.7315 0.2342 0.7822 1.3428 -11.7515 1.5131 -2.5643 9.9435 -2.8553 -4.4027 -3.2440 -3.1629 11.3184 -21.6704 -36.9119 43.8304 0.0000 0.0000 31.6387 -10.8678 5.1876 2.4616 0.0000 0.0000 -0.0000 -0.0000 0.0000 -0.0000 -1.1690 2.4822 -12.2729 22.2084 13.1998 -84.0960 -0.0000 0.0000 6.2437 7.5997 3.4445 -4.1647 0.0000 0.0000 -0.0000 -0.0000 0.0000 0.0000 -28.604260 5.327995 -10.127340 7.815150 0.000000 0.000000 10.376805 -4.583650 5.450520 -1.611940 0.000000 0.000000 6.861530 1.565970 12.047430 13.596540 0.000000 0.000000 -18.463635 1.508995 -22.703975 -8.332255 0.000000 0.000000
-1.8898 34.9390 24.0209 -1.4093 1.3076 7.4324 -2.6344 2.5137 -0.1415 -2.0017 -0.4949 0.1139 14.9963 0.9726 4.0199 -0.0105 0.8248 1.1419 -12.4199 1.4140 -2.7217 9.7062 -3.1990 -4.4517 -2.8171 -4.0290 11.4773 -20.4542 -34.2255 44.7024 0.0000 0.0000 30.0499 -9.8572 6.6083 3.0203 0.0000 -0.0000 0.0000 -0.0000 -0.0000 0.0000 -1.3090 2.6502 -12.6299 22.2554 12.7341 -83.9104 -0.0000 0.0000 6.1206 6.9514 4.1374 -4.1901 0.0000 -0.0000 0.0000 -0.0000 0.0000 -0.0000 -28.975030 4.164345 -10.376815 7.103955 0.000000 0.000000 10.011900 -4.952465 4.993475 -1.355070 0.000000 0.000000 7.239355 1.154485 11.581205 13.613965 0.000000 0.000000 -19.089405 2.186105 -23.984755 -8.952245 0.000000 0.000000
-1.8242 34.2306 23.9005 -0.0539 1.4931 9.2960 -3.1569 2.1069 -0.2539 -2.2295 -0.4003 0.0882 14.8504 0.6362 3.3005 -0.3209 0.8156 0.9538 -13.3291 1.1988 -2.7862 8.9746 -3.7221 -4.3738 -2.3289 -4.9330 11.8859 -19.1674 -31.0783 45.4481 0.0000 0.0000 28.6767 -7.7184 8.3446 3.6669 -0.0000 -0.0000 0.0000 -0.0000 -0.0000 -0.0000 -1.3816 2.9589 -13.0045 22.1719 12.6255 -83.6090 -0.0000 0.0000 6.1793 6.4468 4.5586 -4.0701 0.0000 -0.0000 -0.0000 0.0000 -0.0000 -0.0000 -29.336535 2.865205 -11.100335 7.003400 0.000000 0.000000 11.433610 -6.719870 4.807835 -1.443130 0.000000 0.000000 7.458910 0.613290 11.438660 13.716900 0.000000 0.000000 -19.704295 2.723390 -25.291800 -9.464965 0.000000 0.000000
-1.7234 33.4509 23.7510 1.6224 1.3145 11.3028 -3.8401 2.0590 -0.2901 -2.5601 -0.1437 0.0895 14.6069 0.2944 2.3317 -0.5720 0.6848 0.6973 -14.4139 0.5073 -2.8063 7.4091 -4.8844 -4.0034 -1.9617 -5.7579 11.9445 -17.3718 -28.1589 46.5359 0.0000 0.0000 27.2475 -5.5180 10.6793 5.0098 -0.0000 0.0000 0.0000 0.0000 -0.0000 -0.0000 -1.5899 3.0206 -13.4048 22.1844 13.2898 -83.3226 -0.0000 0.0000 6.3127 6.3667 4.6703 -4.0517 0.0000 -0.0000 -0.0000 -0.0000 0.0000 -0.0000 -29.500330 1.876910 -12.223185 7.681275 0.000000 0.000000 14.547160 -7.424690 5.997665 -1.555925 0.000000 0.000000 7.557340 0.362625 11.277500 13.852815 0.000000 0.000000 -19.782325 3.934810 -26.689625 -10.331965 0.000000 0.000000
-1.5957 32.5916 23.5490 3.4559 1.4093 13.5432 -4.7343 1.4338 -0.1089 -3.1036 0.2501 0.1061 14.6046 0.2044 1.0587 -0.8662 0.5878 0.3172 -15.8074 -0.8781 -2.7145 5.0637 -6.8605 -3.2344 -1.6511 -6.9784 11.6804 -15.0218 -24.4484 48.1654 0.0000 0.0000 25.3349 -4.2416 13.6394 6.9626 -0.0000 0.0000 0.0000 -0.0000 0.0000 0.0000 -1.9239 3.7403 -13.6279 22.0571 13.2958 -82.9157 -0.0000 0.0000 6.2823 6.4845 5.2118 -4.2504 -0.0000 0.0000 0.0000 -0.0000 0.0000 0.0000 -29.449585 0.751340 -11.596225 9.023425 0.000000 0.000000 15.945665 -4.385345 6.663300 -1.027820 0.000000 0.000000 7.525550 -0.208915 11.061940 14.280790 0.000000 0.000000 -19.999415 5.340795 -28.442410 -11.534290 0.000000 0.000000
-1.4920 31.6785 23.3532 4.4274 2.9577 15.4371 -5.2264 -0.4724 0.1344 -3.5992 0.3173 0.0620 15.0247 0.0267 -0.1024 -1.4945 0.4053 -0.0041 -17.6821 -3.0760 -2.6303 2.5262 -9.1600 -2.0223 -0.6985 -8.6273 12.1025 -13.3117 -19.3341 49.1258 0.0000 0.0000 23.4559 -3.5528 16.7794 8.5708 0.0000 0.0000 -0.0000 0.0000 -0.0000 -0.0000 -1.5806 6.0707 -13.8150 20.9935 11.9366 -81.9565 -0.0000 0.0000 5.9067 6.4864 5.4169 -4.1777 0.0000 0.0000 0.0000 0.0000 0.0000 -0.0000 -29.501690 -1.468605 -7.940290 11.772070 0.000000 0.000000 12.744140 1.058395 4.330475 0.289170 0.000000 0.000000 7.293670 -2.442545 11.704625 16.235280 0.000000 0.000000 -21.089030 5.761205 -30.774130 -12.321475 0.000000 0.000000
-1.4280 30.7600 23.3055 3.8483 5.1536 16.6383 -4.4783 -1.9444 0.2071 -3.4305 -0.0232 -0.0819 15.2535 -1.0686 -0.9568 -2.3524 -0.3662 -0.0092 -19.8653 -6.4354 -3.1611 0.3567 -11.2823 -0.4695 0.9595 -9.1844 13.4895 -12.5568 -15.8310 48.5559 0.0000 0.0000 22.3756 -2.8147 20.0806 9.4000 0.0000 0.0000 0.0000 0.0000 -0.0000 0.0000 -0.0661 8.5220 -14.5552 19.1400 11.3598 -80.5877 -0.0000 0.0000 5.3030 6.2374 3.2821 -3.6086 0.0000 0.0000 0.0000 0.0000 -0.0000 0.0000 -29.318090 -4.104710 -4.157025 15.660905 0.000000 0.000000 7.650770 4.606210 0.402200 1.296760 0.000000 0.000000 6.550005 -6.005915 12.532695 20.900335 0.000000 0.000000 -20.476350 5.924660 -32.901765 -12.682215 0.000000 0.000000
-1.3683 29.8991 23.4908 2.8234 6.1811 17.6601 -2.9000 -1.4213 0.0602 -2.6295 -0.0101 -0.1632 14.6687 -2.7385 -1.7542 -2.8361 -1.9319 0.2273 -21.7582 -11.1544 -5.0891 -1.4153 -13.3270 0.9757 2.5815 -7.8179 14.3178 -11.0839 -16.1022 48.3272 0.0000 0.0000 20.8476 -3.1672 23.1206 9.8443 -0.0000 -0.0000 -0.0000 -0.0000 -0.0000 0.0000 1.4485 8.6612 -16.0186 18.1294 13.3841 -79.4927 -0.0000 0.0000 4.6371 5.5118 -0.3358 -3.3862 0.0000 0.0000 -0.0000 -0.0000 0.0000 -0.0000 -28.065360 -5.214130 -3.535420 18.050340 0.000000 0.000000 4.258675 4.376795 -1.552545 1.311720 0.000000 0.000000 4.225340 -8.969015 11.141330 27.691920 0.000000 0.000000 -13.631215 8.428590 -33.551250 -12.683830 0.000000 0.000000
-1.2840 29.0983 23.7828 2.4811 5.6982 18.7994 -1.5684 -0.0302 -0.1460 -1.9224 0.4755 -0.1197 13.3669 -3.4004 -2.4656 -2.7048 -3.4541 0.4852 -22.5732 -16.1479 -7.9401 -2.5840 -15.2220 1.2555 3.1810 -5.4229 13.4277 -6.6678 -18.4257 50.4627 0.0000 0.0000 16.8987 -4.9021 23.0727 9.3917 -0.0000 0.0000 0.0000 0.0000 0.0000 -0.0000 1.4689 6.4630 -17.5647 19.1267 16.4893 -79.3911 -0.0000 0.0000 3.8740 4.1616 -0.7648 -4.2216 -0.0000 -0.0000 0.0000 0.0000 -0.0000 -0.0000 -25.748685 -4.710080 -4.854025 17.937885 0.000000 0.000000 2.833990 3.354415 -1.137915 1.046860 0.000000 0.000000 0.746375 -10.333520 8.015540 33.687565 0.000000 0.000000 -1.826330 14.619990 -33.165350 -10.527210 0.000000 0.000000
-1.1769 28.3108 24.0124 2.5120 4.8265 19.3220 -1.0933 0.4679 -0.1180 -1.6873 0.7799 -0.0277 12.3156 -2.8597 -2.4217 -2.4452 -4.0307 0.7366 -22.1074 -19.0536 -10.0084 -2.3614 -16.3695 0.0291 2.6380 -3.5476 12.0684 0.1143 -19.4135 53.9769 0.0000 0.0000 11.3999 -5.0859 16.1591 6.6381 -0.0000 0.0000 0.0000 0.0000 -0.0000 -0.0000 0.2249 4.9199 -18.3265 20.9254 17.7804 -80.2529 -0.0000 0.0000 3.2447 3.2378 4.2687 -5.2007 -0.0000 0.0000 -0.0000 0.0000 -0.0000 0.0000 -22.952440 -4.345430 -5.361475 16.618345 0.000000 0.000000 1.654785 4.157920 -0.392295 1.021785 0.000000 0.000000 -1.797930 -11.114670 5.944685 36.906260 0.000000 0.000000 5.148940 20.042905 -31.352385 -8.134120 0.000000 0.000000
-1.0722 27.5330 24.1460 2.1881 4.5595 18.6511 -1.1944 -0.3464 0.0922 -1.7870 0.5490 0.0314 12.0391 -1.9806 -1.3611 -2.3655 -3.7949 0.9919 -20.6267 -18.9188 -10.5694 -0.3993 -16.3906 -1.4741 1.9872 -3.3285 11.7352 5.6981 -18.5589 56.0307 0.0000 0.0000 7.6547 -1.3574 3.5258 3.0609 0.0000 0.0000 0.0000 -0.0000 -0.0000 -0.0000 -0.9819 5.4880 -17.9897 21.4460 17.0930 -81.2524 -0.0000 0.0000 3.2549 3.7680 10.6397 -5.2215 -0.0000 0.0000 -0.0000 0.0000 -0.0000 0.0000 -20.322965 -5.021265 -4.290050 15.681220 0.000000 0.000000 -0.044960 5.588895 -0.621115 1.083495 0.000000 0.000000 -2.768290 -12.659375 6.173590 37.704920 0.000000 0.000000 2.080780 20.602290 -25.980725 -8.420315 0.000000 0.000000
-0.9911 26.8121 24.2214 1.7932 4.7124 17.5646 -1.5517 -1.4323 0.2175 -1.9680 0.1793 0.0481 12.1304 -1.4131 -0.2909 -2.2681 -3.3920 1.1546 -18.6393 -17.0894 -10.1022 2.0405 -15.5652 -2.3824 1.9220 -4.2707 11.8992 9.0186 -17.8479 56.7424 0.0000 0.0000 6.8103 3.2134 -7.3364 1.7752 0.0000 0.0000 -0.0000 -0.0000 0.0000 0.0000 -1.6621 6.4031 -17.1310 20.4257 15.9874 -81.8507 -0.0000 0.0000 3.7591 5.0825 12.7432 -4.5204 0.0000 0.0000 0.0000 0.0000 0.0000 0.0000 -18.553860 -5.977175 -3.063925 15.922960 0.000000 0.000000 -1.769100 5.975220 -1.217050 0.989315 0.000000 0.000000 -3.376975 -14.706260 7.699850 36.657380 0.000000 0.000000 -5.386640 16.421140 -18.787770 -9.091645 0.000000 0.000000
-0.9170 26.1579 24.2698 1.5004 4.1951 17.2239 -1.7983 -1.6750 0.1919 -2.0781 0.2489 0.0757 12.2320 -1.1006 -0.1539 -1.9207 -3.0981 1.0785 -16.7807 -15.3938 -9.3706 3.4713 -14.6440 -2.8562 2.1105 -5.1274 11.5126 11.3334 -18.8903 57.8782 0.0000 0.0000 7.4366 4.1315 -11.4011 2.1006 -0.0000 -0.0000 -0.0000 0.0000 -0.0000 -0.0000 -2.2138 5.9992 -16.3380 18.8378 14.7160 -82.0128 -0.0000 0.0000 4.0731 5.5804 9.5525 -3.9416 -0.0000 -0.0000 -0.0000 -0.0000 0.0000 0.0000 -17.257525 -6.097960 -2.462890 17.023880 0.000000 0.000000 -3.491200 5.968845 -1.548040 0.816085 0.000000 0.000000 -4.510450 -15.988655 8.335820 34.179800 0.000000 0.000000 -9.941365 12.277900 -13.016610 -8.957940 0.000000 0.000000
-0.8335 25.5599 24.2917 1.1192 3.0020 17.4000 -1.8384 -1.3945 0.1300 -2.1039 0.5258 0.1171 12.4616 -0.5597 -0.4898 -1.4247 -2.7663 0.8505 -15.3983 -14.2595 -8.7794 3.8854 -14.0900 -3.2089 2.2864 -5.3925 10.8642 13.2537 -21.2375 59.3524 0.0000 0.0000 8.1031 0.6344 -9.8543 2.6651 0.0000 0.0000 -0.0000 -0.0000 -0.0000 -0.0000 -2.9572 4.8636 -15.8345 17.0024 13.6314 -81.7027 -0.0000 0.0000 3.7391 4.8052 4.2852 -3.7901 -0.0000 0.0000 -0.0000 -0.0000 0.0000 -0.0000 -15.963910 -5.573935 -1.921185 18.468795 0.000000 0.000000 -5.484365 6.532820 -1.823525 0.687990 0.000000 0.000000 -5.903600 -16.358660 7.964030 30.714095 0.000000 0.000000 -11.649015 9.894330 -9.312820 -9.339930 0.000000 0.000000
-0.7479 25.0196 24.2876 0.5767 2.1957 16.9767 -1.8246 -1.5939 0.0914 -2.0977 0.6066 0.1484 12.8672 0.1898 -0.3100 -1.0003 -2.3503 0.7157 -14.4780 -13.2129 -8.3144 4.0077 -13.7152 -3.5282 2.6185 -5.1861 10.7148 14.3721 -23.5885 60.1972 0.0000 0.0000 8.4668 -3.2053 -6.4006 3.1437 -0.0000 0.0000 -0.0000 0.0000 0.0000 -0.0000 -3.7046 4.2074 -15.5825 14.6021 14.0915 -81.0724 -0.0000 0.0000 3.0037 3.7242 -0.0084 -3.9240 -0.0000 -0.0000 0.0000 -0.0000 0.0000 0.0000 -14.722485 -5.391865 -1.251300 19.802530 0.000000 0.000000 -7.428400 7.113540 -1.890250 0.589900 0.000000 0.000000 -7.194240 -16.839250 8.260765 26.653135 0.000000 0.000000 -12.626770 7.856710 -7.913805 -9.458760 0.000000 0.000000
-0.6619 24.5311 24.2778 0.0656 2.0608 15.7684 -1.8542 -2.2563 0.0654 -2.0892 0.5423 0.1733 13.2272 0.8344 0.3933 -0.7070 -2.0192 0.7557 -13.8345 -12.2044 -7.8926 4.1255 -13.3288 -3.7927 3.0238 -4.8857 10.9456 14.8864 -25.2167 60.5064 0.0000 0.0000 8.6227 -3.9028 -3.3142 3.1282 0.0000 0.0000 0.0000 -0.0000 -0.0000 0.0000 -4.3520 3.9831 -15.4027 12.0673 16.1769 -80.4800 -0.0000 0.0000 2.2950 3.0801 -2.4424 -4.1511 0.0000 0.0000 -0.0000 0.0000 -0.0000 0.0000 -13.501035 -5.687580 -0.702115 20.507435 0.000000 0.000000 -8.817300 7.169470 -1.429805 0.508300 0.000000 0.000000 -8.800995 -17.685765 9.281785 22.620395 0.000000 0.000000 -13.218795 7.104375 -8.563290 -9.680100 0.000000 0.000000
-0.5605 24.0648 24.2760 -0.4554 2.0425 14.6108 -1.7589 -2.8408 0.0296 -2.0155 0.6385 0.2148 13.3432 1.2067 0.9403 -0.5049 -1.8415 0.8238 -13.2693 -11.4897 -7.5335 4.2446 -13.0812 -3.9515 3.2060 -4.7538 10.9642 15.7016 -25.9491 61.0748 0.0000 0.0000 8.5305 -2.6905 -1.2658 2.8878 0.0000 0.0000 0.0000 0.0000 0.0000 -0.0000 -4.9772 3.5911 -15.1977 10.3008 17.6966 -80.1786 -0.0000 0.0000 1.7687 2.8189 -2.9913 -4.4133 -0.0000 -0.0000 0.0000 -0.0000 0.0000 0.0000 -11.911365 -6.006160 -0.117655 20.412830 0.000000 0.000000 -9.751620 7.186555 -0.923375 0.467670 0.000000 0.000000 -10.953705 -18.257645 9.261045 19.055750 0.000000 0.000000 -12.947390 8.684950 -9.847980 -12.562960 0.000000 0.000000
-0.4335 23.5979 24.2739 -1.2646 2.0025 13.8838 -1.3933 -3.4317 -0.0083 -1.7991 0.9219 0.2582 13.2431 1.4187 1.1107 -0.3745 -1.7467 0.8540 -12.7467 -10.9859 -7.2870 4.5306 -13.0638 -3.9577 3.1289 -4.5638 10.7148 16.8348 -26.3459 61.8371 0.0000 0.0000 8.3157 -2.1617 -0.6472 2.9564 0.0000 0.0000 -0.0000 -0.0000 -0.0000 -0.0000 -5.5808 2.9751 -15.1367 9.4668 17.2632 -80.1093 -0.0000 0.0000 1.4769 2.8938 -2.0663 -4.6737 -0.0000 -0.0000 -0.0000 0.0000 -0.0000 0.0000 -9.841020 -6.319980 0.836980 19.936320 0.000000 0.000000 -10.634940 7.431780 -1.022740 0.466225 0.000000 0.000000 -13.268170 -18.351825 7.390195 16.178840 0.000000 0.000000 -12.482100 10.488905 -10.464485 -16.063940 0.000000 0.000000
-0.2813 23.1321 24.2701 -2.3352 1.9787 13.0718 -0.8403 -4.1016 -0.0139 -1.4838 1.2065 0.2983 13.1351 1.6259 1.3077 -0.2777 -1.6655 0.9025 -12.4120 -10.4849 -7.1362 5.0349 -13.1139 -3.8625 3.0523 -4.0620 10.6192 17.4983 -27.0846 62.0984 0.0000 0.0000 8.2689 -2.4997 -1.2036 3.2328 0.0000 -0.0000 -0.0000 -0.0000 0.0000 0.0000 -6.1214 2.3763 -15.3109 9.0586 16.1208 -80.0984 -0.0000 0.0000 1.5216 3.3277 -0.8604 -4.8222 -0.0000 -0.0000 -0.0000 0.0000 -0.0000 0.0000 -7.588180 -6.574130 1.943425 19.557475 0.000000 0.000000 -11.564330 7.474365 -1.274680 0.501925 0.000000 0.000000 -15.336475 -18.123770 4.843935 14.084610 0.000000 0.000000 -12.846070 10.546195 -10.378890 -15.023880 0.000000 0.000000
-0.1072 22.6740 24.2686 -3.3096 1.7622 11.8322 -0.3237 -4.5038 0.0148 -1.1883 1.3794 0.3370 13.1347 1.9371 1.7488 -0.1816 -1.5740 1.0004 -12.2858 -10.0151 -7.0217 5.4991 -13.1152 -3.8010 3.0915 -3.4337 10.7730 17.5972 -27.9834 61.8801 0.0000 0.0000 8.3496 -2.5092 -1.8409 3.4193 0.0000 0.0000 -0.0000 0.0000 -0.0000 -0.0000 -6.5856 1.8637 -15.5145 8.8019 15.6673 -80.1618 -0.0000 0.0000 1.8616 3.7756 -0.2155 -4.8148 -0.0000 -0.0000 0.0000 0.0000 -0.0000 0.0000 -5.487660 -6.432520 2.749820 19.384500 0.000000 0.000000 -12.499245 7.208315 -0.905695 0.556920 0.000000 0.000000 -17.187605 -17.528685 2.846605 12.412915 0.000000 0.000000 -13.500570 9.986385 -10.188065 -11.494680 0.000000 0.000000
0.0939 22.2106 24.2620 -4.1730 1.1619 10.5149 0.1896 -4.4807 0.0450 -0.9289 1.4753 0.3762 13.1629 2.3476 2.1791 -0.1116 -1.4146 1.0583 -12.1725 -9.6399 -6.8928 5.7705 -13.1165 -3.8216 3.1564 -2.9740 10.8624 17.7739 -28.3277 61.8540 0.0000 0.0000 8.3152 -1.9989 -1.8205 3.4774 0.0000 0.0000 -0.0000 -0.0000 -0.0000 0.0000 -6.9190 1.4718 -15.5159 8.7707 15.4973 -80.3421 -0.0000 0.0000 2.1412 4.0459 0.0156 -4.7949 -0.0000 0.0000 -0.0000 0.0000 0.0000 -0.0000 -3.499085 -5.790940 3.383070 19.416290 0.000000 0.000000 -13.565910 7.032280 -0.257230 0.575450 0.000000 0.000000 -18.853605 -16.416545 1.304790 10.808370 0.000000 0.000000 -13.482295 10.393960 -9.840415 -9.975730 0.000000 0.000000
0.3216 21.7257 24.2369 -5.1856 0.4626 9.4656 0.8284 -4.3711 0.0685 -0.6284 1.4967 0.3842 13.1187 2.7518 2.3939 -0.0951 -1.1624 1.0188 -11.9156 -9.2192 -6.7220 6.0008 -13.1294 -3.8492 3.2482 -2.6397 10.7385 18.1290 -28.1427 62.1538 0.0000 0.0000 8.2442 -1.7166 -1.4444 3.4123 -0.0000 0.0000 -0.0000 0.0000 0.0000 -0.0000 -6.9997 1.3211 -15.3435 8.8863 15.0128 -80.5234 -0.0000 0.0000 2.0733 4.3645 0.1731 -4.8498 0.0000 0.0000 -0.0000 -0.0000 0.0000 0.0000 -1.465035 -5.050420 4.227800 19.716085 0.000000 0.000000 -14.821700 7.003975 -0.094625 0.565930 0.000000 0.000000 -20.262055 -15.030280 -0.064900 9.553090 0.000000 0.000000 -13.146800 11.353355 -9.252895 -10.437110 0.000000 0.000000
0.5635 21.2253 24.1937 -6.1580 -0.0169 8.4372 1.3626 -4.3615 0.1037 -0.3693 1.4182 0.3717 13.0979 3.0815 2.5321 -0.0801 -0.8790 0.9580 -11.5900 -8.6641 -6.4866 6.3253 -13.0674 -3.7902 3.3870 -2.3456 10.5909 18.1377 -28.1236 62.2557 0.0000 0.0000 8.3836 -2.0802 -1.2491 3.3082 0.0000 0.0000 -0.0000 -0.0000 -0.0000 -0.0000 -6.8407 1.4292 -15.1450 8.9656 14.7505 -80.6122 -0.0000 0.0000 1.8550 4.7921 0.2004 -4.9174 -0.0000 -0.0000 -0.0000 0.0000 -0.0000 0.0000 0.396720 -4.435530 5.205300 20.245465 0.000000 0.000000 -16.108515 6.852930 -0.181665 0.626960 0.000000 0.000000 -21.504755 -13.696460 -1.026080 8.928170 0.000000 0.000000 -13.312210 11.688085 -8.794405 -10.218575 0.000000 0.000000
0.8111 20.7141 24.1444 -6.7558 -0.3260 7.0916 1.4988 -4.2997 0.1189 -0.2853 1.2962 0.3688 13.2289 3.3864 2.7783 -0.0040 -0.6384 0.9434 -11.2986 -8.1241 -6.1577 6.7015 -12.9223 -3.6045 3.4360 -2.2707 10.5607 17.7847 -28.3715 62.0378 0.0000 0.0000 8.6075 -2.7715 -1.2230 3.3388 0.0000 -0.0000 0.0000 0.0000 -0.0000 0.0000 -6.6931 1.6355 -14.9905 9.1835 15.1121 -80.6322 -0.0000 0.0000 1.8818 5.0305 0.1491 -4.9852 -0.0000 -0.0000 -0.0000 0.0000 -0.0000 0.0000 1.936665 -3.747540 5.966135 20.689335 0.000000 0.000000 -17.283895 6.588750 0.180435 0.708475 0.000000 0.000000 -22.585445 -12.493370 -1.750705 8.465600 0.000000 0.000000 -13.697600 11.530410 -8.443780 -9.206480 0.000000 0.000000
1.0656 20.1792 24.0942 -7.0699 -0.6289 5.5622 1.3343 -4.0963 0.0864 -0.3362 1.2432 0.3838 13.4721 3.7014 3.0015 0.1119 -0.4600 0.9315 -11.0398 -7.7422 -5.7569 7.0978 -12.8071 -3.2877 3.2892 -2.4945 10.5623 17.6082 -28.3688 61.9638 0.0000 0.0000 8.6378 -3.1271 -1.1562 3.5214 -0.0000 -0.0000 -0.0000 0.0000 -0.0000 -0.0000 -6.7603 1.7659 -14.9057 9.8202 15.4188 -80.5968 -0.0000 0.0000 2.2910 4.9775 0.4875 -5.0758 0.0000 0.0000 -0.0000 -0.0000 0.0000 -0.0000 3.379285 -2.850280 6.439755 20.830860 0.000000 0.000000 -18.348265 6.354235 0.931155 0.629935 0.000000 0.000000 -23.326050 -11.362615 -2.663520 7.755935 0.000000 0.000000 -13.756760 11.779290 -7.816820 -8.849565 0.000000 0.000000
1.3172 19.6238 24.0328 -7.2285 -0.7501 4.1503 1.0891 -3.9147 0.0391 -0.4053 1.2646 0.3975 13.6726 3.9471 2.9972 0.1976 -0.3104 0.8649 -10.8762 -7.4775 -5.3591 7.5074 -12.7611 -2.8807 3.0939 -2.7730 10.5519 17.6344 -28.1351 62.1459 0.0000 0.0000 8.6266 -2.9592 -1.0788 3.6689 0.0000 0.0000 0.0000 0.0000 0.0000 0.0000 -6.9780 1.7591 -14.9208 10.7153 15.1344 -80.4505 -0.0000 0.0000 2.8823 4.9641 1.4693 -5.0858 -0.0000 -0.0000 -0.0000 0.0000 -0.0000 0.0000 4.719820 -2.047200 6.896970 20.875995 0.000000 0.000000 -19.292530 6.042965 1.501420 0.439195 0.000000 0.000000 -23.861465 -10.420135 -3.415345 7.256985 0.000000 0.000000 -14.026720 12.474165 -7.181530 -8.990580 0.000000 0.000000
1.5500 19.0699 23.9566 -7.0917 -0.4724 2.8689 0.8287 -3.8064 -0.0196 -0.5141 1.2336 0.3935 13.7901 4.0568 2.8258 0.2035 -0.1645 0.7634 -10.9635 -7.2266 -5.0043 7.8204 -12.6897 -2.4712 3.0245 -3.0275 10.6361 17.3557 -28.0708 62.1347 0.0000 0.0000 8.8728 -2.9825 -1.1143 3.6816 0.0000 -0.0000 0.0000 0.0000 -0.0000 -0.0000 -7.1230 1.7747 -14.9818 11.4014 14.5348 -80.1721 -0.0000 0.0000 3.3767 5.2189 2.6353 -4.9850 0.0000 -0.0000 0.0000 0.0000 0.0000 -0.0000 5.678280 -1.598230 7.472845 21.048460 0.000000 0.000000 -20.045800 5.529140 1.863435 0.321640 0.000000 0.000000 -24.455360 -9.792835 -3.425290 7.377090 0.000000 0.000000 -15.100440 12.789345 -7.066185 -8.927595 0.000000 0.000000
1.7677 18.5170 23.8815 -6.4997 0.0851 1.7045 0.4208 -3.6472 -0.1356 -0.7394 1.1158 0.3760 13.9384 4.0881 2.5826 0.1039 -0.0406 0.6531 -11.3276 -6.9880 -4.7062 7.9835 -12.5382 -2.1252 3.0163 -3.6910 10.8191 16.7004 -27.8960 61.6701 0.0000 0.0000 9.2116 -3.7359 -1.3023 3.6477 0.0000 0.0000 -0.0000 0.0000 0.0000 0.0000 -7.0715 2.0722 -15.0119 11.7295 13.8673 -79.8332 -0.0000 0.0000 3.6543 5.5173 3.3805 -4.9125 0.0000 0.0000 0.0000 0.0000 -0.0000 0.0000 6.236050 -1.334645 7.827210 21.131930 0.000000 0.000000 -20.517210 4.890705 2.489375 0.104295 0.000000 0.000000 -25.088015 -9.351260 -3.038200 7.694310 0.000000 0.000000 -16.311860 12.283425 -6.994360 -9.004265 0.000000 0.000000
1.9908 17.9294 23.8227 -5.6067 0.6754 0.9100 -0.2007 -3.4320 -0.3191 -1.0231 1.0905 0.3648 14.1925 4.0891 2.1556 -0.0993 0.0219 0.5038 -11.8935 -6.7167 -4.4977 8.1959 -12.3788 -1.8661 2.9382 -4.9112 10.9459 16.1064 -27.2185 60.9844 0.0000 0.0000 9.2552 -4.4428 -1.5825 3.6648 -0.0000 -0.0000 0.0000 -0.0000 -0.0000 0.0000 -6.9138 2.6628 -15.0736 11.9836 13.1083 -79.5416 -0.0000 0.0000 3.7802 5.5698 3.7193 -4.9591 0.0000 -0.0000 0.0000 -0.0000 0.0000 0.0000 6.820510 -1.019635 7.595245 20.747900 0.000000 0.000000 -20.576965 4.244790 3.457100 -0.562955 0.000000 0.000000 -25.415095 -8.797655 -2.650685 7.758485 0.000000 0.000000 -16.925560 11.228405 -6.268970 -9.498115 0.000000 0.000000
2.2224 17.2788 23.7696 -4.7013 1.3202 0.4665 -0.8129 -3.2631 -0.5129 -1.2808 1.2013 0.3682 14.4304 4.0454 1.5888 -0.3689 0.0716 0.3241 -12.7384 -6.2677 -4.3633 8.6423 -12.2169 -1.6819 2.8004 -6.0488 11.0376 15.6519 -26.7923 60.1240 0.0000 0.0000 9.0700 -4.1960 -1.8453 3.7827 0.0000 0.0000 -0.0000 0.0000 -0.0000 -0.0000 -6.7660 3.2583 -15.2921 12.3182 12.4707 -79.3514 -0.0000 0.0000 3.8938 5.5522 4.0946 -5.0679 -0.0000 0.0000 0.0000 -0.0000 -0.0000 0.0000 7.757550 -0.770670 7.101650 19.924930 0.000000 0.000000 -20.199735 3.704955 4.323420 -1.517760 0.000000 0.000000 -24.999105 -8.117400 -1.950710 7.634215 0.000000 0.000000 -17.669480 9.641540 -5.070045 -9.761275 0.000000 0.000000
2.4366 16.5935 23.6958 -3.3101 2.2749 -0.1396 -1.6027 -3.1149 -0.6922 -1.6611 1.1671 0.3581 14.5996 3.9995 1.2307 -0.7206 0.1772 0.1913 -14.1433 -5.6113 -4.1854 9.1175 -11.9238 -1.5254 2.6650 -6.8243 11.3733 14.8504 -27.3066 58.6051 0.0000 0.0000 9.0273 -3.7921 -2.0560 4.0026 0.0000 0.0000 -0.0000 -0.0000 -0.0000 0.0000 -6.6504 3.9019 -15.6403 12.5708 11.8841 -79.2104 -0.0000 0.0000 4.0452 5.9568 4.6739 -5.2090 0.0000 0.0000 0.0000 -0.0000 0.0000 -0.0000 8.295515 -0.893580 7.003645 19.200050 0.000000 0.000000 -19.654545 3.420375 4.816760 -2.310555 0.000000 0.000000 -24.204780 -7.733795 -0.970320 7.229615 0.000000 0.000000 -19.145080 7.165235 -3.851570 -9.460205 0.000000 0.000000
2.6360 15.8973 23.6146 -1.1890 2.9775 -0.6732 -2.6888 -2.3519 -0.9152 -2.3374 0.9425 0.3366 14.9607 4.1525 0.9491 -1.2615 0.2635 0.0654 -16.3015 -5.0291 -4.0272 9.2168 -11.4706 -1.4151 2.5534 -8.3379 12.0574 13.2600 -27.8188 55.7464 0.0000 0.0000 9.3791 -4.5272 -2.2597 4.1647 -0.0000 -0.0000 0.0000 0.0000 -0.0000 -0.0000 -6.4775 5.0121 -16.1199 12.6407 10.4980 -79.0302 -0.0000 0.0000 4.1406 6.7684 5.1960 -5.3979 0.0000 -0.0000 0.0000 0.0000 -0.0000 0.0000 8.143790 -0.879130 6.684385 18.626045 0.000000 0.000000 -19.112755 3.182120 5.310950 -3.041470 0.000000 0.000000 -23.424140 -7.360645 -0.743965 5.765150 0.000000 0.000000 -19.572035 4.645410 -2.238015 -9.172650 0.000000 0.000000
2.8604 15.1698 23.5725 0.9285 2.3390 0.3784 -3.5825 -0.4337 -1.1565 -3.0748 1.0850 0.3785 15.7235 4.8521 0.0115 -2.0767 0.2040 -0.2634 -19.1555 -4.6525 -4.3381 8.7895 -10.9585 -1.6612 2.7382 -11.4644 12.7932 10.6743 -27.3763 51.1582 0.0000 0.0000 10.3546 -5.9746 -2.0985 4.1188 -0.0000 -0.0000 0.0000 0.0000 -0.0000 -0.0000 -6.1012 6.4445 -17.0462 12.6092 8.2788 -78.9617 -0.0000 0.0000 4.0341 7.4015 5.2086 -5.5357 -0.0000 0.0000 0.0000 0.0000 -0.0000 0.0000 8.242305 0.133220 4.767465 17.808005 0.000000 0.000000 -18.258675 2.564595 6.039995 -4.149190 0.000000 0.000000 -22.561050 -5.963670 -1.897755 2.879060 0.000000 0.000000 -16.619900 4.703465 0.038795 -9.448390 0.000000 0.000000
3.1258 14.3899 23.5899 2.1085 0.4283 3.5721 -3.2911 1.6536 -1.2575 -3.1399 1.8955 0.5240 16.2414 6.5516 -1.4625 -3.0298 0.2641 -0.8141 -22.2537 -3.7260 -5.3758 7.8804 -10.1603 -2.7913 3.6369 -14.7553 13.2976 6.8712 -27.4642 44.7034 0.0000 0.0000 12.2299 -6.9847 -0.9231 4.0475 0.0000 -0.0000 -0.0000 0.0000 0.0000 0.0000 -5.1951 7.2117 -18.6577 12.4099 7.0675 -79.5563 -0.0000 0.0000 3.5895 7.6436 4.1314 -5.6198 -0.0000 0.0000 -0.0000 0.0000 -0.0000 0.0000 9.490020 1.845290 1.624760 16.995065 0.000000 0.000000 -16.709380 1.789820 6.478085 -5.485900 0.000000 0.000000 -21.304835 -3.387660 -4.029215 -0.249450 0.000000 0.000000 -11.366390 8.260545 2.214795 -10.164175 0.000000 0.000000
3.3770 13.6261 23.6712 3.0956 -1.1040 6.8070 -2.1846 2.2955 -1.1075 -2.4938 2.4223 0.6314 15.8975 9.0814 -1.9242 -3.8429 1.1256 -1.2296 -25.0949 -0.9499 -6.2889 6.3671 -8.4333 -4.9783 5.0700 -16.1871 13.6612 1.7629 -29.6611 36.3924 0.0000 0.0000 14.6805 -7.9972 0.9445 4.1710 0.0000 0.0000 -0.0000 0.0000 -0.0000 -0.0000 -3.5396 7.3200 -20.2840 11.9885 7.6528 -81.1636 -0.0000 0.0000 2.6298 7.6910 1.7476 -5.9850 0.0000 -0.0000 -0.0000 -0.0000 0.0000 0.0000 10.081620 2.908385 -0.333215 17.655090 0.000000 0.000000 -14.542645 1.507025 6.077990 -6.631360 0.000000 0.000000 -20.639370 -1.065800 -5.979030 -1.578000 0.000000 0.000000 -7.331270 11.597730 3.050855 -10.984680 0.000000 0.000000
3.5506 12.9208 23.8341 4.6425 -1.1566 7.7532 -1.3151 1.6351 -0.7755 -1.9636 1.8298 0.6262 14.9533 11.7818 -0.3422 -4.3668 2.6887 -1.1738 -27.2742 3.8022 -5.7215 4.1674 -5.3560 -7.4683 6.3233 -16.0361 14.0022 -3.3875 -32.4219 27.7079 0.0000 0.0000 16.4264 -9.9720 1.9160 4.1508 0.0000 -0.0000 -0.0000 -0.0000 -0.0000 -0.0000 -1.5753 7.7296 -20.6916 12.0134 8.5032 -83.2950 -0.0000 0.0000 1.3146 7.0849 -1.1083 -6.6724 0.0000 0.0000 -0.0000 -0.0000 -0.0000 0.0000 8.171500 3.074390 -0.118165 20.556310 0.000000 0.000000 -11.665395 1.076670 5.547760 -7.788210 0.000000 0.000000 -20.794325 -0.248780 -6.592560 -1.414715 0.000000 0.000000 -5.795320 11.363810 2.367455 -12.037490 0.000000 0.000000
3.6627 12.2557 24.0534 6.6332 -0.1403 6.5082 -1.0341 0.6239 -0.4056 -1.7798 0.7342 0.5969 13.6217 14.1815 2.2255 -4.6065 4.0558 -0.8768 -28.4273 8.9118 -3.5504 1.5400 -1.4342 -8.9269 6.7662 -15.8685 14.0459 -6.5114 -33.9565 21.5359 0.0000 0.0000 16.4122 -11.8917 1.0067 3.1897 -0.0000 0.0000 0.0000 0.0000 0.0000 -0.0000 -0.2016 8.2401 -19.4257 13.2434 8.4304 -85.1660 -0.0000 0.0000 0.9369 4.9754 -3.1796 -7.0267 -0.0000 0.0000 0.0000 0.0000 0.0000 -0.0000 4.232855 2.911530 0.869365 24.986170 0.000000 0.000000 -7.479145 -1.336055 6.135960 -8.769620 0.000000 0.000000 -21.248055 -0.904130 -6.596130 -1.074035 0.000000 0.000000 -5.724175 9.061840 1.896045 -12.913075 0.000000 0.000000
3.7850 11.6112 24.2642 8.3408 0.7803 4.9369 -0.9832 0.1196 -0.1042 -1.7085 0.2814 0.6153 12.3657 15.5038 3.8828 -4.6156 4.7359 -0.7515 -28.6142 12.9491 -0.7455 -0.8562 2.0905 -8.8263 6.3272 -15.9265 13.6551 -8.3917 -34.8043 18.0246 0.0000 0.0000 15.3359 -12.7638 -1.2069 1.2885 -0.0000 -0.0000 -0.0000 0.0000 -0.0000 0.0000 -0.0035 7.8600 -17.3807 15.5338 7.9362 -86.2137 -0.0000 0.0000 2.7812 2.1939 -3.8306 -6.4824 0.0000 -0.0000 -0.0000 -0.0000 0.0000 -0.0000 -0.046300 3.219315 1.038600 29.965980 0.000000 0.000000 -2.114200 -6.007825 8.253310 -7.937215 0.000000 0.000000 -21.491155 -1.802750 -6.567995 -0.748740 0.000000 0.000000 -5.683460 8.019570 2.175440 -13.284185 0.000000 0.000000
3.9504 10.9929 24.4175 9.2852 0.9858 3.9002 -0.9236 0.5226 0.1045 -1.6308 0.6441 0.6806 11.7235 15.3739 4.2268 -4.4392 4.9520 -0.8292 -28.2594 15.8637 1.9467 -2.1103 4.5625 -7.8434 5.6315 -15.5031 13.1034 -11.8333 -35.6842 14.7378 0.0000 0.0000 14.7429 -14.3846 -3.0691 -0.5609 0.0000 -0.0000 0.0000 0.0000 0.0000 0.0000 -0.6475 6.5915 -15.7192 18.0652 7.8394 -86.1589 -0.0000 0.0000 6.0861 1.2785 -3.0206 -5.7318 0.0000 -0.0000 0.0000 0.0000 0.0000 -0.0000 -3.782560 4.451730 0.265100 35.040480 0.000000 0.000000 2.198615 -10.533225 10.705390 -5.333580 0.000000 0.000000 -21.304920 -2.011340 -6.012095 -0.092625 0.000000 0.000000 -5.463650 8.406830 2.127925 -13.415850 0.000000 0.000000
4.1244 10.4116 24.5286 9.6088 0.8543 2.8167 -0.8821 1.4863 0.2266 -1.5840 0.9817 0.7093 11.6635 14.5493 4.3598 -4.1628 5.0647 -0.8698 -27.6338 18.1099 4.2312 -1.9921 6.3871 -6.7939 5.2310 -14.7172 12.6861 -17.4230 -35.8210 10.4005 0.0000 0.0000 15.5537 -17.9465 -3.2446 -1.6099 0.0000 -0.0000 0.0000 -0.0000 0.0000 0.0000 -1.1573 5.4736 -14.4288 19.9268 7.5204 -85.2205 -0.0000 0.0000 8.5842 2.9606 -1.8847 -6.0299 0.0000 -0.0000 0.0000 -0.0000 0.0000 0.0000 -7.151110 6.071575 -0.790345 39.771240 0.000000 0.000000 2.598540 -12.760565 10.975775 -3.529030 0.000000 0.000000 -20.688160 -1.852815 -4.928600 0.760435 0.000000 0.000000 -5.396585 8.164155 1.466200 -13.476795 0.000000 0.000000
4.2727 9.8611 24.6404 9.5567 0.9384 1.5317 -0.8902 2.3909 0.2841 -1.5556 0.9087 0.6983 11.8984 13.7652 4.7997 -3.8255 5.1510 -0.7934 -26.5698 19.8654 5.9156 -1.2015 8.0445 -5.9295 5.1091 -14.1598 12.3371 -22.6345 -34.2287 6.4939 0.0000 0.0000 17.5967 -20.0286 -1.8722 -1.6376 0.0000 0.0000 -0.0000 0.0000 0.0000 -0.0000 -1.0245 5.1362 -12.8155 20.8925 6.2761 -84.1681 -0.0000 0.0000 9.1552 4.4344 -1.9715 -7.1618 0.0000 0.0000 0.0000 0.0000 -0.0000 0.0000 -10.256755 7.426050 -2.251325 43.094145 0.000000 0.000000 -0.534475 -12.426175 7.900985 -3.435105 0.000000 0.000000 -19.689155 -1.916565 -4.051825 1.378385 0.000000 0.000000 -5.393610 7.138630 0.950675 -13.557205 0.000000 0.000000
4.3969 9.3302 24.7621 9.1741 1.4553 0.7370 -0.8469 2.8671 0.2813 -1.4893 0.7476 0.6547 12.3124 12.9558 5.1365 -3.3775 5.1806 -0.7315 -24.8898 21.0956 6.8285 -0.3047 9.3789 -5.2023 5.0765 -13.7151 11.8535 -25.5368 -31.3469 4.4981 0.0000 0.0000 20.2488 -17.0136 0.3458 -1.0518 0.0000 0.0000 -0.0000 -0.0000 -0.0000 0.0000 -0.6737 5.1721 -10.9296 21.3479 5.6249 -83.6536 -0.0000 0.0000 8.6574 3.1944 -3.1208 -7.9668 0.0000 -0.0000 0.0000 0.0000 -0.0000 -0.0000 -12.756180 8.413410 -4.715645 44.031270 0.000000 0.000000 -3.884325 -10.263945 3.258285 -3.776975 0.000000 0.000000 -18.389930 -2.316320 -3.458270 1.655740 0.000000 0.000000 -5.129430 6.887625 0.477990 -13.855385 0.000000 0.000000
4.5118 8.8107 24.8743 8.4463 2.2185 0.6527 -0.6987 3.0516 0.2147 -1.3803 0.7056 0.6011 12.9250 11.8967 5.1124 -2.8232 5.1430 -0.7291 -22.8645 21.7564 7.0075 0.7869 10.0670 -4.5953 5.0808 -12.9827 11.2562 -26.9602 -28.0129 3.9217 0.0000 0.0000 23.0462 -10.9097 2.7908 -0.3088 0.0000 0.0000 0.0000 0.0000 0.0000 -0.0000 -0.5833 5.0443 -9.3645 21.6439 7.0033 -83.7898 -0.0000 0.0000 8.4219 0.8031 -4.2825 -8.1979 -0.0000 -0.0000 0.0000 0.0000 -0.0000 0.0000 -14.493155 9.317130 -7.981430 42.662940 0.000000 0.000000 -5.531625 -7.978975 -0.314860 -3.238585 0.000000 0.000000 -16.826185 -2.813910 -2.570445 1.744905 0.000000 0.000000 -4.675700 7.481435 -0.652170 -13.984500 0.000000 0.000000
4.6128 8.2948 24.9701 7.3941 3.0068 0.8181 -0.4145 3.2998 0.0908 -1.2791 0.6276 0.5323 13.6727 10.7021 4.9178 -2.2720 4.9675 -0.7174 -20.9158 21.8164 6.7481 2.2234 10.2162 -4.1124 5.0000 -12.0652 10.7096 -28.5006 -24.6426 3.8406 0.0000 0.0000 25.7517 -6.4095 4.7534 0.5226 0.0000 0.0000 -0.0000 0.0000 -0.0000 0.0000 -0.6084 4.8538 -8.3719 21.8715 9.0897 -84.1793 -0.0000 0.0000 8.7059 0.1527 -5.1131 -8.2531 -0.0000 -0.0000 -0.0000 -0.0000 0.0000 0.0000 -15.559225 10.165600 -11.322355 39.472805 0.000000 0.000000 -5.954160 -6.910865 -1.633975 -2.147780 0.000000 0.000000 -15.020870 -3.272655 -1.173385 1.873680 0.000000 0.000000 -4.321930 7.602730 -2.426120 -12.990595 0.000000 0.000000
4.6822 7.7999 25.0518 6.5535 3.8403 0.9129 -0.3048 3.6486 -0.0469 -1.2638 0.5132 0.4633 14.3610 9.4722 4.6486 -1.8061 4.6170 -0.6800 -19.0927 21.3127 6.3063 3.7914 10.1712 -3.7138 4.5897 -11.2372 10.2818 -30.5564 -21.6371 4.0666 0.0000 0.0000 28.3743 -4.0509 6.2924 1.1604 0.0000 -0.0000 -0.0000 -0.0000 0.0000 0.0000 -0.4397 4.8512 -7.7436 22.0701 9.9128 -84.4638 -0.0000 0.0000 8.9512 1.1169 -5.5749 -8.2786 -0.0000 0.0000 0.0000 0.0000 -0.0000 -0.0000 -16.559335 10.650015 -14.133730 34.753435 0.000000 0.000000 -5.365025 -6.891315 -0.746235 -1.277465 0.000000 0.000000 -13.674980 -3.817675 0.628190 2.474715 0.000000 0.000000 -4.062595 6.759105 -4.521625 -10.820290 0.000000 0.000000
4.7100 7.3318 25.1212 6.0608 4.9486 0.9803 -0.3531 3.7120 -0.1492 -1.3433 0.4476 0.4062 14.8228 8.2502 4.3013 -1.3854 4.1977 -0.6429 -17.1816 20.4572 5.6972 5.2453 10.0488 -3.4020 3.8032 -10.4510 9.8813 -32.5391 -19.3970 4.7436 0.0000 0.0000 31.1000 -1.2281 8.0939 1.2334 -0.0000 0.0000 0.0000 -0.0000 -0.0000 0.0000 -0.1461 4.8835 -7.2514 22.4043 9.7418 -84.7282 -0.0000 0.0000 8.9019 1.8540 -5.6551 -8.1557 0.0000 -0.0000 0.0000 0.0000 0.0000 -0.0000 -17.573555 10.367220 -15.962845 28.556680 0.000000 0.000000 -3.326385 -6.559220 1.501250 -0.716890 0.000000 0.000000 -13.021160 -4.722500 2.451695 3.654515 0.000000 0.000000 -3.679840 5.376835 -6.693800 -8.982420 0.000000 0.000000
4.7038 6.8731 25.1716 5.7570 6.1920 1.0219 -0.5274 3.4611 -0.1778 -1.4551 0.3579 0.3612 15.1150 7.1730 4.0266 -0.9493 3.8272 -0.5945 -15.1173 19.5180 4.8571 6.5869 9.8409 -3.2703 2.8758 -9.5664 9.4003 -33.9017 -17.8513 5.8838 0.0000 0.0000 33.9785 2.7603 9.9894 0.9045 0.0000 -0.0000 0.0000 -0.0000 0.0000 -0.0000 0.0053 4.7179 -6.8409 22.9926 10.1469 -85.2447 -0.0000 0.0000 8.7294 1.9367 -5.4208 -7.8742 0.0000 -0.0000 -0.0000 -0.0000 0.0000 0.0000 -18.435370 9.459590 -16.443095 21.265805 0.000000 0.000000 -0.389295 -5.137595 3.670110 -0.360740 0.000000 0.000000 -12.638745 -5.837360 3.766050 4.949660 0.000000 0.000000 -3.330830 3.791925 -8.480585 -8.587000 0.000000 0.000000
4.6900 6.3806 25.1952 5.1261 6.7499 1.1820 -0.5597 3.6515 -0.1564 -1.4618 0.2154 0.3213 15.3101 6.3046 3.9092 -0.4852 3.5060 -0.4961 -12.8897 18.5564 3.7767 7.9234 9.6234 -3.4295 2.0733 -8.6010 8.7927 -34.6575 -16.7088 7.3272 0.0000 0.0000 36.8186 6.3032 11.1634 0.7308 0.0000 -0.0000 -0.0000 0.0000 0.0000 -0.0000 -0.0090 4.3428 -6.5022 23.8589 11.4946 -86.1389 -0.0000 0.0000 8.5248 2.1322 -5.0462 -7.5942 -0.0000 -0.0000 -0.0000 0.0000 0.0000 -0.0000 -18.945115 9.033825 -16.004410 14.256450 0.000000 0.000000 2.161385 -3.733735 4.844045 -0.308210 0.000000 0.000000 -11.557545 -6.328150 4.256755 5.667740 0.000000 0.000000 -3.433340 2.415010 -9.322595 -8.984290 0.000000 0.000000
4.6759 5.8544 25.2008 4.2484 6.4559 1.7357 -0.4918 4.4110 -0.1306 -1.3735 0.0904 0.2977 15.4659 5.6616 3.7964 -0.0327 3.2068 -0.4021 -10.4761 17.4707 2.4380 9.2309 9.2965 -3.9475 1.4426 -7.8031 8.0961 -35.0854 -15.8666 8.9497 -0.0000 0.0000 39.3717 8.6417 11.5720 0.9381 -0.0000 -0.0000 -0.0000 0.0000 -0.0000 -0.0000 -0.0853 4.0194 -6.1746 24.9284 12.7204 -87.2614 -0.0000 0.0000 8.2365 2.4443 -4.5610 -7.3626 0.0000 0.0000 -0.0000 0.0000 -0.0000 0.0000 -19.791970 9.634265 -15.659650 9.468060 0.000000 0.000000 3.618540 -3.605470 5.149705 -0.456025 0.000000 0.000000 -9.795325 -6.052920 4.254715 5.717550 0.000000 0.000000 -3.973430 1.879340 -9.550650 -9.204270 0.000000 0.000000
4.6542 5.3144 25.2042 3.2483 5.9096 2.7234 -0.3259 5.0960 -0.1162 -1.2234 0.0106 0.2736 15.5729 5.2308 3.6147 0.4024 2.9567 -0.3616 -7.8532 16.1919 0.8218 10.4015 8.5591 -4.8523 0.9093 -7.1821 7.3771 -35.2120 -15.4742 10.7545 -0.0000 0.0000 41.4079 10.3745 11.8566 1.2292 -0.0000 -0.0000 0.0000 -0.0000 -0.0000 0.0000 -0.2686 3.9600 -5.7376 26.1352 13.1930 -88.4974 -0.0000 0.0000 7.9626 2.4331 -3.9241 -7.1139 0.0000 -0.0000 0.0000 0.0000 -0.0000 0.0000 -21.297575 10.820440 -15.692205 7.569755 0.000000 0.000000 4.173250 -4.173015 5.215240 -0.564910 0.000000 0.000000 -7.646610 -5.621205 4.159685 5.289745 0.000000 0.000000 -4.564775 2.217980 -9.814745 -9.166275 0.000000 0.000000
4.6209 4.7538 25.2015 1.9034 5.3847 4.0062 0.0657 5.5294 -0.1394 -0.9602 -0.0565 0.2425 15.6242 4.8767 3.4468 0.8534 2.7556 -0.3239 -5.0614 14.5546 -1.0160 11.4138 7.4011 -6.1123 0.4274 -6.4400 6.6694 -34.7636 -15.6052 12.7194 -0.0000 0.0000 42.7598 11.8424 12.2958 1.3291 -0.0000 -0.0000 0.0000 -0.0000 -0.0000 0.0000 -0.5758 3.9392 -5.2050 27.4604 13.3080 -89.8775 -0.0000 0.0000 7.8113 2.3937 -3.3141 -6.8735 0.0000 -0.0000 -0.0000 0.0000 -0.0000 0.0000 -22.921160 12.209425 -15.352035 7.830705 0.000000 0.000000 4.385410 -3.960175 5.053825 -0.622285 0.000000 0.000000 -5.036770 -5.291915 3.822150 4.569030 0.000000 0.000000 -5.077495 2.791645 -10.110460 -9.178855 0.000000 0.000000
4.5649 4.1579 25.1867 0.2429 4.8899 5.5876 0.5692 5.8642 -0.1695 -0.6485 -0.0490 0.2219 15.7848 4.4466 3.2483 1.3266 2.4342 -0.2370 -2.3862 12.3874 -2.8848 12.3283 6.1526 -7.5956 0.0475 -5.6263 5.8562 -33.6267 -15.9770 15.0073 -0.0000 0.0000 43.3593 12.8877 12.6752 1.2715 -0.0000 0.0000 -0.0000 0.0000 -0.0000 0.0000 -0.8780 3.7489 -4.7736 28.7720 13.3106 -91.2506 -0.0000 0.0000 7.6447 2.7449 -2.9185 -6.7470 0.0000 0.0000 0.0000 0.0000 -0.0000 -0.0000 -24.046900 13.488505 -14.125145 8.921595 0.000000 0.000000 4.746745 -2.410115 4.332260 -0.661300 0.000000 0.000000 -2.203380 -5.128460 3.050435 3.952100 0.000000 0.000000 -5.769820 3.184940 -10.308510 -9.139500 0.000000 0.000000
4.4777 3.5387 25.1616 -1.1436 4.5103 7.4422 0.7504 6.0482 -0.1344 -0.5318 0.0890 0.2220 16.2597 3.9355 2.9312 1.7794 1.9308 -0.1144 -0.2165 9.7801 -4.5518 13.1520 4.9991 -9.0788 -0.2194 -5.1553 4.9518 -32.0858 -16.1896 17.6050 -0.0000 0.0000 43.3962 13.7549 12.8578 1.1494 0.0000 0.0000 0.0000 0.0000 -0.0000 0.0000 -1.0671 3.6048 -4.5867 29.8141 12.9254 -92.2532 -0.0000 0.0000 7.3308 3.0142 -2.6499 -6.7534 -0.0000 0.0000 0.0000 -0.0000 0.0000 0.0000 -24.674455 14.377775 -12.173715 9.666705 0.000000 0.000000 5.459215 -0.441175 3.553660 -0.712215 0.000000 0.000000 0.050395 -5.282905 2.289515 3.956350 0.000000 0.000000 -6.819485 3.558345 -10.793690 -8.847525 0.000000 0.000000
4.3593 2.9067 25.1252 -1.9471 4.3717 9.2135 0.4247 5.9956 -0.0305 -0.6939 0.1855 0.2276 16.9644 3.4105 2.6561 2.1818 1.4005 0.0443 1.2938 7.1164 -5.8618 13.8509 3.8138 -10.3601 -0.4106 -5.0800 4.2394 -30.4617 -16.1742 20.1072 -0.0000 0.0000 43.1684 14.8511 12.9136 0.9807 0.0000 0.0000 -0.0000 0.0000 0.0000 -0.0000 -1.2111 3.7986 -4.5588 30.5271 12.3616 -92.7122 -0.0000 0.0000 6.9993 2.7300 -2.2772 -6.8472 -0.0000 0.0000 0.0000 0.0000 -0.0000 0.0000 -25.071065 14.741830 -9.473350 9.648940 0.000000 0.000000 6.024635 0.603645 3.332320 -0.790160 0.000000 0.000000 1.443970 -5.839570 2.187175 4.664570 0.000000 0.000000 -8.132565 4.063840 -11.925210 -8.478455 0.000000 0.000000
4.2136 2.2524 25.0690 -2.4371 4.3901 10.5804 -0.1416 5.8700 0.0690 -0.9167 0.0464 0.2046 17.5339 2.8866 2.6405 2.5406 0.9530 0.2345 2.2453 4.6873 -6.8011 14.4133 2.4990 -11.3680 -0.5302 -5.0013 3.8864 -28.6762 -16.1414 22.2116 -0.0000 0.0000 42.8056 15.8742 12.8073 0.8703 -0.0000 0.0000 0.0000 0.0000 -0.0000 0.0000 -1.3565 4.1400 -4.6106 31.0048 12.2856 -92.7411 -0.0000 0.0000 6.8346 2.3399 -1.6887 -7.0327 -0.0000 0.0000 -0.0000 0.0000 -0.0000 0.0000 -25.269455 14.678505 -6.757940 9.158490 0.000000 0.000000 5.868065 0.333430 3.824130 -0.769335 0.000000 0.000000 2.448330 -6.659140 2.778265 5.744580 0.000000 0.000000 -9.585130 4.595600 -13.449940 -8.290010 0.000000 0.000000
4.0489 1.5838 24.9830 -2.6900 4.2271 11.6755 -0.6662 5.8162 0.1139 -1.0912 -0.0931 0.1906 17.7961 2.4051 2.7148 2.8094 0.5088 0.4415 2.6756 2.4782 -7.5034 14.8098 1.1627 -12.1217 -0.5497 -4.8242 3.6996 -26.4986 -16.0155 24.1318 -0.0000 0.0000 42.2381 16.2038 12.3640 1.0089 -0.0000 -0.0000 -0.0000 -0.0000 0.0000 -0.0000 -1.4848 4.1994 -4.8762 31.1836 12.6192 -92.3692 -0.0000 0.0000 6.8118 2.3556 -0.9408 -7.2710 -0.0000 0.0000 -0.0000 0.0000 0.0000 -0.0000 -25.283735 14.495160 -5.725870 8.535525 0.000000 0.000000 5.396060 -0.372070 5.008860 -0.677705 0.000000 0.000000 3.221405 -7.383680 3.497620 7.010740 0.000000 0.000000 -11.117680 5.144530 -14.858305 -8.193110 0.000000 0.000000
3.8713 0.9128 24.8630 -2.4997 3.6602 12.6272 -1.1732 5.7904 0.1766 -1.3269 0.0317 0.2155 17.9303 2.0855 2.7063 2.9162 0.0580 0.6064 2.5138 0.4457 -8.0749 15.0223 -0.1232 -12.6749 -0.3407 -5.0053 3.5682 -24.1491 -15.2760 26.1992 -0.0000 0.0000 41.3523 15.9091 11.5503 1.3672 0.0000 -0.0000 -0.0000 -0.0000 -0.0000 -0.0000 -1.6427 4.0250 -5.3651 30.8933 12.5846 -91.4669 -0.0000 0.0000 6.7990 2.5877 -0.2068 -7.3919 -0.0000 0.0000 0.0000 -0.0000 -0.0000 0.0000 -25.265375 14.342245 -6.373060 7.836060 0.000000 0.000000 5.386965 -0.682150 6.160100 -0.793135 0.000000 0.000000 3.704630 -7.755810 3.980165 8.255905 0.000000 0.000000 -12.561745 5.833030 -15.938995 -8.024555 0.000000 0.000000
3.6799 0.2117 24.7138 -1.9944 2.7740 13.2396 -1.7641 5.7756 0.3147 -1.6196 0.2012 0.2570 18.0561 1.9985 2.7482 2.8880 -0.2880 0.7383 1.8443 -1.3012 -8.5715 15.1898 -1.4479 -13.0596 0.1633 -5.6878 3.6700 -22.1170 -13.9443 28.1916 -0.0000 0.0000 40.1612 15.5264 10.6079 1.7435 0.0000 0.0000 -0.0000 -0.0000 -0.0000 -0.0000 -1.8777 4.0321 -5.8623 30.1492 12.1919 -90.0635 -0.0000 0.0000 6.8062 2.7791 0.2365 -7.2645 0.0000 0.0000 -0.0000 -0.0000 -0.0000 0.0000 -25.287220 14.107390 -7.024160 7.424320 0.000000 0.000000 5.432525 -1.156535 5.931195 -1.156340 0.000000 0.000000 4.364655 -7.827040 4.352720 9.019460 0.000000 0.000000 -13.734660 6.627440 -16.699915 -7.939470 0.000000 0.000000
3.4747 -0.5508 24.5419 -1.4487 1.6504 13.5985 -2.3506 5.8407 0.4623 -1.8742 0.2575 0.2871 18.0280 2.0841 2.8151 2.8086 -0.5250 0.8456 0.8811 -2.8257 -9.0177 15.4205 -2.8677 -13.2359 0.7470 -6.4386 3.9471 -20.2736 -12.9280 29.9445 -0.0000 0.0000 38.6379 15.0659 9.8986 2.0799 0.0000 0.0000 -0.0000 -0.0000 -0.0000 0.0000 -2.1096 4.2330 -6.3348 29.0330 12.3570 -88.2574 -0.0000 0.0000 6.8590 3.0222 0.3060 -7.0065 0.0000 0.0000 0.0000 -0.0000 0.0000 -0.0000 -25.179610 13.787365 -7.959925 8.097605 0.000000 0.000000 4.287830 -2.575355 4.601115 -1.400375 0.000000 0.000000 5.535360 -7.700475 4.636365 9.135485 0.000000 0.000000 -14.597070 7.444885 -17.144550 -8.123580 0.000000 0.000000
3.2507 -1.3615 24.3394 -0.5241 0.2325 14.2246 -3.0685 5.9389 0.5434 -2.1948 0.5936 0.3468 17.8797 2.3237 2.5163 2.6468 -0.7870 0.8077 -0.3963 -4.3753 -9.3586 15.4784 -4.3523 -13.0657 1.1248 -7.1815 4.0631 -17.8168 -12.3280 32.0644 0.0000 0.0000 36.5160 13.9004 9.4740 2.5518 0.0000 -0.0000 0.0000 0.0000 -0.0000 0.0000 -2.3697 4.4343 -7.0173 27.5004 13.0569 -85.6635 -0.0000 0.0000 6.6786 3.1893 0.4553 -6.9243 -0.0000 0.0000 0.0000 -0.0000 0.0000 0.0000 -24.745345 13.576905 -10.885625 9.768620 0.000000 0.000000 2.457100 -4.275695 4.431795 -1.328465 0.000000 0.000000 6.463730 -7.368380 4.601175 9.201530 0.000000 0.000000 -15.254630 8.437345 -17.467465 -8.344410 0.000000 0.000000
2.9684 -2.2184 24.1042 0.9300 -0.9494 14.6866 -4.2009 5.4000 0.6745 -2.8615 1.3412 0.4776 18.1206 2.9044 1.9295 2.3120 -0.9920 0.6039 -2.3134 -5.9283 -9.3907 15.0811 -5.9664 -12.4123 1.2468 -8.4936 4.2115 -14.2978 -10.7439 35.1313 0.0000 0.0000 33.4939 11.7666 8.8358 3.2632 -0.0000 0.0000 0.0000 0.0000 0.0000 0.0000 -2.8052 5.2416 -7.8291 25.3584 12.5032 -81.5994 -0.0000 0.0000 5.9523 2.8005 1.2292 -7.1284 -0.0000 -0.0000 -0.0000 0.0000 -0.0000 0.0000 -24.158080 12.766770 -13.361080 11.526080 0.000000 0.000000 2.303335 -5.132240 5.452985 -1.172575 0.000000 0.000000 6.812740 -7.336080 4.780270 9.644295 0.000000 0.000000 -15.801690 9.787315 -17.957405 -8.400680 0.000000 0.000000
2.5524 -3.1729 23.8752 1.9190 -0.3879 13.1855 -5.6221 3.1271 1.0292 -3.8792 1.5401 0.5651 19.0507 3.9520 1.9865 1.8226 -0.9025 0.4615 -4.8741 -7.2457 -8.9619 14.4177 -7.8912 -11.2075 1.3065 -10.3775 5.0670 -10.2052 -7.7938 38.7706 0.0000 0.0000 29.5486 9.1742 7.6364 3.8619 -0.0000 -0.0000 0.0000 -0.0000 -0.0000 0.0000 -3.2473 7.5850 -8.3425 22.4949 9.6400 -76.1146 -0.0000 0.0000 4.9149 2.0590 2.1851 -7.2526 -0.0000 0.0000 -0.0000 0.0000 -0.0000 0.0000 -24.239935 9.422105 -10.503805 13.731915 0.000000 0.000000 3.869545 -4.557215 4.741875 -0.600950 0.000000 0.000000 7.783100 -8.973435 6.673645 10.182005 0.000000 0.000000 -16.117890 11.345960 -18.527500 -8.949015 0.000000 0.000000
1.9974 -4.2279 23.7122 1.6635 2.1226 9.4700 -6.3994 0.0941 1.3926 -4.5296 0.3115 0.3824 19.4822 4.6730 2.9583 1.3477 -0.5909 0.6029 -7.0741 -8.5545 -8.2002 13.9105 -10.1469 -9.5013 1.5523 -11.1174 6.3790 -6.0535 -6.5810 42.7763 0.0000 0.0000 24.7363 6.5096 6.3768 3.7989 -0.0000 0.0000 -0.0000 -0.0000 -0.0000 0.0000 -3.2902 10.4841 -8.4947 19.2274 6.8734 -70.5499 -0.0000 0.0000 4.2428 1.9279 2.1038 -6.8121 -0.0000 0.0000 -0.0000 -0.0000 0.0000 -0.0000 -25.215905 3.548605 -3.550890 17.974180 0.000000 0.000000 3.962620 -3.209880 1.729900 0.506345 0.000000 0.000000 10.158510 -12.353460 10.365280 11.180840 0.000000 0.000000 -15.604745 12.618580 -18.855855 -10.942690 0.000000 0.000000
1.4366 -5.2746 23.6985 0.5882 4.2556 6.7682 -5.8602 -1.1874 1.1988 -4.1848 -0.8394 0.1342 18.3660 4.0174 3.5015 1.0367 -0.6693 0.8339 -8.0320 -10.8557 -7.5688 13.4073 -12.4916 -7.5439 1.7321 -9.4526 6.9461 -1.6157 -10.1912 47.8512 0.0000 0.0000 19.0476 3.5835 5.5724 2.9823 -0.0000 0.0000 0.0000 -0.0000 -0.0000 -0.0000 -2.9160 11.5277 -8.6161 16.0584 6.9241 -66.3567 -0.0000 0.0000 4.1063 2.4864 0.9682 -5.9862 0.0000 -0.0000 0.0000 -0.0000 0.0000 0.0000 -25.275660 -1.088145 -0.155310 22.622830 0.000000 0.000000 1.239135 -2.048440 0.063390 0.979285 0.000000 0.000000 11.862080 -15.606580 12.398395 14.460905 0.000000 0.000000 -13.260105 12.915400 -19.003840 -13.794015 0.000000 0.000000
0.9844 -6.1975 23.8659 -0.3684 4.0057 7.3533 -4.6558 -0.2841 0.7343 -3.3972 -0.3528 0.1570 16.7274 2.9292 2.4360 0.7668 -1.5642 0.7904 -8.4765 -14.7744 -7.6961 12.4677 -14.6990 -5.9744 1.2372 -6.5412 6.5522 3.6246 -17.1901 53.3027 0.0000 0.0000 13.3138 0.6257 4.3019 2.1467 0.0000 -0.0000 0.0000 -0.0000 -0.0000 0.0000 -2.8232 10.0325 -9.2779 13.6732 8.7045 -63.5696 -0.0000 0.0000 3.5168 2.6153 0.5369 -5.6288 -0.0000 0.0000 0.0000 -0.0000 -0.0000 -0.0000 -23.460655 -1.872185 -1.148450 24.668780 0.000000 0.000000 -2.304260 -1.166055 -0.047535 0.734145 0.000000 0.000000 9.548125 -17.288475 9.316805 21.479950 0.000000 0.000000 -8.848435 11.766200 -18.766775 -14.972710 0.000000 0.000000
0.6208 -6.9783 24.0939 -0.7576 2.5708 9.8254 -3.3886 0.9071 0.3725 -2.6890 0.7936 0.2825 15.2989 2.4696 0.7493 0.4438 -2.6139 0.6111 -9.3656 -19.1862 -8.7304 11.1968 -16.4232 -5.4564 0.4755 -4.1396 6.0895 9.0757 -22.9350 57.4294 0.0000 0.0000 9.1000 -0.9240 0.9023 1.7163 -0.0000 0.0000 -0.0000 -0.0000 -0.0000 -0.0000 -3.3832 7.6126 -10.6470 12.0882 9.7395 -61.7674 -0.0000 0.0000 1.8461 1.8177 1.4979 -6.1608 0.0000 -0.0000 0.0000 -0.0000 0.0000 0.0000 -20.577030 -1.144330 -2.977990 23.934040 0.000000 0.000000 -4.319780 0.136060 -0.161435 0.423895 0.000000 0.000000 3.633060 -17.589800 3.814415 30.911295 0.000000 0.000000 -3.440905 9.326530 -18.263320 -13.164590 0.000000 0.000000
0.2862 -7.6979 24.2627 -1.0865 2.0138 11.0127 -2.4176 0.8593 0.2621 -2.2243 1.1794 0.3390 14.3662 2.4751 0.3802 0.1432 -3.2284 0.7350 -10.6207 -22.0231 -10.1312 10.1470 -17.3474 -5.8523 0.2906 -2.9827 6.0694 13.0723 -24.7470 59.6243 0.0000 0.0000 7.2033 -0.1655 -3.4668 1.5968 0.0000 -0.0000 -0.0000 -0.0000 -0.0000 0.0000 -4.1741 6.1607 -12.1996 10.1005 9.8034 -60.7681 -0.0000 -0.0000 -0.0268 0.8734 2.0400 -6.9678 -0.0000 0.0000 -0.0000 0.0000 -0.0000 0.0000 -17.793960 -1.777750 -3.058145 22.362220 0.000000 0.000000 -5.020605 1.688755 -0.803695 0.324530 0.000000 0.000000 -2.183915 -18.101755 0.850635 39.520435 0.000000 0.000000 0.477680 6.409585 -16.861585 -11.326635 0.000000 0.000000
-0.0187 -8.4094 24.3631 -1.4910 2.1502 9.8456 -1.9691 0.2552 0.3365 -2.0211 0.8553 0.3629 13.9481 2.4292 1.5513 -0.0155 -3.5662 1.2272 -11.3848 -22.6522 -11.0644 9.6544 -17.5720 -6.3171 0.7317 -2.9476 6.1675 15.0038 -24.0986 60.7735 0.0000 0.0000 6.9993 1.1963 -5.4282 1.7251 0.0000 -0.0000 0.0000 -0.0000 -0.0000 0.0000 -4.7185 5.7531 -13.2910 7.1451 10.1703 -60.3953 -0.0000 -0.0000 -0.9814 0.2883 0.7382 -7.3153 0.0000 -0.0000 0.0000 -0.0000 0.0000 0.0000 -15.646605 -3.193510 -2.214775 21.517915 0.000000 0.000000 -6.025900 2.522860 -0.777685 0.269875 0.000000 0.000000 -6.201440 -19.328305 1.076990 45.348460 0.000000 0.000000 1.298355 4.467420 -13.501280 -10.977030 0.000000 0.000000
-0.2620 -9.1097 24.4307 -1.6708 1.6941 7.9082 -1.8530 0.0841 0.3898 -1.9475 0.7457 0.4228 13.7121 2.3311 2.7848 -0.0260 -3.8567 1.7077 -11.2973 -22.2047 -11.1684 9.5808 -17.4508 -6.2973 1.2793 -3.4573 5.9835 15.8027 -23.9052 62.1888 0.0000 0.0000 7.5028 0.5641 -3.8528 1.6860 0.0000 -0.0000 -0.0000 0.0000 -0.0000 -0.0000 -5.0960 5.3752 -13.7672 4.1811 10.7752 -60.1826 -0.0000 -0.0000 -1.0807 -0.1472 -1.3574 -7.2355 0.0000 0.0000 0.0000 0.0000 -0.0000 0.0000 -13.874015 -3.627605 -2.475470 21.348595 0.000000 0.000000 -7.670650 2.604970 0.895115 0.233835 0.000000 0.000000 -9.005845 -20.088970 2.557010 47.852050 0.000000 0.000000 -0.023480 3.532590 -8.939330 -11.028115 0.000000 0.000000
-0.4483 -9.7973 24.4852 -1.8113 0.5105 6.4824 -1.7314 0.1624 0.3781 -1.8607 1.0148 0.4997 13.5211 2.5329 3.2728 0.0249 -3.9529 1.8703 -10.8923 -21.7345 -10.7260 9.6294 -17.2667 -5.9353 1.5719 -3.9110 5.7616 16.4455 -25.0956 64.0019 0.0000 0.0000 8.3776 -1.9845 -1.1211 1.7328 0.0000 0.0000 -0.0000 -0.0000 -0.0000 0.0000 -5.7174 4.7336 -13.8888 2.0938 10.6638 -59.7417 -0.0000 -0.0000 -1.0231 -0.2799 -2.2623 -7.1457 0.0000 0.0000 -0.0000 -0.0000 0.0000 -0.0000 -12.071760 -3.122620 -3.228995 21.303545 0.000000 0.000000 -9.204050 2.627750 2.967585 0.354960 0.000000 0.000000 -11.248230 -20.047915 3.866945 47.303120 0.000000 0.000000 -1.476385 2.872140 -5.288835 -10.789690 0.000000 0.000000
-0.6080 -10.4745 24.5278 -2.1122 -0.4578 5.2573 -1.5244 -0.1538 0.3665 -1.7534 1.1116 0.5287 13.4698 3.0832 3.5612 0.1099 -3.7327 1.8352 -10.6488 -21.2828 -10.1621 9.6335 -17.1094 -5.6207 1.6811 -3.8574 5.9042 17.0766 -26.6384 65.5845 0.0000 0.0000 9.4352 -3.9022 0.1482 1.9077 0.0000 0.0000 -0.0000 0.0000 0.0000 0.0000 -6.5630 4.1945 -13.8727 0.6385 9.9919 -59.3212 -0.0000 -0.0000 -1.0083 0.2463 -1.6907 -7.1825 0.0000 0.0000 0.0000 0.0000 -0.0000 -0.0000 -10.251740 -2.779560 -3.248545 21.282720 0.000000 0.000000 -10.470125 2.590350 4.289845 0.625090 0.000000 0.000000 -12.955115 -20.180940 5.148320 44.383540 0.000000 0.000000 -2.220475 2.484285 -3.778470 -10.339020 0.000000 0.000000
-0.7463 -11.1433 24.5567 -2.3810 -0.9095 3.7391 -1.3925 -0.8184 0.3743 -1.6863 0.9733 0.5470 13.5160 3.6542 4.1768 0.2157 -3.4126 1.8594 -10.5217 -20.7027 -9.6985 9.5585 -16.9493 -5.4771 1.7655 -3.3269 6.2653 17.6080 -27.4802 66.8298 0.0000 0.0000 10.1135 -3.8744 0.0444 1.9364 -0.0000 0.0000 -0.0000 0.0000 0.0000 0.0000 -7.2701 3.8128 -13.7155 -0.5418 9.5627 -59.4249 -0.0000 -0.0000 -0.8419 0.9824 -0.8838 -7.1861 -0.0000 -0.0000 -0.0000 -0.0000 -0.0000 0.0000 -8.508475 -2.721590 -3.095460 21.172985 0.000000 0.000000 -11.710020 2.094290 5.524980 0.897345 0.000000 0.000000 -14.133045 -20.756730 6.905270 39.695450 0.000000 0.000000 -2.515170 2.343440 -3.977370 -9.744530 0.000000 0.000000
-0.8513 -11.8043 24.5691 -2.3784 -1.3698 2.1593 -1.3578 -1.2759 0.3757 -1.6363 0.9093 0.5731 13.3887 4.1240 4.9640 0.2648 -3.2555 1.9846 -10.3663 -20.2457 -9.3391 9.5171 -16.8113 -5.3564 1.7284 -2.7477 6.4498 18.2576 -27.6784 68.0274 0.0000 0.0000 10.0591 -3.0134 -0.1473 1.8825 -0.0000 -0.0000 -0.0000 -0.0000 -0.0000 -0.0000 -7.6874 3.4387 -13.4480 -1.1801 9.1846 -59.9877 -0.0000 -0.0000 -0.6632 1.1749 -0.3962 -7.1052 0.0000 0.0000 -0.0000 0.0000 -0.0000 0.0000 -6.854800 -2.365950 -3.678645 20.813180 0.000000 0.000000 -12.900445 1.548080 7.477430 1.123615 0.000000 0.000000 -15.192145 -20.975180 8.725375 33.882130 0.000000 0.000000 -2.268245 1.955925 -4.987000 -9.126325 0.000000 0.000000
-0.9186 -12.4566 24.5599 -2.1371 -2.0571 0.7064 -1.3050 -1.4321 0.3710 -1.5572 1.0479 0.6283 13.0175 4.4693 5.6447 0.1949 -3.1994 2.1265 -10.2534 -20.0490 -8.9839 9.6656 -16.7719 -5.1274 1.5309 -2.3590 6.4886 18.9395 -27.8293 69.0559 0.0000 0.0000 9.7061 -2.6111 -0.0851 1.6752 0.0000 0.0000 -0.0000 -0.0000 -0.0000 -0.0000 -7.9865 3.1742 -13.2102 -1.2352 8.4254 -60.4375 -0.0000 -0.0000 -0.7322 0.9595 0.0742 -7.0975 0.0000 0.0000 -0.0000 0.0000 -0.0000 0.0000 -5.497520 -1.676855 -4.431065 20.587080 0.000000 0.000000 -14.056445 1.495295 9.593335 1.322770 0.000000 0.000000 -16.547385 -20.463650 9.837175 27.774710 0.000000 0.000000 -1.215520 1.229515 -6.179720 -8.641740 0.000000 0.000000
-0.9470 -13.1187 24.5281 -1.9353 -2.5966 -0.9186 -1.1741 -1.6587 0.3758 -1.4174 1.1074 0.6586 12.6000 4.7125 6.3188 0.0961 -3.0688 2.2560 -10.1798 -19.8208 -8.5376 9.9536 -16.8265 -4.7880 1.4169 -1.9530 6.6484 19.2127 -28.2722 69.6073 0.0000 0.0000 9.7983 -2.6626 0.0141 1.3256 0.0000 0.0000 -0.0000 0.0000 0.0000 0.0000 -8.2890 3.0637 -12.9855 -1.2649 7.9716 -60.4902 -0.0000 -0.0000 -0.8612 0.9433 0.5031 -7.1605 -0.0000 -0.0000 0.0000 -0.0000 0.0000 0.0000 -4.413600 -1.049895 -4.470930 20.857465 0.000000 0.000000 -15.276620 1.477020 11.178415 1.390090 0.000000 0.000000 -18.005645 -19.718030 10.330005 22.024800 0.000000 0.000000 0.394720 0.965505 -7.361560 -8.604510 0.000000 0.000000
-0.9318 -13.8238 24.4807 -1.9553 -2.8725 -2.8954 -0.9996 -2.0642 0.3641 -1.2654 1.0264 0.6543 12.3260 4.8146 7.0503 0.0825 -2.8326 2.3815 -9.9660 -19.4102 -7.9666 10.1767 -16.8726 -4.3853 1.5157 -1.4466 6.9088 19.0657 -28.9087 69.8451 0.0000 0.0000 10.4911 -2.8772 0.2639 1.1201 -0.0000 0.0000 0.0000 0.0000 0.0000 -0.0000 -8.5405 2.9507 -12.5893 -1.4746 8.3170 -60.3373 -0.0000 -0.0000 -0.7117 1.1434 0.6851 -7.1484 0.0000 0.0000 0.0000 -0.0000 -0.0000 0.0000 -3.115990 -0.442145 -4.199355 21.173920 0.000000 0.000000 -16.436870 0.921035 12.696685 1.242360 0.000000 0.000000 -19.181025 -18.948440 10.725935 16.883830 0.000000 0.000000 2.077805 1.858685 -8.724875 -9.615755 0.000000 0.000000
-0.8829 -14.5791 24.4226 -2.0403 -3.0974 -5.0026 -0.8529 -2.4061 0.3230 -1.1269 0.9225 0.6354 12.1101 4.8440 7.6658 0.0867 -2.6027 2.4738 -9.5639 -19.0627 -7.3335 10.3563 -16.8529 -3.9643 1.6342 -1.1318 7.0971 18.9358 -29.5278 70.1217 0.0000 0.0000 11.3359 -3.3006 0.7119 1.1927 0.0000 -0.0000 0.0000 0.0000 -0.0000 0.0000 -8.6695 2.8277 -12.0355 -1.4713 8.6903 -60.0525 -0.0000 -0.0000 -0.3636 1.3273 0.8374 -7.0812 -0.0000 0.0000 -0.0000 0.0000 0.0000 -0.0000 -1.411910 0.383545 -4.320055 20.968560 0.000000 0.000000 -17.443270 0.246475 14.704640 1.003850 0.000000 0.000000 -20.337705 -17.970175 10.735030 12.701320 0.000000 0.000000 3.385105 3.662045 -10.166645 -11.606540 0.000000 0.000000
-0.8229 -15.3700 24.3595 -2.0860 -3.3376 -7.1498 -0.6516 -2.4875 0.3598 -0.9339 0.8267 0.6075 11.7669 4.8026 8.1136 0.0021 -2.4621 2.5370 -9.1633 -18.9360 -6.7716 10.6822 -16.7983 -3.5920 1.6753 -1.0724 7.2240 18.9745 -30.0487 70.4497 0.0000 0.0000 11.9919 -3.6062 1.0919 1.2458 -0.0000 -0.0000 -0.0000 -0.0000 0.0000 0.0000 -8.6989 2.7733 -11.5561 -1.1496 8.7629 -59.5090 -0.0000 -0.0000 -0.0505 1.6310 1.1788 -7.0425 0.0000 -0.0000 -0.0000 0.0000 0.0000 -0.0000 0.442365 1.381615 -4.587975 20.402715 0.000000 0.000000 -18.295055 -0.254940 16.894835 0.771545 0.000000 0.000000 -21.919470 -16.912520 10.463200 10.245585 0.000000 0.000000 3.588595 5.465235 -11.247760 -13.199780 0.000000 0.000000
-0.7674 -16.1856 24.2950 -1.9808 -3.4161 -9.4641 -0.4403 -2.3531 0.4993 -0.7271 0.6241 0.5807 11.3519 4.6423 8.5482 -0.1170 -2.4018 2.6435 -8.9412 -18.9337 -6.3894 11.0527 -16.7553 -3.3297 1.7464 -0.9326 7.3816 19.0369 -30.4843 70.7494 0.0000 0.0000 12.4559 -3.2613 1.3519 1.0448 0.0000 0.0000 -0.0000 0.0000 0.0000 -0.0000 -8.7424 2.6133 -11.2056 -0.8341 9.3652 -58.8754 -0.0000 0.0000 0.3615 2.1629 1.5264 -6.9470 -0.0000 -0.0000 -0.0000 -0.0000 -0.0000 -0.0000 2.091450 2.315765 -4.290560 19.876055 0.000000 0.000000 -18.733315 -1.174980 18.666150 0.349690 0.000000 0.000000 -23.944935 -16.009990 11.306570 9.714675 0.000000 0.000000 2.388735 6.737515 -11.721295 -13.557885 0.000000 0.000000
-0.7090 -17.0427 24.2171 -1.6598 -3.4940 -11.8901 -0.3859 -1.9594 0.6455 -0.6577 0.3162 0.5486 11.0660 4.4552 8.9946 -0.1993 -2.3587 2.7758 -8.8877 -19.0492 -6.1583 11.1742 -16.8183 -3.2011 1.7854 -0.6099 7.5495 19.3035 -30.7865 71.2694 0.0000 0.0000 12.5536 -2.7350 1.6068 0.8852 -0.0000 -0.0000 0.0000 0.0000 0.0000 -0.0000 -8.8982 2.2220 -10.7868 -0.4669 10.4612 -58.6557 -0.0000 0.0000 1.1273 2.8294 1.8031 -6.7093 -0.0000 -0.0000 -0.0000 0.0000 0.0000 -0.0000 3.573425 3.323695 -3.521055 19.328230 0.000000 0.000000 -18.759410 -2.554190 20.083695 -0.442680 0.000000 0.000000 -25.833210 -14.823815 13.568165 9.790665 0.000000 0.000000 0.905145 7.623980 -11.005340 -13.536040 0.000000 0.000000
-0.6448 -17.9588 24.0999 -1.0256 -3.7339 -14.0939 -0.6455 -1.3831 0.7463 -0.7345 0.0531 0.5341 10.9086 4.4149 9.2499 -0.3338 -2.3500 2.8434 -9.0107 -19.4147 -6.0676 11.0917 -17.1036 -3.2164 1.5449 -0.3921 7.7492 20.0630 -31.0575 72.0632 0.0000 0.0000 11.8793 -3.1031 1.7166 1.0469 0.0000 -0.0000 0.0000 0.0000 -0.0000 -0.0000 -9.1275 2.0092 -10.3212 0.2123 10.7887 -59.1176 -0.0000 0.0000 2.0854 3.8213 2.1444 -6.4244 0.0000 0.0000 0.0000 0.0000 0.0000 0.0000 4.976265 4.468900 -2.990315 18.611170 0.000000 0.000000 -18.975140 -3.354635 21.484495 -1.413210 0.000000 0.000000 -27.488585 -13.015100 16.245750 9.291545 0.000000 0.000000 0.541770 8.141630 -9.239975 -13.793590 0.000000 0.000000
-0.5947 -18.9566 23.9355 -0.3017 -3.7338 -16.0229 -1.0075 -1.0600 0.8883 -0.8140 -0.0666 0.5335 10.7923 4.5230 9.4087 -0.5643 -2.4258 2.8690 -9.4809 -19.9317 -6.2808 11.1141 -17.5457 -3.3986 1.1147 -0.1768 8.0590 21.1312 -31.7715 72.7736 0.0000 0.0000 10.4063 -4.3500 1.5674 1.1708 -0.0000 -0.0000 -0.0000 -0.0000 -0.0000 0.0000 -9.2340 2.4126 -10.1434 0.7069 10.3559 -60.0749 -0.0000 0.0000 2.8186 5.1372 2.3497 -6.2289 0.0000 0.0000 0.0000 0.0000 -0.0000 -0.0000 6.545705 5.413165 -2.779175 17.836990 0.000000 0.000000 -19.368265 -3.471935 22.851295 -2.309025 0.000000 0.000000 -28.803195 -11.065795 18.594470 8.403295 0.000000 0.000000 1.161420 8.540620 -7.691360 -13.671190 0.000000 0.000000
-0.5829 -20.0613 23.7254 0.3851 -3.0021 -18.0689 -1.3604 -1.2801 1.0252 -0.9202 -0.2847 0.5337 10.8008 4.7044 9.8546 -0.7553 -2.5041 2.9711 -10.3868 -20.3349 -6.8357 11.2390 -17.8799 -3.6716 0.9301 0.3419 8.4933 22.1013 -32.9223 73.2397 0.0000 0.0000 8.7401 -5.4835 1.3138 0.8308 -0.0000 -0.0000 0.0000 -0.0000 0.0000 0.0000 -9.1898 3.3118 -10.3295 0.4785 10.5360 -61.2029 -0.0000 0.0000 3.0907 5.9811 2.1800 -6.1710 0.0000 -0.0000 -0.0000 0.0000 -0.0000 0.0000 8.422420 5.865450 -2.154085 17.087800 0.000000 0.000000 -18.976415 -4.052145 24.003300 -3.399150 0.000000 0.000000 -29.142515 -9.521175 20.155240 7.565025 0.000000 0.000000 1.663940 9.675710 -7.834925 -12.935175 0.000000 0.000000
-0.6070 -21.2772 23.4496 1.2927 -2.0692 -20.5093 -2.0082 -1.3853 0.9917 -1.2759 -0.8664 0.5022 11.0608 5.0090 10.5824 -0.9432 -2.4503 3.1226 -11.6630 -20.7693 -7.3983 11.2581 -17.9575 -3.8799 1.0268 0.4230 9.1231 22.8765 -33.6117 73.3916 0.0000 0.0000 7.5871 -5.8635 0.5847 0.3544 -0.0000 0.0000 -0.0000 0.0000 0.0000 0.0000 -9.2278 4.5218 -10.3721 0.1581 10.9050 -62.4830 -0.0000 0.0000 3.1048 5.8682 2.1099 -6.3447 0.0000 0.0000 -0.0000 0.0000 0.0000 -0.0000 10.258505 6.355220 -1.230135 16.448515 0.000000 0.000000 -17.911025 -5.122465 25.298020 -5.080280 0.000000 0.000000 -28.398340 -8.026450 19.450250 6.809970 0.000000 0.000000 2.411940 11.537975 -9.349625 -12.533210 0.000000 0.000000
-0.6527 -22.5621 23.1330 2.2070 -2.1876 -23.0613 -2.9423 0.1247 0.8357 -1.9236 -1.6687 0.4439 11.6818 5.4838 11.0874 -1.5361 -2.4352 3.1851 -13.6005 -21.7699 -7.8702 11.1997 -17.8872 -4.0060 1.1364 -1.7574 10.2757 22.8694 -32.9061 72.0277 0.0000 0.0000 7.1751 -5.4934 -1.3455 0.3202 0.0000 0.0000 -0.0000 -0.0000 -0.0000 0.0000 -9.4765 6.5929 -10.0558 0.4633 9.3354 -64.0086 -0.0000 0.0000 3.2865 6.0155 2.4114 -6.5964 -0.0000 -0.0000 -0.0000 0.0000 0.0000 0.0000 11.497975 8.022750 -1.807455 16.633305 0.000000 0.000000 -17.377310 -5.550185 27.858730 -7.228400 0.000000 0.000000 -28.103050 -6.119900 15.240965 7.974300 0.000000 0.000000 3.992175 11.733220 -9.982705 -12.491815 0.000000 0.000000
-0.7335 -23.8406 22.8879 2.7182 -2.3900 -25.1033 -3.4130 2.4663 0.3828 -2.4647 -2.1420 0.4271 12.5548 5.8684 11.4024 -2.7255 -2.8836 3.2795 -16.6168 -22.9743 -8.7713 11.0953 -17.8004 -4.2568 1.5136 -6.0357 12.1656 21.1774 -31.3657 67.8578 0.0000 0.0000 7.3270 -4.8815 -3.7320 0.6023 -0.0000 -0.0000 -0.0000 -0.0000 -0.0000 -0.0000 -9.6066 9.6542 -10.2009 0.9162 6.8712 -65.4286 -0.0000 0.0000 3.7258 7.4322 2.0546 -6.5741 -0.0000 0.0000 -0.0000 -0.0000 0.0000 0.0000 11.734020 10.165600 -3.725055 18.851975 0.000000 0.000000 -15.772085 -6.037745 31.998060 -9.329005 0.000000 0.000000 -30.584965 -5.008780 9.461390 15.388595 0.000000 0.000000 4.116020 8.915385 -9.001890 -11.309890 0.000000 0.000000
-0.9339 -25.1204 22.8276 2.2318 0.8696 -27.4248 -2.1230 2.0441 0.0663 -1.6529 -1.6898 0.5508 12.7088 5.3633 12.4258 -3.8117 -3.6563 3.7245 -19.7917 -22.6267 -10.1516 10.4082 -17.7871 -4.7475 2.6603 -8.6900 14.2429 18.3125 -31.2322 62.3946 0.0000 0.0000 7.6905 -5.2029 -4.1471 0.5542 0.0000 -0.0000 -0.0000 0.0000 0.0000 -0.0000 -8.9012 11.8431 -11.6719 1.0713 8.1130 -66.2686 -0.0000 0.0000 4.2383 8.6300 0.2282 -6.3994 0.0000 0.0000 0.0000 0.0000 -0.0000 0.0000 11.847240 10.172060 -2.120595 22.774385 0.000000 0.000000 -7.685015 -8.389015 36.144190 -10.275310 0.000000 0.000000 -32.394360 -7.348150 6.702885 26.295455 0.000000 0.000000 1.147990 5.192300 -8.960580 -9.098020 0.000000 0.000000
-1.1761 -26.2912 23.0430 1.9174 6.0449 -30.2566 0.0383 -0.2320 0.1810 -0.2810 -1.4613 0.6478 12.4042 4.6238 14.1316 -4.2784 -3.9890 4.3224 -22.3853 -20.6786 -11.2472 8.6435 -17.3841 -5.1855 4.0928 -8.6370 15.5809 15.6603 -32.5337 58.2484 0.0000 0.0000 8.0240 -7.0641 -2.0812 0.1387 -0.0000 -0.0000 -0.0000 0.0000 -0.0000 -0.0000 -7.6268 12.1889 -13.8445 1.5155 12.8866 -66.4397 -0.0000 0.0000 4.7689 8.0287 -1.3506 -6.8069 0.0000 0.0000 -0.0000 0.0000 -0.0000 -0.0000 10.657920 8.255905 3.823285 26.496875 0.000000 0.000000 7.923110 -13.141025 39.268110 -6.963965 0.000000 0.000000 -30.639875 -11.711285 5.948000 32.763105 0.000000 0.000000 -3.504145 3.272490 -8.550795 -8.204840 0.000000 0.000000
-1.3261 -27.2389 23.4475 3.5038 9.2597 -32.5624 1.0927 -1.7364 0.3695 0.1875 -1.7910 0.6206 12.0673 3.9576 14.9796 -4.4793 -3.7579 4.6147 -24.0478 -18.1113 -11.2593 6.6331 -16.1945 -5.0945 4.8620 -7.7203 15.8414 14.4601 -34.0748 56.5886 0.0000 0.0000 8.2681 -8.6417 -0.7770 0.0171 -0.0000 0.0000 0.0000 0.0000 -0.0000 0.0000 -6.2901 11.7804 -15.4038 3.1363 16.4222 -66.3203 -0.0000 0.0000 5.4619 7.2935 -0.3026 -7.4089 -0.0000 0.0000 0.0000 0.0000 -0.0000 0.0000 7.121410 6.059760 9.225970 28.714525 0.000000 0.000000 18.210660 -17.521500 39.451115 -2.184500 0.000000 0.000000 -27.981925 -14.432645 5.528100 33.144670 0.000000 0.000000 -6.925735 2.761640 -7.303505 -8.670895 0.000000 0.000000
-1.4040 -28.0469 23.9283 5.9301 10.0661 -33.2422 0.9737 -1.8074 0.3819 0.0062 -1.9372 0.5274 11.7675 2.8527 14.1295 -4.8449 -3.3794 4.4320 -24.9404 -15.2145 -10.1121 5.5378 -14.2675 -4.4265 4.7476 -7.8225 15.5320 13.9492 -34.6820 55.9206 0.0000 0.0000 8.3211 -7.9300 -2.8281 0.2120 -0.0000 0.0000 0.0000 0.0000 0.0000 0.0000 -4.8298 12.0078 -15.9650 5.8657 16.5026 -66.5753 -0.0000 0.0000 6.3571 8.8464 2.1683 -7.2092 0.0000 0.0000 -0.0000 -0.0000 0.0000 0.0000 2.572125 4.799805 10.133260 29.909115 0.000000 0.000000 14.583285 -19.251420 34.285155 -0.976990 0.000000 0.000000 -25.631760 -14.733885 4.852010 29.648195 0.000000 0.000000 -7.421795 2.158310 -6.265230 -9.181575 0.000000 0.000000
-1.4499 -28.8220 24.3653 7.6498 9.8249 -32.8151 0.7304 -1.1195 0.3567 -0.1108 -1.6420 0.4559 11.1896 1.2953 12.7144 -5.2308 -3.0151 4.1093 -25.1440 -11.5573 -8.1605 5.3669 -11.9820 -3.6029 4.1986 -8.1959 15.2069 12.7792 -34.3520 54.5045 0.0000 0.0000 8.2343 -5.6117 -6.0772 0.3560 0.0000 0.0000 -0.0000 0.0000 0.0000 0.0000 -3.2241 12.3140 -16.2181 8.6312 16.3069 -67.5050 -0.0000 0.0000 7.2745 11.5853 3.2598 -6.5434 0.0000 -0.0000 0.0000 -0.0000 0.0000 0.0000 -1.352240 5.155615 6.111400 29.486750 0.000000 0.000000 4.485625 -17.154810 26.760105 -1.492600 0.000000 0.000000 -23.346110 -14.107775 5.110410 25.565730 0.000000 0.000000 -6.496995 1.243030 -6.234545 -9.062745 0.000000 0.000000
-1.4796 -29.6082 24.6812 8.3117 10.0534 -32.7323 0.9890 -0.9053 0.3274 0.0423 -1.5664 0.4025 10.5023 0.1782 12.1234 -5.3146 -2.5413 3.9569 -24.7080 -7.6695 -5.8474 5.2538 -9.7897 -2.7965 3.6833 -7.7644 14.9631 11.2627 -32.3369 52.6451 0.0000 0.0000 8.4173 -3.8891 -6.9132 0.2974 -0.0000 -0.0000 0.0000 -0.0000 -0.0000 -0.0000 -1.8706 11.8587 -16.4142 10.6505 18.7541 -69.1558 -0.0000 0.0000 7.8181 12.4632 2.6777 -6.0055 -0.0000 -0.0000 0.0000 0.0000 0.0000 -0.0000 -4.137435 6.156065 0.895035 27.089070 0.000000 0.000000 -0.583010 -14.918545 22.770375 -1.060885 0.000000 0.000000 -20.624070 -13.944405 6.996220 22.858310 0.000000 0.000000 -6.517310 0.336845 -7.149400 -8.539400 0.000000 0.000000
-1.4979 -30.3930 24.8636 8.2227 10.8806 -33.4246 1.5565 -1.1105 0.2705 0.2046 -1.8119 0.3652 10.2248 -0.2824 12.2147 -5.1624 -2.1173 3.9253 -23.8767 -4.8521 -3.5795 4.7506 -7.9329 -1.7111 3.3821 -7.1891 14.6968 10.5271 -27.0979 51.3512 0.0000 0.0000 9.3651 -2.9397 -4.7609 0.2136 -0.0000 -0.0000 -0.0000 0.0000 -0.0000 -0.0000 -0.9648 11.3199 -16.1035 11.8333 22.8938 -71.0114 -0.0000 0.0000 7.6809 10.4208 1.8440 -5.9515 0.0000 0.0000 0.0000 -0.0000 0.0000 -0.0000 -6.210160 6.971895 -2.619035 23.370150 0.000000 0.000000 0.180120 -12.693670 22.510445 -0.791945 0.000000 0.000000 -17.466065 -13.967950 9.018625 21.374380 0.000000 0.000000 -7.602675 -0.470740 -7.790895 -8.017330 0.000000 0.000000
-1.5098 -31.1258 24.9398 8.0182 11.5581 -34.0932 1.7647 -1.0309 0.2227 0.2026 -1.8991 0.3339 10.4845 -0.6424 12.0153 -5.0074 -2.0220 3.8464 -23.0030 -3.5328 -1.6612 4.1366 -6.3866 -0.2327 3.2257 -7.4846 14.4186 10.4148 -18.7605 50.3500 0.0000 0.0000 11.0924 -0.8048 -1.4008 0.3971 0.0000 -0.0000 0.0000 -0.0000 -0.0000 0.0000 -0.3354 11.4567 -15.3502 12.1694 27.0723 -72.3336 -0.0000 0.0000 7.2002 6.9485 1.2533 -5.9921 0.0000 0.0000 -0.0000 0.0000 0.0000 -0.0000 -8.471755 7.506885 -4.758315 19.173785 0.000000 0.000000 3.883230 -8.339545 23.011690 -1.204790 0.000000 0.000000 -15.033620 -13.725360 10.166295 20.969185 0.000000 0.000000 -8.912695 -1.142155 -7.996935 -7.639080 0.000000 0.000000
-1.5314 -31.8008 24.9623 7.7849 12.1628 -33.9019 1.6523 -0.7560 0.1845 0.0797 -1.7750 0.2945 11.1586 -1.2134 11.1310 -4.8192 -2.1423 3.6743 -22.2965 -2.9258 -0.2561 3.8102 -5.2230 1.2322 2.9205 -8.1130 14.1331 10.1013 -10.2514 49.0816 0.0000 0.0000 13.1105 2.8386 1.7814 0.7796 -0.0000 -0.0000 -0.0000 -0.0000 -0.0000 -0.0000 0.0636 11.6852 -14.8195 11.8782 31.2105 -72.8346 -0.0000 0.0000 6.9501 3.8939 0.2360 -5.6691 0.0000 0.0000 -0.0000 0.0000 0.0000 -0.0000 -10.989965 7.723805 -6.620155 15.363065 0.000000 0.000000 9.323060 -4.077730 21.703880 -1.575220 0.000000 0.000000 -13.502685 -13.593440 11.166320 21.566140 0.000000 0.000000 -10.434110 -1.376840 -8.872860 -7.457605 0.000000 0.000000
-1.5716 -32.4560 24.9634 7.3164 13.0150 -32.8454 1.5374 -0.7263 0.1380 -0.0136 -1.8045 0.2078 11.9477 -1.6831 9.8398 -4.4626 -2.0943 3.3750 -21.6958 -2.3965 0.6569 3.9080 -4.6195 2.2369 2.2659 -7.9013 13.7065 9.2331 -4.6859 48.0226 0.0000 0.0000 14.8888 5.8803 4.2201 1.1178 0.0000 0.0000 -0.0000 -0.0000 0.0000 -0.0000 0.1627 11.0965 -14.6723 11.5961 35.1478 -72.8208 -0.0000 0.0000 7.1494 2.0880 -1.1417 -5.0613 -0.0000 -0.0000 -0.0000 0.0000 0.0000 -0.0000 -13.413060 7.757805 -7.932640 12.601755 0.000000 0.000000 14.362115 -3.234615 18.056275 -1.525580 0.000000 0.000000 -11.961975 -13.671045 12.371195 22.299775 0.000000 0.000000 -12.199135 -1.201570 -10.547445 -7.480130 0.000000 0.000000
-1.6230 -33.1087 24.9569 6.3839 13.6440 -31.2910 1.5736 -0.6775 0.0433 -0.0509 -1.9214 0.0976 12.5116 -1.7306 8.4141 -4.0094 -1.7896 2.9214 -21.0690 -2.1168 1.2311 4.3200 -4.4807 2.7535 1.5128 -7.0155 13.1910 7.8024 -2.2039 47.5696 0.0000 0.0000 16.2236 7.2391 5.7176 1.4698 0.0000 -0.0000 -0.0000 -0.0000 -0.0000 -0.0000 0.0989 9.9271 -14.4093 11.6592 37.9371 -72.6834 -0.0000 0.0000 7.5150 1.4258 -1.9783 -4.3296 0.0000 -0.0000 -0.0000 -0.0000 0.0000 0.0000 -15.944530 8.213915 -8.332990 11.674830 0.000000 0.000000 15.134595 -4.180495 13.845035 -1.287665 0.000000 0.000000 -9.917470 -13.245450 13.252900 22.312100 0.000000 0.000000 -13.595090 -0.991790 -12.182250 -7.529515 0.000000 0.000000
-1.6849 -33.7249 24.9536 5.2994 13.3707 -29.4609 1.5107 -0.1124 -0.1204 -0.0981 -1.8036 0.0266 12.6851 -1.4182 7.0462 -3.6088 -1.4638 2.3911 -20.3466 -2.2090 1.5666 4.7346 -4.3940 2.9744 0.9565 -6.2895 12.6958 6.0804 -1.1536 47.4308 0.0000 0.0000 17.2292 7.8174 6.7022 1.9051 0.0000 0.0000 -0.0000 -0.0000 0.0000 0.0000 0.1415 8.8468 -13.8707 11.8102 39.4267 -72.4654 -0.0000 0.0000 7.6167 1.3444 -2.2653 -3.6780 -0.0000 -0.0000 -0.0000 -0.0000 0.0000 -0.0000 -19.278145 9.352405 -8.654035 12.607535 0.000000 0.000000 12.352970 -3.444905 10.828555 -0.865640 0.000000 0.000000 -8.064810 -12.085795 13.740545 21.826665 0.000000 0.000000 -14.179210 -0.749455 -13.649520 -7.413745 0.000000 0.000000
-1.7800 -34.3147 24.9743 4.2228 12.8574 -27.1840 1.4492 0.5302 -0.3325 -0.1205 -1.5329 -0.0034 12.6678 -1.0082 5.7985 -3.2407 -1.1919 1.9036 -19.5385 -2.1542 1.7341 4.8655 -4.0498 2.9767 0.5663 -5.8402 12.0662 4.3682 -0.5807 47.3409 0.0000 0.0000 18.1788 8.5521 7.5887 2.1533 -0.0000 0.0000 -0.0000 0.0000 -0.0000 0.0000 0.3451 7.8990 -13.4234 11.8957 40.3835 -72.1714 -0.0000 0.0000 7.4160 1.3861 -2.7420 -3.3271 -0.0000 -0.0000 -0.0000 -0.0000 -0.0000 -0.0000 -22.585155 10.480525 -9.636635 13.859755 0.000000 0.000000 10.668780 -1.708270 9.013295 -0.357000 0.000000 0.000000 -6.408500 -11.025930 14.248420 21.293800 0.000000 0.000000 -14.227830 -0.239115 -15.528445 -7.245615 0.000000 0.000000
-1.9173 -34.9190 25.0189 3.3400 13.0797 -24.3208 1.3510 0.3944 -0.4923 -0.1175 -1.3651 -0.0539 12.8693 -0.8387 4.5421 -2.8651 -0.7785 1.4184 -18.8209 -1.3510 1.9270 4.8106 -3.3910 2.7289 0.1600 -5.4448 11.3183 2.7355 -0.3880 47.2087 0.0000 0.0000 19.2293 9.2929 8.2726 2.1277 0.0000 0.0000 -0.0000 0.0000 -0.0000 -0.0000 0.5951 6.9603 -13.1682 12.1092 40.9714 -72.0671 -0.0000 0.0000 7.2889 1.4810 -3.4338 -3.2536 0.0000 -0.0000 -0.0000 -0.0000 0.0000 0.0000 -24.785295 10.698890 -11.069905 14.046585 0.000000 0.000000 11.699660 -0.522010 7.230335 -0.334645 0.000000 0.000000 -4.678920 -10.897325 14.733770 20.821965 0.000000 0.000000 -14.265060 0.369655 -17.995400 -7.407625 0.000000 0.000000
-2.0824 -35.5516 25.0600 2.4190 13.8683 -21.0520 1.3687 -0.3071 -0.5982 -0.0935 -1.3807 -0.1431 13.2549 -0.9084 3.2472 -2.5536 -0.1467 0.8785 -18.3612 0.2765 2.3443 4.9627 -2.4315 2.2313 -0.2534 -5.1593 10.8157 1.1150 -0.5087 46.8852 0.0000 0.0000 20.2974 9.7774 8.8237 2.2322 -0.0000 -0.0000 -0.0000 -0.0000 -0.0000 -0.0000 0.8302 6.0183 -12.8047 12.5799 40.9495 -72.3473 -0.0000 0.0000 7.4438 1.6925 -3.9578 -3.1872 0.0000 -0.0000 0.0000 0.0000 -0.0000 0.0000 -25.859950 10.125565 -12.073330 13.237555 0.000000 0.000000 13.225920 0.123990 5.324975 -0.833000 0.000000 0.000000 -2.759620 -11.376725 14.786385 20.371210 0.000000 0.000000 -14.354055 0.946125 -20.505705 -8.135310 0.000000 0.000000
-2.2448 -36.1644 25.0653 1.5535 14.0631 -17.9051 1.4316 -0.6269 -0.7637 -0.0020 -1.4981 -0.2336 13.4092 -0.9215 2.2295 -2.3824 0.6224 0.3424 -18.1778 2.4589 3.0562 5.4267 -1.2682 1.5725 -0.5506 -5.0802 10.7993 -0.4909 -0.7485 46.1654 0.0000 0.0000 21.4500 10.2815 9.6413 2.6464 -0.0000 0.0000 0.0000 0.0000 -0.0000 -0.0000 1.0979 5.1162 -12.1881 13.1654 40.3332 -72.9406 -0.0000 0.0000 7.7171 1.7467 -4.2986 -2.9844 0.0000 -0.0000 -0.0000 -0.0000 0.0000 -0.0000 -27.084715 9.615055 -12.227690 12.516585 0.000000 0.000000 13.308200 0.445885 4.458060 -1.242020 0.000000 0.000000 -1.287420 -11.509665 14.209065 20.187525 0.000000 0.000000 -14.218140 1.631650 -22.393555 -9.209710 0.000000 0.000000
-2.3878 -36.7479 25.0299 0.6913 13.3915 -15.1072 1.6898 -0.4289 -0.9787 0.1867 -1.6256 -0.2947 13.2118 -0.6574 1.6951 -2.2992 1.4493 -0.1065 -18.0779 4.9079 3.9539 5.8993 -0.1056 0.9521 -0.7610 -5.0133 11.0517 -1.8854 -1.0533 45.0446 0.0000 0.0000 22.9702 10.9312 10.5622 2.9660 -0.0000 0.0000 0.0000 0.0000 0.0000 -0.0000 1.3098 4.3052 -11.4919 13.8256 39.4484 -73.7367 -0.0000 0.0000 7.9230 1.4192 -4.5149 -2.7899 0.0000 -0.0000 -0.0000 0.0000 0.0000 0.0000 -28.555810 9.397880 -12.230155 12.042030 0.000000 0.000000 12.614770 0.163685 5.372915 -1.246780 0.000000 0.000000 -0.108300 -10.882875 13.082220 20.103120 0.000000 0.000000 -14.009125 2.174290 -23.345810 -10.281050 0.000000 0.000000
-2.5150 -37.3537 24.9636 -0.2039 12.4845 -12.4562 2.0325 -0.3244 -1.1073 0.3846 -1.7153 -0.3286 13.0659 -0.2147 1.4413 -2.2125 2.2510 -0.4795 -17.8888 7.3224 4.8793 6.1650 1.0452 0.5706 -0.9610 -4.8482 11.2595 -2.8450 -1.2259 43.7986 0.0000 0.0000 24.6427 11.4223 11.0143 2.9849 0.0000 -0.0000 0.0000 -0.0000 -0.0000 -0.0000 1.2803 3.7670 -10.8711 14.5460 38.7344 -74.5986 -0.0000 0.0000 8.0819 1.1337 -4.5400 -2.7981 0.0000 -0.0000 0.0000 -0.0000 -0.0000 0.0000 -29.590260 8.940240 -12.331220 11.291225 0.000000 0.000000 12.449530 -0.277040 6.795305 -1.284350 0.000000 0.000000 1.374950 -9.896960 11.581630 19.654490 0.000000 0.000000 -14.374285 1.984655 -23.599790 -11.081410 0.000000 0.000000
-2.6422 -38.0236 24.8836 -1.0969 11.8670 -9.7338 2.2608 -0.5667 -1.1181 0.5136 -1.8047 -0.3621 13.3232 0.1445 1.2221 -2.0910 2.8979 -0.7889 -17.6721 9.4337 5.7618 6.3109 2.3863 0.4380 -1.0489 -4.7247 11.3916 -3.3926 -1.0516 42.7151 0.0000 0.0000 25.6991 11.6152 11.2631 3.1145 0.0000 -0.0000 0.0000 -0.0000 0.0000 -0.0000 1.1708 3.6378 -10.3165 15.0743 38.4500 -75.3829 -0.0000 0.0000 8.2826 1.3824 -4.6853 -3.0065 0.0000 -0.0000 0.0000 0.0000 -0.0000 0.0000 -30.054275 7.870345 -12.178390 10.429325 0.000000 0.000000 12.693905 -0.486225 6.947795 -1.362210 0.000000 0.000000 3.290935 -9.225715 10.061065 18.876740 0.000000 0.000000 -15.192495 1.357355 -23.910720 -11.527235 0.000000 0.000000
-2.7711 -38.7424 24.8037 -1.7929 11.3013 -6.8560 2.2980 -0.7267 -1.1488 0.5663 -1.8926 -0.4037 13.8070 0.2309 0.9782 -1.9265 3.3277 -1.0132 -17.5249 11.1082 6.5132 6.4655 3.8571 0.2935 -0.9470 -4.6912 11.5125 -3.6605 -0.8806 41.8233 0.0000 0.0000 25.8315 11.6379 12.0473 3.6070 0.0000 -0.0000 0.0000 0.0000 -0.0000 0.0000 1.3461 3.6923 -9.8545 15.3819 38.2760 -76.1444 -0.0000 0.0000 8.5165 1.8825 -5.2381 -3.2370 0.0000 -0.0000 -0.0000 0.0000 -0.0000 0.0000 -30.380165 6.511535 -12.217660 9.913205 0.000000 0.000000 12.880310 -1.023510 6.313270 -1.070490 0.000000 0.000000 4.979970 -9.006075 8.840975 18.397085 0.000000 0.000000 -15.554340 1.274310 -24.895870 -11.901405 0.000000 0.000000
-2.8870 -39.4806 24.7140 -2.0112 10.4770 -3.6851 2.1745 -0.7035 -1.2178 0.5321 -1.8742 -0.4304 14.1056 0.1399 0.6146 -1.7342 3.5462 -1.1765 -17.3653 12.3827 6.8208 6.6719 5.0027 -0.0798 -0.8199 -4.6718 11.5053 -3.5473 -1.1322 41.0114 0.0000 0.0000 25.4510 11.3219 12.9474 4.1416 0.0000 -0.0000 0.0000 0.0000 -0.0000 0.0000 1.6643 3.6343 -9.6655 15.9555 37.6755 -76.9458 -0.0000 0.0000 8.7003 2.1687 -5.5763 -3.3083 0.0000 0.0000 -0.0000 -0.0000 -0.0000 0.0000 -30.642305 5.227865 -13.049810 9.393600 0.000000 0.000000 13.231105 -1.984775 6.739035 -0.752590 0.000000 0.000000 5.858615 -8.986015 7.815365 18.559095 0.000000 0.000000 -15.496285 1.570620 -26.484860 -12.650255 0.000000 0.000000
-2.9785 -40.2408 24.5859 -1.6585 9.5660 -0.2672 1.9248 -0.9210 -1.2311 0.3891 -1.7024 -0.4329 14.1475 0.0504 0.1376 -1.5807 3.6434 -1.3401 -17.2084 13.2156 6.5612 6.8888 5.6777 -0.6119 -0.8977 -4.6868 11.3905 -2.8484 -1.5445 40.1324 0.0000 0.0000 24.8904 10.5036 12.8127 4.3464 -0.0000 -0.0000 -0.0000 -0.0000 -0.0000 0.0000 1.7188 3.4605 -9.7417 16.9767 36.7453 -77.6968 -0.0000 0.0000 8.8498 2.2924 -5.0772 -3.2329 0.0000 -0.0000 0.0000 -0.0000 -0.0000 -0.0000 -30.914730 3.943855 -13.544425 8.721760 0.000000 0.000000 13.508970 -2.599495 7.873360 -0.923525 0.000000 0.000000 6.125685 -8.999020 6.552775 19.020730 0.000000 0.000000 -16.082615 1.327945 -28.005170 -13.737915 0.000000 0.000000
-3.0438 -41.0611 24.4134 -1.1617 8.7183 3.0192 1.6496 -1.2674 -1.2552 0.2706 -1.5795 -0.4330 14.2287 -0.0487 -0.2365 -1.4810 3.6073 -1.4140 -17.3286 13.5322 6.1614 6.8846 6.1597 -1.0587 -1.0132 -4.7168 11.4211 -1.8075 -1.5725 39.1785 0.0000 0.0000 24.0088 9.6832 11.8153 4.2400 0.0000 0.0000 0.0000 0.0000 0.0000 0.0000 1.6447 3.2048 -9.9367 17.8314 36.3759 -78.1838 -0.0000 0.0000 8.9398 2.4931 -4.4633 -3.1462 0.0000 0.0000 -0.0000 0.0000 -0.0000 0.0000 -31.420735 2.612245 -12.757325 9.030310 0.000000 0.000000 12.063630 -2.768985 7.952495 -1.142230 0.000000 0.000000 6.577460 -8.910705 4.747545 19.318825 0.000000 0.000000 -17.192035 0.785645 -28.808845 -14.512860 0.000000 0.000000
-3.0633 -41.9904 24.2018 -1.0200 7.3296 6.2283 1.5199 -0.9080 -1.4069 0.2347 -1.4563 -0.4476 14.5078 -0.4541 -0.5822 -1.3317 3.3442 -1.3770 -17.7690 13.2602 5.9528 6.4724 6.4322 -1.2335 -0.8757 -4.6151 11.5490 -0.8825 -1.5759 38.4058 0.0000 0.0000 22.7970 9.4731 11.2158 4.0979 0.0000 0.0000 0.0000 0.0000 -0.0000 0.0000 2.0597 2.7198 -10.3069 17.9182 36.6251 -78.2664 -0.0000 0.0000 8.8966 2.5415 -4.2701 -3.1101 -0.0000 -0.0000 0.0000 -0.0000 0.0000 0.0000 -31.592520 1.796840 -12.115405 10.889005 0.000000 0.000000 8.543440 -3.076175 7.647515 -1.064115 0.000000 0.000000 7.837925 -8.225350 2.085430 19.209430 0.000000 0.000000 -17.582950 0.555975 -28.654995 -14.862975 0.000000 0.000000
-3.0128 -43.0372 23.9175 -0.6164 5.0992 10.0620 1.1393 -0.0051 -1.5609 0.0297 -0.9788 -0.4366 14.7600 -1.0863 -1.5677 -1.1519 2.8975 -1.4206 -18.2402 12.4093 5.5496 5.9625 6.0503 -1.1084 -0.6206 -4.6377 11.2934 -0.0070 -2.1258 38.2410 0.0000 0.0000 21.4648 9.2544 10.9106 4.0538 -0.0000 0.0000 -0.0000 -0.0000 0.0000 0.0000 2.6624 2.1189 -11.2352 17.4595 36.6176 -77.2447 -0.0000 0.0000 8.6397 2.4392 -3.5373 -3.0546 -0.0000 -0.0000 -0.0000 -0.0000 0.0000 0.0000 -30.793520 1.978060 -11.972775 12.873075 0.000000 0.000000 5.721610 -3.691065 8.407245 -1.308490 0.000000 0.000000 9.337155 -7.003135 -1.091700 18.861610 0.000000 0.000000 -17.834380 0.067140 -28.518570 -15.839455 0.000000 0.000000
-2.9105 -44.1445 23.5423 1.0074 3.1443 14.3440 0.0112 -0.0494 -1.4200 -0.6482 -0.2321 -0.3966 14.8314 -1.4430 -3.3270 -1.2054 2.6175 -1.7451 -18.9897 11.3165 4.8636 5.7782 4.9942 -0.8296 -0.8017 -5.3077 10.8891 1.2662 -2.8125 38.6590 0.0000 0.0000 19.9274 8.1151 9.2234 3.8645 -0.0000 0.0000 -0.0000 0.0000 -0.0000 -0.0000 2.6646 2.4484 -12.6063 16.3039 35.3309 -73.9457 -0.0000 0.0000 8.3977 2.7845 -1.7098 -2.8798 0.0000 -0.0000 0.0000 0.0000 -0.0000 -0.0000 -30.330865 2.389630 -9.159190 14.836235 0.000000 0.000000 5.516080 -3.626295 8.368485 -1.910035 0.000000 0.000000 9.641200 -6.406860 -2.697350 19.365235 0.000000 0.000000 -19.243510 -0.807000 -30.549390 -18.171685 0.000000 0.000000
-2.7971 -45.2638 23.1853 3.0014 2.3069 17.3120 -1.3121 -1.4159 -0.8556 -1.4936 0.0311 -0.4030 15.0104 -1.4288 -4.8525 -1.6391 2.7115 -2.2034 -20.6643 10.3913 4.7883 5.5096 3.8623 -0.4891 -1.4452 -6.4710 11.5148 2.7150 -2.8652 39.1096 0.0000 0.0000 17.8972 6.6165 5.8866 3.1270 0.0000 0.0000 -0.0000 -0.0000 -0.0000 0.0000 2.4519 4.4606 -13.5022 13.5139 32.1557 -68.3563 -0.0000 0.0000 8.4322 3.8333 -0.3495 -2.5252 0.0000 0.0000 -0.0000 0.0000 -0.0000 0.0000 -31.848200 1.858465 -2.547210 19.522625 0.000000 0.000000 5.324150 -2.495710 5.740965 -1.391025 0.000000 0.000000 8.088675 -6.978655 -1.077165 22.740330 0.000000 0.000000 -19.173470 0.056685 -34.871215 -20.299915 0.000000 0.000000
-2.6698 -46.3958 23.0188 3.0792 1.4810 18.4987 -1.0410 -2.2133 -0.3540 -1.5914 -0.6390 -0.5617 15.1827 -1.8640 -5.3807 -2.2462 2.7176 -2.4201 -22.6156 9.1346 5.6057 4.2380 2.8709 -0.0734 -1.7107 -6.9651 13.4511 3.5715 -2.9932 39.2880 0.0000 0.0000 15.6738 5.9771 2.9552 2.0889 -0.0000 0.0000 0.0000 -0.0000 -0.0000 -0.0000 3.0962 6.5419 -13.4052 9.4199 27.7380 -62.7276 -0.0000 0.0000 8.4367 4.6866 -0.9238 -1.9534 0.0000 0.0000 -0.0000 -0.0000 0.0000 -0.0000 -33.113510 1.065840 1.931100 26.847755 0.000000 0.000000 2.104435 -1.329255 3.782905 0.040290 0.000000 0.000000 5.667195 -8.094365 1.613510 29.906425 0.000000 0.000000 -11.530015 3.850660 -37.720245 -19.786260 0.000000 0.000000
-2.5685 -47.4717 23.1226 1.3980 0.8433 20.0470 0.5112 -1.9808 -0.4797 -0.9356 -1.2265 -0.7136 14.9067 -3.3312 -5.3887 -2.6780 1.8037 -2.1990 -23.0929 6.3332 5.5211 2.1137 1.2381 0.3186 -1.0485 -6.4115 14.8465 3.7701 -4.3286 39.6661 0.0000 0.0000 13.8568 5.7059 1.7340 1.4796 -0.0000 0.0000 -0.0000 0.0000 -0.0000 0.0000 4.1531 6.4081 -12.7489 6.0534 24.1144 -59.1999 -0.0000 0.0000 7.8156 4.4063 -1.8820 -1.5531 0.0000 -0.0000 0.0000 0.0000 -0.0000 0.0000 -31.542880 1.203370 1.387185 31.755740 0.000000 0.000000 -2.594875 -1.235925 3.285315 0.742900 0.000000 0.000000 2.407785 -10.298245 2.927440 38.346160 0.000000 0.000000 3.024705 11.453315 -36.600625 -14.588000 0.000000 0.000000
-2.5073 -48.4634 23.4635 -0.2851 0.5258 22.9918 1.7350 -1.5007 -0.6912 -0.3964 -0.9096 -0.6631 14.2193 -4.7141 -5.2290 -2.7550 -0.0742 -1.6080 -21.7542 1.4958 2.5474 0.6574 -1.6909 0.3125 -0.0036 -6.0726 13.5996 4.1892 -6.8224 40.8647 0.0000 0.0000 12.3661 4.3000 0.9091 1.4499 -0.0000 -0.0000 0.0000 -0.0000 -0.0000 0.0000 3.7464 4.3039 -12.6445 4.3052 22.3559 -57.1589 -0.0000 0.0000 6.5882 3.4466 -0.5618 -1.8135 0.0000 -0.0000 -0.0000 0.0000 0.0000 -0.0000 -27.149825 1.683025 -1.092860 31.359130 0.000000 0.000000 -5.489040 -1.589015 2.832690 0.396015 0.000000 0.000000 -1.563245 -13.131295 3.162975 44.870080 0.000000 0.000000 10.349070 18.686390 -32.070720 -10.151425 0.000000 0.000000
-2.4145 -49.3675 23.9002 -0.7308 -0.0258 25.5854 1.9654 -1.0015 -0.6022 -0.2663 -0.1434 -0.4522 13.1611 -5.0399 -4.3875 -2.6455 -2.0835 -0.6530 -20.2017 -4.2616 -2.3197 0.7433 -5.2528 -0.4741 0.4519 -6.0768 10.6112 5.2399 -9.9678 42.6383 0.0000 0.0000 10.7187 2.2482 -1.1483 1.4496 0.0000 -0.0000 -0.0000 0.0000 0.0000 0.0000 1.1737 2.4389 -14.1744 2.7663 21.4159 -54.1398 -0.0000 0.0000 5.3903 3.0460 2.4396 -2.0201 0.0000 -0.0000 0.0000 0.0000 -0.0000 0.0000 -21.993725 1.853450 -2.259485 27.183505 0.000000 0.000000 -5.605575 -1.069580 2.312660 -0.216495 0.000000 0.000000 -5.889490 -14.983105 4.032865 48.317765 0.000000 0.000000 6.002765 19.225715 -25.483390 -10.182535 0.000000 0.000000
-2.2756 -50.1693 24.2578 -0.3618 -0.2721 25.8338 1.6679 -1.0313 -0.3601 -0.2766 0.3270 -0.2309 11.9520 -4.7558 -2.5984 -2.5048 -3.5641 0.5359 -19.4904 -9.0931 -6.2923 1.6784 -8.0849 -1.7758 0.2617 -5.2549 8.6675 6.0943 -13.0379 44.3490 0.0000 0.0000 9.2385 1.3532 -3.5685 1.1263 0.0000 0.0000 -0.0000 0.0000 0.0000 -0.0000 -2.0195 1.6611 -16.3840 0.6463 18.7183 -49.4974 -0.0000 0.0000 4.4385 3.5804 3.8384 -1.5623 0.0000 -0.0000 0.0000 -0.0000 -0.0000 0.0000 -18.036805 1.469590 -1.838055 22.714375 0.000000 0.000000 -4.928465 0.200490 2.150480 -0.462655 0.000000 0.000000 -9.590305 -16.290915 6.142225 48.473315 0.000000 0.000000 -0.804630 15.031135 -21.543385 -10.948470 0.000000 0.000000
-2.1227 -50.8964 24.4559 -0.4250 -0.3921 24.1574 1.8731 -1.4411 -0.1372 -0.0847 0.3494 -0.0896 11.0937 -4.5535 -0.3486 -2.4462 -4.3978 1.6106 -19.3006 -11.9947 -8.3376 2.3743 -9.7364 -3.0504 0.3141 -4.0737 8.3957 5.7859 -14.5087 45.9626 0.0000 0.0000 9.0383 1.3969 -4.1901 0.8039 0.0000 -0.0000 0.0000 0.0000 0.0000 -0.0000 -4.3861 0.8673 -17.7736 -0.8729 12.9584 -44.6327 -0.0000 0.0000 3.2141 4.0322 2.6158 -1.2568 0.0000 0.0000 0.0000 0.0000 0.0000 0.0000 -15.144850 0.939530 -1.727810 20.163355 0.000000 0.000000 -5.415005 1.595255 3.167590 -0.395930 0.000000 0.000000 -12.291180 -17.511430 7.390535 46.344150 0.000000 0.000000 -3.300570 13.758090 -20.964960 -10.250790 0.000000 0.000000
-1.9736 -51.6049 24.5158 -1.1956 -0.8047 22.3892 2.6855 -1.7289 -0.0081 0.3071 0.2170 -0.0134 10.7399 -4.4891 1.6390 -2.5296 -4.7330 2.3542 -19.0706 -13.1836 -9.3839 2.3909 -10.8386 -4.2097 1.2768 -3.9617 8.3646 4.0719 -13.8765 47.7007 0.0000 0.0000 10.6258 0.4755 -1.8644 0.6464 0.0000 -0.0000 -0.0000 0.0000 -0.0000 -0.0000 -5.9345 -0.5718 -18.1828 -1.9890 6.6167 -40.2941 -0.0000 0.0000 1.6227 3.4784 0.2050 -1.5630 -0.0000 -0.0000 0.0000 0.0000 0.0000 0.0000 -12.506365 0.490475 -1.755520 19.351605 0.000000 0.000000 -6.786395 2.890145 4.242160 -0.294185 0.000000 0.000000 -14.377080 -18.147910 6.415755 42.607550 0.000000 0.000000 -2.415380 13.662295 -20.411440 -9.579885 0.000000 0.000000
-1.8180 -52.3082 24.5241 -1.9271 -1.2209 21.1850 3.1611 -1.8521 0.0644 0.5297 0.0435 0.0304 10.7672 -4.4939 3.0571 -2.5638 -4.7409 2.8116 -18.5656 -13.4283 -10.1006 2.1287 -11.9017 -5.2664 2.6548 -4.9370 8.0441 1.5230 -13.1845 49.3574 0.0000 0.0000 13.4572 -1.6249 2.4522 0.7641 0.0000 -0.0000 0.0000 0.0000 -0.0000 -0.0000 -7.4255 -2.2252 -18.0248 -4.2445 3.0940 -36.9076 -0.0000 0.0000 0.3557 2.0828 -1.8029 -2.0961 0.0000 -0.0000 -0.0000 -0.0000 0.0000 -0.0000 -10.206945 0.021955 -0.692425 19.210930 0.000000 0.000000 -8.010565 3.920345 4.070205 -0.298775 0.000000 0.000000 -16.321285 -17.935580 4.106560 37.249150 0.000000 0.000000 -0.313245 8.911390 -17.936750 -9.726255 0.000000 0.000000
-1.6428 -52.9951 24.5577 -2.1733 -1.3327 20.2019 2.7880 -1.8711 0.1185 0.4253 -0.1186 0.0480 10.9432 -4.6971 3.9045 -2.3406 -4.7095 3.1347 -17.6596 -13.4192 -10.3314 2.1157 -12.7551 -5.9731 3.2924 -5.6269 7.8347 -0.4535 -14.8313 50.7173 0.0000 0.0000 16.5097 -2.8926 5.9985 1.2937 0.0000 -0.0000 0.0000 -0.0000 0.0000 0.0000 -9.0664 -3.8374 -17.5638 -6.9199 2.5821 -34.7562 -0.0000 -0.0000 -0.0838 0.8327 -2.3431 -2.3395 0.0000 -0.0000 -0.0000 -0.0000 0.0000 0.0000 -8.286965 -0.294415 0.354945 18.826135 0.000000 0.000000 -8.978885 4.256605 3.847675 -0.400010 0.000000 0.000000 -18.220610 -17.317290 2.048710 30.515280 0.000000 0.000000 4.161240 0.889090 -14.310735 -10.057925 0.000000 0.000000
-1.4365 -53.6855 24.6210 -2.4145 -1.5679 19.4904 2.1954 -1.6522 0.1459 0.2629 -0.0527 0.0736 10.9153 -5.0556 4.2153 -1.9615 -4.8526 3.4048 -16.3923 -13.5212 -10.1844 2.3537 -13.1803 -6.3702 2.8860 -5.2982 7.6371 -0.6869 -18.3582 52.0680 0.0000 0.0000 18.5479 -2.3069 6.8341 1.7601 -0.0000 -0.0000 -0.0000 0.0000 -0.0000 -0.0000 -10.4482 -5.4137 -17.2025 -7.7014 2.6460 -33.5886 -0.0000 0.0000 0.0194 0.6958 -1.4919 -2.3439 -0.0000 -0.0000 0.0000 -0.0000 -0.0000 0.0000 -5.904160 -0.039670 -0.260285 17.682120 0.000000 0.000000 -9.868495 3.951030 5.092160 -0.552755 0.000000 0.000000 -19.866975 -16.573200 1.468500 23.708055 0.000000 0.000000 9.846465 -3.328950 -10.298225 -10.241865 0.000000 0.000000
-1.1917 -54.3870 24.6764 -3.1626 -2.3081 19.1413 2.1045 -1.3227 0.1638 0.3255 0.1959 0.1091 10.5720 -5.1565 4.3536 -1.6811 -5.0013 3.5995 -15.1230 -13.7211 -10.1853 2.5431 -13.4262 -6.8656 2.2705 -4.3871 7.1705 0.6186 -21.1326 53.9664 0.0000 0.0000 18.7024 -1.1941 5.8038 1.7548 -0.0000 -0.0000 0.0000 -0.0000 -0.0000 -0.0000 -11.3760 -6.7168 -17.2033 -6.5297 1.9568 -33.3701 -0.0000 0.0000 0.1553 1.2357 -0.1731 -2.5203 0.0000 0.0000 -0.0000 0.0000 -0.0000 0.0000 -2.803530 0.683085 -1.859560 16.342690 0.000000 0.000000 -10.461200 3.560540 7.175935 -0.751995 0.000000 0.000000 -21.292340 -15.505685 2.885790 18.589440 0.000000 0.000000 11.683825 -1.561460 -7.082930 -10.229710 0.000000 0.000000
-0.9163 -55.0636 24.7122 -4.3596 -3.0641 18.5878 2.4402 -1.4354 0.2065 0.5427 0.2651 0.1160 10.2934 -4.7778 4.7880 -1.5356 -4.8742 3.7144 -14.1761 -13.7525 -10.4099 2.5681 -13.7993 -7.5498 2.0673 -3.1631 6.7394 2.4812 -21.9850 56.2344 0.0000 0.0000 17.4695 -1.0561 4.8748 1.4847 0.0000 0.0000 0.0000 0.0000 0.0000 0.0000 -11.9279 -7.4313 -17.2630 -5.8641 1.5296 -33.8991 -0.0000 0.0000 0.1804 1.2945 0.4828 -2.8663 0.0000 0.0000 0.0000 -0.0000 0.0000 0.0000 0.109420 1.247570 -2.452690 15.899755 0.000000 0.000000 -10.740425 3.393175 8.441585 -1.057995 0.000000 0.000000 -22.604740 -14.266895 4.883035 15.170400 0.000000 0.000000 9.405910 2.274845 -6.446365 -9.839390 0.000000 0.000000
-0.6310 -55.6889 24.7521 -5.5461 -3.6444 17.4784 2.8007 -1.7568 0.2389 0.7075 0.1546 0.1231 10.3724 -4.2317 5.4477 -1.3975 -4.5528 3.7485 -13.5535 -13.6103 -10.4987 2.4971 -14.2091 -8.1285 2.0691 -1.8417 6.7473 4.1743 -21.7911 58.1407 0.0000 0.0000 16.2240 -1.6955 4.6895 1.3010 -0.0000 -0.0000 -0.0000 0.0000 -0.0000 -0.0000 -12.2292 -7.6307 -17.0575 -6.6403 2.3069 -34.6809 -0.0000 0.0000 0.1725 0.5795 0.2850 -3.1869 0.0000 0.0000 -0.0000 0.0000 0.0000 0.0000 2.249380 1.646645 -1.573280 16.471550 0.000000 0.000000 -10.954455 3.291005 8.409540 -1.603610 0.000000 0.000000 -23.915695 -12.880545 4.931400 12.250140 0.000000 0.000000 8.121135 4.571885 -8.006540 -9.692000 0.000000 0.000000
-0.3410 -56.3015 24.7941 -6.4971 -4.4837 16.1253 3.0617 -1.6325 0.3139 0.8440 0.1596 0.1347 10.5642 -3.7075 5.9075 -1.2266 -4.3194 3.7461 -13.0694 -13.5299 -10.4315 2.4233 -14.5124 -8.4785 1.9342 -0.7006 6.8474 5.4933 -21.9528 59.5125 0.0000 0.0000 15.7811 -1.9979 4.7200 1.2885 -0.0000 0.0000 -0.0000 -0.0000 0.0000 0.0000 -12.3491 -7.7825 -16.8151 -7.2663 3.5783 -35.3479 -0.0000 0.0000 0.1358 0.1690 0.0343 -3.4267 -0.0000 0.0000 0.0000 0.0000 0.0000 0.0000 4.187720 2.247595 -0.037670 17.121375 0.000000 0.000000 -11.252805 3.369800 7.512875 -2.355945 0.000000 0.000000 -25.106630 -11.101920 2.591350 9.569155 0.000000 0.000000 8.866330 4.446085 -9.765105 -9.874920 0.000000 0.000000
-0.0456 -56.9390 24.8018 -7.3828 -5.4794 14.7632 3.3221 -1.2522 0.4395 1.0030 0.3167 0.1622 10.6752 -3.1743 6.1261 -1.0568 -4.1386 3.7173 -12.6842 -13.5217 -10.4203 2.3366 -14.8152 -8.7154 1.7419 0.3258 6.6494 6.3558 -22.8474 60.6408 0.0000 0.0000 15.9585 -1.7907 4.5818 1.2898 -0.0000 0.0000 -0.0000 0.0000 0.0000 0.0000 -12.3275 -8.0533 -16.7655 -6.7091 4.2944 -35.9666 -0.0000 0.0000 0.0970 0.7800 0.2996 -3.4801 0.0000 0.0000 -0.0000 -0.0000 -0.0000 0.0000 6.474050 2.884755 1.815925 17.256950 0.000000 0.000000 -11.625615 3.997525 6.029200 -2.995910 0.000000 0.000000 -26.098580 -9.217640 -0.199370 7.799880 0.000000 0.000000 9.078660 3.752060 -10.631000 -9.982360 0.000000 0.000000
0.2506 -57.5719 24.7608 -8.2557 -6.1558 13.1749 3.5887 -1.0431 0.5319 1.1187 0.3032 0.1690 10.9403 -2.5737 6.3569 -0.9100 -3.7968 3.6321 -12.4998 -13.4218 -10.3604 2.1656 -15.2083 -8.8179 1.6364 1.2919 6.4714 6.6794 -23.5890 61.6261 0.0000 0.0000 16.2480 -1.6730 4.5032 1.2293 0.0000 0.0000 -0.0000 0.0000 0.0000 -0.0000 -12.1979 -8.0190 -16.7023 -5.8249 4.3953 -36.5281 -0.0000 0.0000 0.0677 1.6628 0.6111 -3.4522 -0.0000 0.0000 0.0000 -0.0000 0.0000 -0.0000 8.728250 3.396540 3.786480 17.265790 0.000000 0.000000 -12.192820 4.966270 4.576465 -3.317210 0.000000 0.000000 -26.891205 -7.716880 -1.887725 6.855785 0.000000 0.000000 8.404525 4.547320 -10.585950 -10.380755 0.000000 0.000000
0.5387 -58.1835 24.6922 -8.9501 -6.3855 11.3872 3.7414 -0.9880 0.5678 1.1723 0.1401 0.1554 11.3941 -2.0252 6.4907 -0.8157 -3.3709 3.4529 -12.4230 -13.3246 -10.0470 2.0307 -15.5892 -8.6597 1.4824 1.8912 6.6570 6.6992 -23.5952 62.3604 0.0000 0.0000 16.4784 -1.7733 4.7103 1.2290 -0.0000 -0.0000 0.0000 -0.0000 -0.0000 -0.0000 -11.9599 -7.4647 -16.4525 -5.4936 4.5671 -36.8917 -0.0000 0.0000 0.0215 1.9582 0.4226 -3.5131 0.0000 0.0000 0.0000 0.0000 0.0000 0.0000 10.486390 3.918780 5.221960 17.525550 0.000000 0.000000 -13.032620 5.733055 4.031785 -3.520700 0.000000 0.000000 -27.512130 -6.691355 -2.508310 6.193890 0.000000 0.000000 8.274985 6.175070 -10.138765 -11.281330 0.000000 0.000000
0.8159 -58.8118 24.6189 -9.1707 -6.4037 9.8549 3.6077 -0.7715 0.6110 1.1375 0.1188 0.1442 11.7062 -1.6835 6.2472 -0.7820 -3.1159 3.2144 -12.3192 -13.4765 -9.6474 2.2147 -15.8438 -8.2910 1.1710 2.0249 6.9188 6.7963 -23.6404 62.8101 0.0000 0.0000 16.8095 -1.7637 5.0341 1.3271 0.0000 0.0000 0.0000 -0.0000 0.0000 0.0000 -11.5798 -6.6946 -16.1340 -5.3878 5.2534 -37.2832 -0.0000 0.0000 0.0016 1.9929 0.0916 -3.5957 -0.0000 -0.0000 0.0000 0.0000 0.0000 -0.0000 11.646470 4.513100 5.863030 18.028070 0.000000 0.000000 -13.774415 6.176670 4.375695 -3.915100 0.000000 0.000000 -28.021450 -5.744285 -2.472100 5.831875 0.000000 0.000000 8.512050 6.755705 -9.742920 -11.927500 0.000000 0.000000
1.0835 -59.4850 24.5370 -8.9037 -6.1121 8.7188 3.1718 -0.4841 0.6195 0.9333 0.1456 0.1294 11.7948 -1.4957 5.7503 -0.7355 -2.9870 2.9812 -12.3037 -13.8894 -9.4651 2.7531 -15.9989 -7.8766 0.8879 2.0691 6.9437 6.9588 -24.4201 63.0249 0.0000 0.0000 17.3003 -1.6808 5.2069 1.4105 -0.0000 0.0000 0.0000 0.0000 0.0000 0.0000 -11.0946 -6.0002 -15.9555 -4.8556 6.2445 -37.8877 -0.0000 0.0000 0.1175 2.2392 0.1798 -3.6580 0.0000 0.0000 0.0000 0.0000 0.0000 0.0000 12.351630 4.822075 6.329680 18.685290 0.000000 0.000000 -13.996180 6.497970 4.726830 -4.580820 0.000000 0.000000 -28.230890 -4.824075 -2.187435 5.766000 0.000000 0.000000 8.076425 6.314725 -9.461485 -12.080925 0.000000 0.000000
1.3471 -60.1993 24.4311 -8.4627 -5.3531 7.6980 2.5749 -0.3890 0.5141 0.5662 0.0381 0.1060 11.9848 -1.3677 5.2105 -0.6477 -2.7641 2.7335 -12.5087 -14.3753 -9.4675 3.3604 -16.1820 -7.4938 0.8002 1.9970 6.9333 7.0263 -24.8813 63.1485 0.0000 0.0000 17.6200 -1.8859 5.1477 1.4385 0.0000 -0.0000 0.0000 -0.0000 0.0000 0.0000 -10.5432 -5.1838 -16.0192 -3.9331 6.9566 -38.3609 -0.0000 0.0000 0.3502 2.2081 0.4919 -3.9482 -0.0000 -0.0000 0.0000 -0.0000 0.0000 -0.0000 12.991255 4.727640 6.989620 19.248415 0.000000 0.000000 -13.873440 6.532905 4.762360 -5.580590 0.000000 0.000000 -27.805125 -4.174335 -1.940595 5.588435 0.000000 0.000000 7.526815 6.318805 -9.094625 -12.696835 0.000000 0.000000
1.6264 -60.9770 24.3023 -7.9548 -4.5822 6.7790 1.8296 -0.2301 0.4014 0.1608 -0.0268 0.0634 12.3013 -1.2924 4.4328 -0.6036 -2.5383 2.3767 -12.7505 -14.7743 -9.4108 3.9722 -16.4735 -7.1369 0.8347 1.3288 7.0505 7.2501 -24.0147 63.4404 0.0000 0.0000 17.4383 -2.3796 4.9997 1.4271 -0.0000 0.0000 -0.0000 0.0000 -0.0000 -0.0000 -9.7704 -3.9653 -16.0528 -3.2387 7.6219 -38.5622 -0.0000 0.0000 0.5832 1.3953 0.2289 -4.4755 -0.0000 0.0000 -0.0000 0.0000 0.0000 0.0000 13.961955 4.829980 7.173815 19.306215 0.000000 0.000000 -13.810200 6.028770 5.216430 -6.934980 0.000000 0.000000 -26.721205 -3.485070 -1.089490 5.472325 0.000000 0.000000 7.554270 6.938540 -8.580460 -13.742590 0.000000 0.000000
1.9278 -61.8523 24.1424 -7.0320 -3.7043 5.9576 0.7273 -0.1002 0.3654 -0.3221 0.1105 0.0343 12.3767 -1.4770 3.3657 -0.6666 -2.4665 1.9708 -12.8842 -14.8490 -9.1630 4.8932 -16.7467 -6.7993 0.8354 0.4423 7.0762 7.8963 -23.4998 63.8679 0.0000 0.0000 17.1664 -2.7313 5.0447 1.2814 -0.0000 0.0000 0.0000 -0.0000 0.0000 0.0000 -8.5168 -2.3141 -15.4648 -3.0902 9.2491 -38.9213 -0.0000 0.0000 0.5533 0.1456 -1.0114 -4.8590 -0.0000 0.0000 0.0000 0.0000 -0.0000 0.0000 14.864740 5.115155 6.673420 19.031665 0.000000 0.000000 -13.673435 5.318765 6.572690 -8.176915 0.000000 0.000000 -25.271190 -2.825385 1.011795 6.166265 0.000000 0.000000 7.073765 7.239610 -8.307100 -13.526435 0.000000 0.000000
2.2422 -62.8185 23.9190 -5.6839 -2.0732 4.3726 -0.7042 -0.3199 0.2104 -1.0233 -0.1380 -0.0292 12.3745 -1.9319 2.7371 -0.8186 -2.3028 1.7172 -13.2773 -14.5679 -8.7348 6.1044 -16.6983 -6.4030 0.8227 -0.2910 7.0358 8.4093 -24.9036 63.7516 0.0000 0.0000 17.8643 -2.6798 5.4271 1.0643 0.0000 -0.0000 0.0000 0.0000 0.0000 -0.0000 -6.8488 0.1059 -13.9765 -2.5421 11.2328 -39.4294 -0.0000 -0.0000 -0.2310 -1.0096 -2.7839 -5.0751 0.0000 0.0000 0.0000 -0.0000 -0.0000 -0.0000 15.165130 5.161990 6.354415 19.097540 0.000000 0.000000 -13.401180 4.835625 8.619830 -8.739955 0.000000 0.000000 -23.026170 -2.998360 3.288350 7.022555 0.000000 0.000000 5.793495 7.053035 -8.341100 -11.805015 0.000000 0.000000
2.6009 -63.8533 23.6485 -4.4493 -1.1371 1.3709 -2.1956 0.5993 -0.1474 -1.9938 -0.9359 -0.1466 13.3213 -2.5730 2.9185 -1.1119 -1.8465 1.6446 -14.4342 -14.6763 -8.2522 6.9707 -16.2653 -5.9662 0.8949 -2.7246 7.3323 8.0295 -25.3268 62.3176 0.0000 0.0000 19.9493 -2.5359 5.8008 1.1689 -0.0000 0.0000 -0.0000 0.0000 -0.0000 -0.0000 -5.2748 4.5523 -12.0760 -0.1476 10.4776 -39.4489 -0.0000 -0.0000 -1.7513 -2.2317 -4.0594 -5.4112 0.0000 0.0000 0.0000 0.0000 0.0000 0.0000 15.305125 6.505670 5.891930 19.700020 0.000000 0.000000 -13.557070 4.107600 11.550375 -9.153820 0.000000 0.000000 -19.298410 -2.803540 3.790105 6.132605 0.000000 0.000000 5.810495 6.660250 -7.377285 -10.394610 0.000000 0.000000
3.0716 -65.0163 23.4467 -4.6248 -4.4854 -1.6684 -3.3513 5.5612 0.0032 -3.1192 -0.8142 -0.1328 15.7442 -3.3891 2.6968 -1.6624 -1.6177 1.4348 -15.9978 -16.2081 -8.1536 7.2172 -15.8363 -5.7991 0.8923 -8.3573 7.9550 7.6122 -22.0264 59.8056 0.0000 0.0000 22.2853 -2.7626 5.9984 1.6677 0.0000 -0.0000 -0.0000 0.0000 -0.0000 0.0000 -4.4479 11.0907 -10.5972 4.0330 6.7299 -38.4894 -0.0000 -0.0000 -2.8245 -3.4763 -4.3521 -5.4894 -0.0000 -0.0000 0.0000 0.0000 0.0000 0.0000 16.812005 12.045035 2.899675 20.667915 0.000000 0.000000 -13.534885 2.230460 15.899910 -11.053400 0.000000 0.000000 -13.550625 1.288955 1.267900 2.061020 0.000000 0.000000 8.322840 6.220460 -3.752715 -9.925155 0.000000 0.000000
3.6015 -66.2708 23.4074 -5.8493 -10.7947 -2.5771 -4.3216 11.3686 1.0828 -3.8833 2.0919 0.4153 17.7622 -3.3102 0.8804 -2.2639 -2.3743 0.8075 -16.9176 -19.1097 -9.0773 7.3521 -15.7341 -6.2783 0.6424 -14.1496 7.9426 9.0142 -18.9156 57.5725 0.0000 0.0000 22.7850 -3.3140 6.4722 1.8558 0.0000 0.0000 0.0000 -0.0000 0.0000 0.0000 -4.3594 16.3626 -9.9735 8.0955 5.9148 -37.6337 -0.0000 -0.0000 -1.9572 -3.6937 -3.4853 -4.5725 0.0000 -0.0000 0.0000 -0.0000 0.0000 0.0000 18.744055 19.387930 -1.912770 23.656770 0.000000 0.000000 -10.576460 0.168020 19.989685 -13.831540 0.000000 0.000000 -7.487405 7.842285 -4.779425 -3.519315 0.000000 0.000000 10.839520 6.300020 1.940585 -9.480435 0.000000 0.000000
4.0897 -67.3386 23.5501 -6.1599 -14.6141 -1.0404 -4.5985 12.1126 1.4577 -3.7875 4.8860 1.0443 17.7633 0.4380 -1.4669 -2.5109 -3.1963 -0.0688 -17.7204 -22.0376 -11.2240 7.5930 -15.5405 -7.2897 0.5850 -16.6633 6.8657 11.8974 -19.4966 57.1314 0.0000 0.0000 19.9863 -3.9179 6.1902 0.9090 0.0000 -0.0000 0.0000 0.0000 -0.0000 -0.0000 -4.2043 18.0703 -10.3353 10.0411 11.0891 -38.4754 -0.0000 0.0000 1.0436 -2.0145 -0.7697 -3.3842 -0.0000 -0.0000 0.0000 -0.0000 0.0000 0.0000 16.424830 23.065115 -2.884150 31.716215 0.000000 0.000000 -3.317375 -0.970215 20.397345 -12.641710 0.000000 0.000000 -4.115795 11.861255 -11.930645 -5.527950 0.000000 0.000000 9.571405 6.469170 7.382880 -8.990580 0.000000 0.000000
4.4624 -68.0785 23.7450 -6.2160 -14.5764 -0.5197 -3.6602 9.6634 1.0452 -2.9971 3.8188 0.8050 16.3961 5.7028 -1.7762 -2.4464 -2.2426 -0.6374 -18.7384 -22.0587 -13.2125 7.5207 -14.8204 -8.2689 1.1834 -14.7055 6.2553 14.8558 -21.7578 58.6237 0.0000 0.0000 15.2614 -4.3383 2.1953 -0.8492 0.0000 -0.0000 0.0000 0.0000 0.0000 0.0000 -3.0896 17.4013 -11.6662 11.3500 17.8778 -40.6122 -0.0000 0.0000 3.9747 0.7252 3.9084 -3.5841 0.0000 -0.0000 -0.0000 -0.0000 0.0000 0.0000 8.418000 22.608835 2.079085 43.797945 0.000000 0.000000 4.792475 -3.668285 16.850380 -7.039275 0.000000 0.000000 -2.938885 12.893920 -12.856805 -3.830415 0.000000 0.000000 6.450205 5.236585 7.807115 -8.830185 0.000000 0.000000
4.6317 -68.6453 23.9023 -7.0758 -12.6046 -2.7027 -2.1456 7.8876 0.7514 -2.2113 1.5544 0.3489 15.5144 7.5576 -0.1767 -2.3894 -0.4865 -0.6123 -19.1537 -18.4397 -13.2181 6.6514 -13.2999 -8.8586 1.8681 -11.3328 6.8783 16.8771 -20.9021 60.2369 0.0000 0.0000 12.2905 -3.2259 -5.6440 -1.8091 0.0000 0.0000 0.0000 0.0000 0.0000 -0.0000 -1.3008 16.5783 -12.7906 15.1334 20.3858 -44.4028 -0.0000 0.0000 4.7338 2.3462 8.7136 -5.5921 -0.0000 -0.0000 -0.0000 0.0000 0.0000 -0.0000 -0.837140 19.130210 8.608870 55.231465 0.000000 0.000000 6.652020 -6.498445 11.697935 -4.263345 0.000000 0.000000 -2.137675 12.101635 -8.370420 -1.390575 0.000000 0.000000 4.300300 2.866190 4.702150 -8.720535 0.000000 0.000000
4.6311 -69.2264 24.0502 -8.4050 -10.6721 -5.4174 -0.9496 7.9387 0.7313 -1.7024 0.6761 0.1796 15.8049 6.5583 0.8586 -2.3656 0.1255 -0.3987 -18.7714 -13.7774 -11.4152 5.3480 -10.9676 -8.9354 2.2193 -10.8270 7.7156 16.8522 -17.1218 60.3637 0.0000 0.0000 12.6426 -0.1429 -12.4096 -0.8884 0.0000 -0.0000 0.0000 -0.0000 0.0000 0.0000 0.2168 16.2532 -12.7210 19.7385 18.8001 -48.8276 -0.0000 0.0000 4.0278 1.7315 10.4685 -7.8772 0.0000 -0.0000 -0.0000 -0.0000 0.0000 0.0000 -7.770165 14.657510 12.117500 62.793235 0.000000 0.000000 1.861930 -5.189530 6.301540 -3.714755 0.000000 0.000000 -0.485870 10.858000 -5.763300 -0.217235 0.000000 0.000000 2.982970 0.675655 3.946500 -8.411305 0.000000 0.000000
4.6062 -69.7990 24.1687 -9.0014 -9.5066 -6.5560 -0.7511 8.9527 0.7916 -1.6037 1.4667 0.2406 16.6101 3.9666 0.3101 -2.2344 -0.2031 -0.4610 -18.0083 -9.3013 -8.7121 4.2898 -8.5217 -8.4021 1.9963 -12.2107 8.3491 14.7407 -16.5794 59.1745 0.0000 0.0000 15.1302 1.4026 -14.1251 -0.2419 0.0000 0.0000 -0.0000 0.0000 -0.0000 0.0000 0.8401 16.1752 -11.8569 21.5552 17.9107 -52.1408 -0.0000 0.0000 3.5987 -0.0630 9.2131 -8.4857 -0.0000 -0.0000 0.0000 0.0000 -0.0000 0.0000 -13.106890 11.154575 12.090385 65.575115 0.000000 0.000000 -2.850130 -1.505375 1.885025 -3.735750 0.000000 0.000000 1.314685 10.065120 -6.517845 -0.183235 0.000000 0.000000 1.724460 -0.508225 5.648540 -8.047080 0.000000 0.000000
4.6469 -70.3669 24.2376 -9.8000 -8.5143 -6.8882 -0.5569 9.2556 0.8504 -1.3787 2.2731 0.2792 17.2842 1.7398 -0.7452 -1.9875 -0.1549 -0.7374 -17.2824 -4.9264 -5.9583 3.6773 -6.3472 -7.4336 1.3180 -12.8418 8.8328 11.7352 -20.6771 57.3741 0.0000 0.0000 18.3287 -0.6491 -11.2314 -0.5731 0.0000 -0.0000 0.0000 0.0000 -0.0000 0.0000 0.8098 15.6100 -11.2273 20.9048 18.7315 -54.4224 -0.0000 0.0000 3.4460 -1.1654 6.5904 -7.9652 -0.0000 0.0000 0.0000 0.0000 -0.0000 0.0000 -17.101890 8.740490 10.596935 64.352305 0.000000 0.000000 -3.938980 -0.116135 -1.782470 -3.741105 0.000000 0.000000 3.929625 9.479895 -8.526225 -1.037570 0.000000 0.000000 0.698340 -1.262770 7.793175 -7.757485 0.000000 0.000000
4.7274 -70.9937 24.2840 -11.5599 -7.2061 -7.8634 0.1976 8.2841 0.9547 -0.9190 1.9707 0.1475 17.9945 1.3197 -1.0994 -1.7719 0.7292 -0.9911 -16.7920 -0.8315 -3.6188 3.4688 -4.2361 -6.3451 0.9482 -13.2601 9.1464 8.8584 -23.7329 55.5821 0.0000 0.0000 21.5374 -2.4970 -6.5194 -0.0756 0.0000 -0.0000 -0.0000 -0.0000 -0.0000 -0.0000 0.7023 14.6219 -10.9664 19.7591 18.1800 -56.2471 -0.0000 0.0000 2.5462 -1.1533 3.3840 -7.7677 -0.0000 0.0000 -0.0000 0.0000 -0.0000 -0.0000 -19.205470 6.902535 8.917675 59.675265 0.000000 0.000000 -3.795245 -0.894820 -5.277925 -3.125960 0.000000 0.000000 7.561590 8.859140 -9.809045 -2.280355 0.000000 0.000000 0.185790 -2.267385 9.404690 -7.523310 0.000000 0.000000
4.8209 -71.6121 24.3051 -12.5092 -6.4603 -9.5043 0.3132 7.0995 1.1380 -0.8382 1.4378 0.0539 18.7137 2.0002 -0.8168 -1.5923 1.7740 -1.1512 -16.5208 2.6847 -1.6314 3.6642 -2.0053 -5.3198 0.9934 -14.3509 9.2750 6.6639 -23.4452 54.2573 0.0000 0.0000 24.6878 -0.6070 -1.8064 0.5878 -0.0000 0.0000 0.0000 -0.0000 -0.0000 0.0000 0.6512 14.0728 -10.5371 18.4146 15.7814 -57.6571 -0.0000 0.0000 0.7412 -1.0817 -0.0538 -8.0017 0.0000 -0.0000 0.0000 -0.0000 0.0000 0.0000 -20.965905 6.035535 7.193535 52.141885 0.000000 0.000000 -4.019475 -1.270945 -7.170280 -1.826225 0.000000 0.000000 9.950430 8.893820 -9.925155 -2.938850 0.000000 0.000000 -0.436750 -3.382500 10.514280 -7.300780 0.000000 0.000000
4.9385 -72.1037 24.2670 -11.4436 -7.1545 -11.2703 -0.8209 6.6364 1.3388 -1.4199 1.3771 0.1213 18.9770 2.9975 -0.3121 -1.3705 2.4116 -1.2279 -16.4056 5.4901 0.0425 4.0875 0.0754 -4.3674 0.8988 -15.2952 9.2787 4.9576 -22.8570 53.0395 0.0000 0.0000 27.5313 3.0833 1.4226 0.6074 0.0000 0.0000 -0.0000 0.0000 0.0000 0.0000 0.4582 14.1072 -9.9152 16.2494 14.1092 -58.5453 -0.0000 -0.0000 -1.2683 -1.6286 -2.7082 -8.1087 0.0000 -0.0000 0.0000 -0.0000 -0.0000 0.0000 -24.050725 6.406050 5.362210 43.163335 0.000000 0.000000 -3.083285 -1.008635 -5.375845 -0.858670 0.000000 0.000000 9.718125 10.110510 -8.944935 -2.582275 0.000000 0.000000 -1.674860 -4.273045 10.854875 -7.079440 0.000000 0.000000
5.0380 -72.5246 24.1948 -9.4599 -8.4029 -12.9606 -2.3194 6.6095 1.5523 -2.2176 1.4474 0.2568 18.7388 4.0587 0.3854 -1.1465 2.7007 -1.2015 -16.3080 7.5826 1.3017 4.4396 1.5747 -3.4929 0.4625 -15.4636 9.1817 3.4448 -23.6426 51.7288 0.0000 0.0000 29.4810 4.6444 1.7272 0.4790 -0.0000 0.0000 0.0000 0.0000 0.0000 0.0000 0.0700 14.2001 -9.4988 13.7634 13.8444 -59.2154 -0.0000 -0.0000 -2.8304 -2.2371 -3.8828 -7.8289 -0.0000 -0.0000 0.0000 -0.0000 0.0000 -0.0000 -27.511585 6.854170 3.322210 33.668155 0.000000 0.000000 -0.217170 -0.928990 0.334200 -0.676430 0.000000 0.000000 8.214305 11.637110 -6.631320 -1.685950 0.000000 0.000000 -3.218800 -4.854700 9.940615 -6.860735 0.000000 0.000000
5.0213 -73.0695 24.1607 -8.4388 -8.4663 -14.3139 -3.1343 6.4778 1.7971 -2.6193 1.2514 0.3036 18.6391 4.6145 1.0966 -0.9900 2.7978 -1.0648 -16.0806 9.0723 2.2018 4.7449 2.4318 -2.6909 -0.0425 -15.4590 9.0268 2.2042 -24.3142 50.5189 0.0000 0.0000 30.4282 4.1507 -0.1338 0.2225 0.0000 -0.0000 -0.0000 0.0000 0.0000 -0.0000 -0.2830 14.1956 -9.3023 11.9221 13.4880 -60.0954 -0.0000 -0.0000 -3.8672 -1.6936 -4.3455 -7.1063 0.0000 -0.0000 0.0000 -0.0000 0.0000 -0.0000 -28.620070 6.083050 0.915350 23.533860 0.000000 0.000000 3.679655 -1.472905 8.193215 -0.865640 0.000000 0.000000 8.080090 12.000060 -4.228795 -1.130220 0.000000 0.000000 -4.717265 -5.090915 8.604500 -6.700170 0.000000 0.000000
4.8694 -73.7638 24.1700 -8.8545 -6.9626 -14.6362 -3.1190 6.3975 1.9966 -2.5527 0.9435 0.2485 19.0577 3.9251 1.3580 -0.8401 2.6754 -0.9113 -15.7574 10.2161 2.9750 5.2582 2.9695 -1.9447 -0.3946 -15.4806 8.8907 1.2379 -24.3284 49.3887 0.0000 0.0000 31.0244 4.5359 -2.1806 -0.3325 0.0000 -0.0000 0.0000 0.0000 -0.0000 -0.0000 -0.4123 14.1677 -9.0630 10.7924 13.0445 -61.2260 -0.0000 -0.0000 -4.9480 0.3126 -4.9708 -6.1778 0.0000 0.0000 -0.0000 -0.0000 0.0000 0.0000 -27.043150 4.200300 -0.865655 13.875990 0.000000 0.000000 7.233165 -2.941195 14.581475 -1.142825 0.000000 0.000000 10.271135 10.895910 -3.221290 -1.191760 0.000000 0.000000 -6.277015 -4.859630 7.720500 -6.630215 0.000000 0.000000
4.6982 -74.4337 24.1644 -9.3155 -5.3213 -13.7895 -3.0320 6.5729 2.1071 -2.4127 0.8213 0.1814 19.6589 2.4371 1.1375 -0.6722 2.4338 -0.8224 -15.6408 11.1347 3.6575 5.9187 3.4414 -1.3321 -0.5718 -15.3140 8.9083 -0.0159 -24.7564 47.8010 0.0000 0.0000 31.8328 6.2995 -3.1899 -0.6107 0.0000 -0.0000 0.0000 -0.0000 -0.0000 0.0000 -0.2873 14.1999 -8.8890 9.7099 13.3865 -62.1177 -0.0000 -0.0000 -6.6697 2.6182 -5.6429 -5.5149 -0.0000 -0.0000 -0.0000 -0.0000 0.0000 -0.0000 -25.973595 2.541355 -0.729655 7.346970 0.000000 0.000000 8.761125 -4.704690 16.535795 -1.458855 0.000000 0.000000 12.624530 9.425580 -2.862590 -1.015810 0.000000 0.000000 -8.054535 -4.339600 6.688090 -6.481550 0.000000 0.000000
4.5905 -75.0640 24.1201 -9.1830 -4.5234 -12.6082 -2.8887 6.8261 2.0898 -2.2942 0.7535 0.1313 19.7247 1.3917 0.9635 -0.5578 2.2973 -0.7671 -15.6660 11.7577 4.0880 6.4606 3.8644 -0.9928 -0.5485 -15.0280 9.0627 -1.9959 -26.3836 45.3077 0.0000 0.0000 32.9665 7.3880 -3.0153 -0.3893 -0.0000 -0.0000 0.0000 -0.0000 -0.0000 0.0000 0.0773 14.3135 -8.9334 8.6170 14.1743 -62.6534 -0.0000 -0.0000 -8.8656 3.9734 -6.0666 -5.3631 -0.0000 -0.0000 -0.0000 0.0000 -0.0000 -0.0000 -27.022665 1.915925 -0.865655 5.134760 0.000000 0.000000 8.111300 -5.493065 15.815335 -1.608200 0.000000 0.000000 13.736840 8.567930 -1.764475 0.001980 0.000000 0.000000 -9.996105 -3.950300 4.714560 -6.084600 0.000000 0.000000
4.5199 -75.7697 24.0428 -8.6252 -4.4777 -11.5323 -2.6676 7.0901 1.9104 -2.0807 0.5949 0.0958 18.9441 1.1337 1.1518 -0.4913 2.2978 -0.6909 -15.4040 12.0361 4.2130 6.9126 4.2346 -0.9469 -0.3474 -14.6340 9.0220 -4.5038 -29.5173 41.8000 0.0000 0.0000 34.8312 7.6283 -1.7205 -0.2353 -0.0000 0.0000 0.0000 0.0000 -0.0000 -0.0000 0.6173 14.3313 -8.7710 8.1363 14.9880 -63.5636 -0.0000 -0.0000 -10.8817 4.8622 -6.7105 -5.2543 -0.0000 -0.0000 0.0000 -0.0000 0.0000 0.0000 -29.405810 2.058300 -2.538200 6.324250 0.000000 0.000000 7.047440 -5.036870 14.254480 -1.548020 0.000000 0.000000 13.995070 8.306300 -0.239405 1.556290 0.000000 0.000000 -12.096710 -3.818720 2.364565 -5.531335 0.000000 0.000000
4.4380 -76.5100 23.9396 -7.7332 -4.5470 -10.1910 -2.7170 7.0818 1.6968 -2.0259 0.5343 0.0972 18.2191 1.1757 1.4340 -0.4504 2.2452 -0.6134 -15.0914 12.1566 4.1576 7.4298 4.5287 -1.1211 -0.1737 -14.2353 8.7047 -7.5162 -33.7894 36.7673 -0.0000 0.0000 38.2589 8.6657 0.6211 -0.3080 0.0000 0.0000 0.0000 0.0000 -0.0000 0.0000 1.0267 14.3707 -8.1375 8.5476 16.1980 -65.0701 -0.0000 -0.0000 -12.7017 6.3463 -7.9196 -4.8665 -0.0000 0.0000 0.0000 -0.0000 -0.0000 0.0000 -31.547555 2.543820 -4.624865 8.464805 0.000000 0.000000 7.036815 -3.758385 11.761515 -1.505265 0.000000 0.000000 14.049045 7.921505 1.140485 3.169590 0.000000 0.000000 -14.324730 -3.445485 0.044660 -5.004590 0.000000 0.000000
4.3365 -77.2126 23.8110 -6.4093 -4.5352 -8.3728 -3.2788 6.7768 1.7056 -2.3158 0.5880 0.1332 18.2580 1.2285 1.5724 -0.4448 2.1014 -0.5644 -15.1989 12.3407 3.9938 7.9618 4.7111 -1.4586 -0.0087 -14.3871 8.4919 -11.3657 -37.6122 29.7341 -0.0000 0.0000 43.0894 10.2856 3.1074 0.2388 0.0000 -0.0000 -0.0000 0.0000 0.0000 -0.0000 1.1074 14.7159 -7.5562 9.7793 17.7608 -66.3433 -0.0000 -0.0000 -14.7977 7.7625 -9.2084 -4.7883 -0.0000 -0.0000 0.0000 -0.0000 -0.0000 0.0000 -32.750645 3.214385 -6.201955 9.692205 0.000000 0.000000 7.839385 -2.477350 8.978615 -1.311635 0.000000 0.000000 13.952995 7.160500 2.473625 4.661255 0.000000 0.000000 -16.389635 -2.496460 -2.476865 -4.578145 0.000000 0.000000
4.2229 -78.0108 23.6642 -4.8742 -4.5150 -6.4758 -4.0418 6.3755 1.8356 -2.6772 0.4975 0.1576 18.3957 1.4000 1.8234 -0.4537 2.0296 -0.4909 -15.4767 12.6069 3.7797 8.4577 4.8506 -1.8442 0.4183 -15.3877 8.5071 -15.4540 -39.8438 21.7366 -0.0000 0.0000 47.7264 10.8424 5.1796 1.6161 0.0000 0.0000 -0.0000 0.0000 -0.0000 0.0000 1.1427 15.3154 -7.2539 11.9434 18.7116 -67.0069 -0.0000 -0.0000 -16.9690 7.9110 -10.1210 -5.3173 0.0000 0.0000 -0.0000 -0.0000 0.0000 -0.0000 -32.878315 4.002845 -7.166705 10.052095 0.000000 0.000000 8.122265 -2.235440 7.049370 -0.909670 0.000000 0.000000 14.073525 6.309055 3.330425 5.554605 0.000000 0.000000 -17.949470 -1.389165 -4.642750 -4.554090 0.000000 0.000000
4.0930 -78.9849 23.4974 -3.2615 -4.4595 -4.8695 -4.8585 5.9161 1.8561 -2.9992 0.2433 0.1615 18.0721 1.7539 2.2872 -0.4293 2.0389 -0.3653 -15.7095 12.8290 3.6992 8.9355 5.0137 -2.0836 0.9595 -16.7362 8.3942 -18.3590 -41.3263 14.4480 -0.0000 0.0001 50.8140 10.6458 7.5770 2.8121 -0.0000 0.0000 0.0000 0.0000 -0.0000 0.0000 1.4837 15.8618 -6.7283 14.9273 18.5876 -67.3512 -0.0000 -0.0000 -18.7118 7.6849 -10.5970 -5.6337 -0.0000 -0.0000 0.0000 0.0000 -0.0000 0.0000 -31.858315 4.660405 -8.456750 10.335315 0.000000 0.000000 7.805470 -2.758870 6.407195 -0.732700 0.000000 0.000000 14.657730 5.505635 3.580240 5.675645 0.000000 0.000000 -19.074785 -0.343240 -6.067775 -5.280585 0.000000 0.000000
3.9313 -79.9680 23.3012 -1.1905 -4.2753 -3.4415 -6.1871 5.1027 2.0026 -3.7764 0.3260 0.2347 18.3249 2.1455 2.4981 -0.4418 1.9494 -0.3280 -16.6111 12.9611 3.8995 9.1642 5.0888 -2.1119 1.3334 -18.2862 8.1034 -19.1675 -42.4752 9.0848 -0.0000 0.0001 51.7596 10.7658 10.4148 3.4534 0.0000 0.0000 -0.0000 0.0000 -0.0000 -0.0000 2.0722 16.6284 -5.9999 17.9213 17.2060 -66.9257 -0.0000 -0.0000 -19.8841 8.0594 -10.3095 -5.6924 -0.0000 -0.0000 0.0000 -0.0000 0.0000 0.0000 -29.801485 4.698995 -11.177515 9.903430 0.000000 0.000000 8.778380 -1.666535 6.625135 -0.951490 0.000000 0.000000 14.808010 4.488015 4.076045 6.153685 0.000000 0.000000 -20.035795 1.051100 -7.450385 -6.351330 0.000000 0.000000
3.6777 -80.9226 23.1292 1.0751 -2.7701 -2.0421 -7.9162 2.9279 2.3652 -5.2163 0.5205 0.3586 20.1766 2.8047 2.2222 -0.6494 1.6862 -0.4151 -18.5991 13.1166 4.2086 8.8126 5.0122 -2.0374 1.8880 -21.1834 8.0937 -16.8446 -41.4432 7.4153 -0.0000 0.0001 49.3067 9.7613 12.3620 4.5925 0.0000 -0.0000 0.0000 0.0000 -0.0000 -0.0000 2.3683 18.6319 -5.9745 20.7490 13.5674 -64.6562 -0.0000 -0.0000 -19.6569 7.3699 -9.1256 -6.6582 -0.0000 0.0000 0.0000 -0.0000 -0.0000 0.0000 -26.263275 2.620575 -15.315825 6.580695 0.000000 0.000000 11.940295 2.697875 6.876225 -0.841500 0.000000 0.000000 14.174165 1.967170 5.878300 8.076725 0.000000 0.000000 -20.854770 3.134365 -9.658600 -7.350505 0.000000 0.000000
3.2747 -82.0616 23.0477 2.1914 1.5679 -1.2071 -8.8695 -0.7903 2.2723 -6.4108 -0.8143 0.0786 22.0391 3.7179 2.2631 -1.0857 1.6048 -0.4476 -20.3394 13.4659 4.5271 8.1264 5.1691 -1.8387 2.9433 -25.1359 8.5322 -9.8545 -37.7630 10.6957 -0.0000 0.0000 41.3187 5.1035 12.8628 6.0053 0.0000 -0.0000 0.0000 -0.0000 -0.0000 0.0000 1.7834 21.5913 -6.7207 25.2888 8.4407 -61.1384 -0.0000 -0.0000 -15.9107 4.1276 -7.2612 -8.0290 0.0000 0.0000 -0.0000 0.0000 -0.0000 0.0000 -20.829140 -3.124320 -17.299385 -0.119345 0.000000 0.000000 15.668990 7.488730 5.341380 -0.187680 0.000000 0.000000 14.206125 -3.363180 9.218035 11.101280 0.000000 0.000000 -21.186355 5.512240 -12.524885 -9.116805 0.000000 0.000000
2.8293 -83.2794 23.0702 2.7534 7.4306 -1.9599 -8.8572 -4.2476 1.5487 -6.7102 -3.9123 -0.7242 21.6632 3.5143 3.3558 -1.5827 2.1499 -0.2231 -20.9367 14.5101 5.4828 7.7199 5.7303 -1.2498 3.7004 -27.0464 9.0070 1.9010 -34.3769 17.9645 0.0000 0.0000 28.0697 -2.2680 9.2246 4.2944 0.0000 0.0000 0.0000 -0.0000 -0.0000 0.0000 0.2318 23.8624 -7.2593 32.1287 6.1144 -58.3406 -0.0000 -0.0000 -7.9028 1.3067 -3.4055 -7.3887 -0.0000 0.0000 0.0000 0.0000 -0.0000 0.0000 -16.673915 -9.727970 -12.312860 -4.427400 0.000000 0.000000 17.012245 8.465380 -0.113750 0.350540 0.000000 0.000000 14.391680 -9.983065 13.677475 15.473935 0.000000 0.000000 -20.247530 7.192945 -15.445315 -12.732280 0.000000 0.000000
2.4186 -84.2909 23.1973 3.3522 12.6405 -3.6159 -8.0721 -6.2222 0.8654 -6.0311 -5.9716 -1.1990 19.5553 0.5150 4.4305 -1.9083 2.7388 0.1258 -21.4376 15.8863 7.5132 7.5544 6.1526 -0.2512 3.8444 -24.8260 9.8211 13.1134 -35.2688 25.5725 0.0000 0.0000 15.3317 -5.9277 -2.3015 -2.0388 0.0000 -0.0000 0.0000 -0.0000 -0.0000 -0.0000 -0.6089 23.3226 -7.7119 37.3084 9.7116 -57.7563 -0.0000 0.0000 1.2531 3.7637 3.2818 -4.6214 0.0000 0.0000 0.0000 0.0000 -0.0000 -0.0000 -15.420845 -14.847860 -8.147095 -2.809255 0.000000 0.000000 13.969245 7.773905 -3.547495 0.665380 0.000000 0.000000 12.918885 -16.390790 16.730335 22.983005 0.000000 0.000000 -16.799845 7.500645 -17.649535 -16.893115 0.000000 0.000000
2.0842 -85.2116 23.3566 2.0365 15.2393 -2.7077 -6.0010 -6.5704 0.4879 -4.3822 -5.0615 -0.9435 17.0736 -3.0115 3.4722 -1.9445 2.3509 0.2025 -21.9004 15.5606 9.3057 6.6585 5.9998 0.6058 4.7052 -19.8386 10.9308 20.9673 -40.4654 32.5618 0.0000 0.0000 8.3664 -2.2592 -14.4749 -5.1931 -0.0000 -0.0000 -0.0000 0.0000 0.0000 -0.0000 0.8904 17.8495 -8.8914 39.8052 15.3701 -60.1193 -0.0000 0.0000 7.0658 9.9604 11.1874 -2.7492 0.0000 -0.0000 0.0000 0.0000 -0.0000 -0.0000 -13.712770 -17.275460 -9.420565 0.572555 0.000000 0.000000 9.613335 7.849640 -3.140430 0.839035 0.000000 0.000000 8.955420 -21.074715 13.538500 33.922505 0.000000 0.000000 -9.877955 6.639510 -17.823785 -16.994605 0.000000 0.000000
1.8291 -86.1891 23.5023 -0.8675 15.7036 1.7828 -3.2941 -6.1986 0.1878 -2.9261 -3.3366 -0.6370 15.5112 -4.3683 1.2561 -1.8541 1.4728 -0.0656 -21.6693 13.5192 9.0972 4.7518 5.0461 0.6611 6.2410 -15.6995 11.1654 27.4767 -44.1202 38.9805 0.0000 0.0000 7.5412 2.8256 -22.6528 -1.9284 -0.0000 -0.0000 0.0000 -0.0000 -0.0000 0.0000 2.7827 10.7344 -10.4978 41.5520 16.7680 -63.0285 -0.0000 0.0000 7.6465 13.8229 18.8013 -3.5994 0.0000 0.0000 0.0000 -0.0000 0.0000 0.0000 -10.359860 -17.718140 -12.037970 1.589495 0.000000 0.000000 6.867325 8.694795 -3.284845 0.916130 0.000000 0.000000 1.635135 -23.204050 4.665095 46.145080 0.000000 0.000000 -1.587480 5.831500 -16.683510 -11.591070 0.000000 0.000000
1.6385 -87.0543 23.6079 -2.9757 15.7326 6.3360 -1.3174 -6.3009 0.0631 -2.1042 -2.6500 -0.4946 14.7431 -4.0798 0.3926 -1.8617 0.9969 -0.1795 -20.6227 11.5682 7.0940 3.0699 3.7507 -0.3264 7.6834 -15.1402 10.5407 28.8578 -43.9598 39.9994 0.0000 0.0000 9.0278 2.1827 -26.3187 1.8086 0.0000 -0.0000 0.0000 -0.0000 -0.0000 0.0000 3.3130 8.3895 -11.4198 40.5298 13.9117 -62.9232 -0.0000 0.0000 5.6674 11.9389 21.7213 -4.7537 0.0000 0.0000 -0.0000 0.0000 -0.0000 0.0000 -7.308105 -18.177565 -12.988695 0.887140 0.000000 0.000000 5.255470 9.304415 -4.916420 0.977755 0.000000 0.000000 -7.430370 -23.012885 -4.258800 56.947730 0.000000 0.000000 2.522865 5.026550 -15.466310 -8.294345 0.000000 0.000000
1.5230 -87.6832 23.6546 -3.3494 16.2398 7.6484 -0.7698 -7.2431 0.1781 -1.8086 -3.2905 -0.4542 14.4965 -2.6895 1.9861 -1.9987 1.1341 0.1859 -19.1648 10.3266 4.7266 2.9876 2.9281 -1.8874 7.9730 -16.5751 9.8157 25.9005 -41.7743 36.8658 0.0000 0.0000 9.5720 -3.3821 -25.0952 0.4935 0.0000 -0.0000 -0.0000 0.0000 -0.0000 -0.0000 2.5655 10.9224 -11.2366 36.4089 11.8357 -61.1119 -0.0000 0.0000 3.9436 6.2377 17.0824 -4.1601 0.0000 -0.0000 0.0000 -0.0000 -0.0000 0.0000 -5.599180 -19.021615 -11.991985 0.684500 0.000000 0.000000 3.643020 9.221115 -6.268090 1.070065 0.000000 0.000000 -15.662280 -21.994840 -8.976045 64.696330 0.000000 0.000000 0.687375 3.610960 -13.891260 -7.716940 0.000000 0.000000
1.5185 -88.3266 23.6913 -3.6661 16.2002 6.2650 -0.5177 -8.2128 0.3612 -1.4936 -4.3843 -0.4387 14.6035 -0.7003 4.7655 -1.9736 1.5957 0.8345 -17.4532 9.5231 2.9443 4.5813 2.6938 -3.2283 7.2617 -16.9339 9.3425 23.0515 -38.8612 34.9547 0.0000 0.0000 9.4083 -4.1235 -18.9248 -1.6592 -0.0000 -0.0000 -0.0000 0.0000 -0.0000 -0.0000 1.8618 13.1554 -10.3810 30.9391 12.9347 -60.7890 -0.0000 0.0000 2.5243 2.5188 7.2481 -5.0384 0.0000 0.0000 -0.0000 -0.0000 0.0000 0.0000 -3.599470 -19.222810 -11.001820 1.409890 0.000000 0.000000 1.702045 8.949115 -5.480395 1.027225 0.000000 0.000000 -20.687650 -20.498670 -9.519705 68.131860 0.000000 0.000000 -2.974425 1.985080 -10.954000 -8.296640 0.000000 0.000000
1.6253 -89.1584 23.7783 -5.3707 14.8040 4.7263 0.2854 -8.4768 0.4281 -0.9329 -4.7320 -0.3568 15.1307 0.8444 6.7200 -1.6288 1.9023 1.3149 -15.5847 9.1160 2.0155 6.7723 2.5164 -3.8661 6.2756 -15.7948 9.2079 21.3028 -35.4224 35.3772 0.0000 0.0000 9.8854 0.9510 -9.8805 -2.3228 -0.0000 -0.0000 -0.0000 -0.0000 -0.0000 -0.0000 1.8674 13.1325 -9.6002 26.2510 14.5073 -61.7864 -0.0000 0.0000 0.7424 0.1226 -2.2343 -6.9648 0.0000 -0.0000 0.0000 -0.0000 -0.0000 0.0000 -0.152635 -18.034510 -10.572060 2.226655 0.000000 0.000000 -0.353425 8.723865 -3.647625 0.708985 0.000000 0.000000 -22.203285 -17.776460 -8.315085 67.082535 0.000000 0.000000 -4.854115 1.197300 -6.798690 -9.433175 0.000000 0.000000
1.7808 -89.9432 23.8777 -7.2914 13.0184 3.9889 0.8672 -8.1734 0.2993 -0.5754 -4.5632 -0.2975 16.0078 1.5433 7.2638 -1.1367 1.9739 1.4263 -13.8036 9.0837 1.7599 8.6752 2.0790 -3.7641 5.1184 -14.8048 9.2514 18.1648 -31.9204 35.5194 0.0000 0.0000 11.6831 2.2239 -1.0185 -2.5557 -0.0000 0.0000 -0.0000 0.0000 -0.0000 0.0000 1.4347 12.7884 -9.2304 23.1306 13.9945 -62.2707 -0.0000 -0.0000 -1.0551 -1.8454 -6.4542 -7.2468 -0.0000 0.0000 -0.0000 0.0000 0.0000 -0.0000 3.115700 -16.230725 -9.923765 3.164035 0.000000 0.000000 -2.515740 8.245570 -2.868600 0.341615 0.000000 0.000000 -22.570570 -14.632480 -7.247400 62.422495 0.000000 0.000000 -5.812150 1.299555 -2.686475 -10.087420 0.000000 0.000000
1.9128 -90.5372 23.9067 -7.6663 12.1354 3.5616 0.4736 -7.9223 0.0786 -0.7079 -4.5282 -0.3364 16.6138 1.5392 7.0099 -0.7474 2.0027 1.3025 -12.3024 9.2076 1.8752 10.1362 1.4977 -3.1585 3.6145 -14.2721 9.2407 12.8109 -29.9112 34.4326 0.0000 0.0000 15.1344 -2.2745 4.0976 -1.3962 -0.0000 0.0000 0.0000 -0.0000 -0.0000 0.0000 -0.0099 12.9520 -9.0959 20.8325 12.6204 -61.8383 -0.0000 -0.0000 -2.4094 -1.3846 -3.9806 -5.5388 -0.0000 -0.0000 0.0000 0.0000 -0.0000 0.0000 4.364010 -15.065290 -9.151370 4.750645 0.000000 0.000000 -4.814905 7.529190 -3.038685 0.210375 0.000000 0.000000 -23.866225 -12.862270 -6.295655 55.104845 0.000000 0.000000 -6.871590 1.275500 0.021200 -9.410990 0.000000 0.000000
1.9965 -91.1668 23.8613 -6.7615 12.2042 3.3633 -0.3832 -7.8439 -0.1140 -1.0687 -4.4998 -0.4188 16.3991 0.8937 6.3670 -0.4912 2.0074 1.1124 -11.1257 9.1922 2.1334 11.3246 1.0428 -2.3587 2.1416 -13.4357 9.1454 7.0000 -29.6526 33.2485 0.0000 0.0000 19.9005 -6.2442 5.6095 0.7308 0.0000 0.0000 -0.0000 0.0000 -0.0000 -0.0000 -1.5944 12.4525 -9.0377 18.6517 12.4347 -61.4284 -0.0000 -0.0000 -3.3432 0.4923 0.7740 -4.3607 0.0000 0.0000 0.0000 0.0000 0.0000 -0.0000 4.339105 -14.798390 -9.025400 6.285320 0.000000 0.000000 -6.894005 6.899510 -2.931245 0.109735 0.000000 0.000000 -25.579315 -12.745905 -4.736925 45.523645 0.000000 0.000000 -6.980645 0.680415 0.337145 -8.146275 0.000000 0.000000
2.0618 -91.9382 23.7880 -5.6333 12.7096 3.6207 -1.3727 -7.9009 -0.3296 -1.4820 -4.2435 -0.4966 15.9653 -0.1048 5.4164 -0.2530 1.8862 0.9025 -10.3447 9.0631 2.3699 12.2933 0.8165 -1.6393 1.1033 -12.7014 9.2326 2.1816 -29.2450 32.6476 0.0000 0.0000 24.9252 -5.1599 5.8937 2.7526 0.0000 -0.0000 0.0000 0.0000 0.0000 0.0000 -2.6172 11.4849 -9.1677 16.5453 12.5587 -61.2671 -0.0000 -0.0000 -4.0464 1.5877 3.1316 -4.4664 -0.0000 0.0000 -0.0000 -0.0000 0.0000 -0.0000 4.680210 -15.077360 -9.378065 6.671985 0.000000 0.000000 -8.471010 6.415605 -2.470460 -0.278545 0.000000 0.000000 -26.379675 -13.313110 -2.386250 33.955570 0.000000 0.000000 -5.031595 0.003730 -2.432070 -7.289305 0.000000 0.000000
2.1726 -92.6896 23.7019 -4.4090 13.1377 3.9212 -2.9138 -7.8380 -0.7782 -2.2753 -4.0767 -0.6110 16.5174 -1.0687 4.5179 0.0124 1.8038 0.6937 -10.1405 9.1934 2.6093 12.9511 0.6529 -1.1254 0.0726 -12.6671 9.6513 -1.0651 -27.4291 32.8992 0.0000 0.0000 28.9228 -0.8280 6.3631 3.7361 0.0000 -0.0000 -0.0000 0.0000 0.0000 0.0000 -3.5428 11.8669 -9.4103 14.7115 11.3218 -60.7673 -0.0000 -0.0000 -4.6773 1.1958 2.9401 -4.6942 0.0000 -0.0000 0.0000 -0.0000 0.0000 0.0000 5.698595 -15.287055 -9.655930 5.932740 0.000000 0.000000 -9.807040 5.727105 -1.953490 -0.703120 0.000000 0.000000 -26.187490 -13.474355 0.422745 21.243565 0.000000 0.000000 -0.203935 0.296215 -7.779930 -7.283525 0.000000 0.000000
2.3752 -93.4449 23.5926 -3.0754 13.0359 3.5892 -4.8555 -7.6025 -1.3877 -3.3726 -4.0551 -0.7510 17.9370 -1.7467 4.0698 0.2214 2.0066 0.5103 -10.4116 9.6576 2.9413 13.4140 0.3543 -0.7619 -1.3796 -12.7129 10.2465 -2.6791 -25.3169 33.8439 0.0000 0.0000 31.4171 2.7917 6.8515 3.3653 0.0000 0.0000 -0.0000 0.0000 0.0000 -0.0000 -4.7962 13.6473 -9.4283 13.0835 9.5766 -59.9921 -0.0000 -0.0000 -5.3780 0.2412 2.2164 -4.4782 0.0000 -0.0000 0.0000 0.0000 -0.0000 0.0000 7.167225 -14.778245 -9.771190 4.862165 0.000000 0.000000 -11.254250 4.556995 -1.166815 -0.702950 0.000000 0.000000 -25.464650 -12.471610 0.260480 9.252020 0.000000 0.000000 5.888780 2.480630 -10.315565 -8.196680 0.000000 0.000000
2.6158 -94.4100 23.4662 -2.6632 12.1155 2.6834 -5.8426 -6.9852 -1.5644 -3.9231 -4.0568 -0.8384 18.7269 -1.8132 4.0037 0.2336 2.2729 0.3742 -10.6598 9.8894 3.1570 14.0198 -0.0052 -0.5146 -2.8863 -12.4961 10.7270 -3.3234 -24.1086 34.8974 0.0000 0.0000 32.6327 3.7867 6.5090 2.7067 0.0000 -0.0000 0.0000 -0.0000 -0.0000 0.0000 -5.9834 15.0137 -9.2124 11.6279 8.8752 -59.6604 -0.0000 -0.0000 -6.1099 -0.6731 1.7625 -4.3598 -0.0000 -0.0000 0.0000 0.0000 -0.0000 -0.0000 9.698100 -13.369455 -9.631790 3.954790 0.000000 0.000000 -12.787310 3.236945 -0.185490 -0.386240 0.000000 0.000000 -24.226880 -11.359895 -5.637840 1.253945 0.000000 0.000000 6.822165 5.531790 -4.775860 -9.141115 0.000000 0.000000
2.8315 -95.4686 23.3012 -2.5097 11.3518 1.4079 -6.0356 -6.6785 -1.5882 -3.9173 -4.0755 -0.8201 18.2412 -1.2639 4.3992 0.0129 2.3665 0.3690 -10.6651 9.8195 3.1567 14.7932 -0.2402 -0.4624 -3.9070 -12.3047 11.1014 -3.7926 -23.5318 35.6395 0.0000 0.0000 32.8457 3.2090 5.1936 2.4924 0.0000 -0.0000 0.0000 -0.0000 -0.0000 0.0000 -6.7759 15.6286 -8.9853 10.5881 8.9763 -59.8942 -0.0000 -0.0000 -6.8511 -1.2947 1.2749 -4.5109 0.0000 0.0000 0.0000 0.0000 0.0000 0.0000 12.052770 -11.937120 -8.838570 3.916965 0.000000 0.000000 -14.527005 2.438370 0.243760 -0.049385 0.000000 0.000000 -24.427905 -11.025250 -5.918000 0.051450 0.000000 0.000000 1.660880 4.784300 -1.808340 -9.002140 0.000000 0.000000
3.0426 -96.4887 23.0681 -2.0649 11.4094 -1.3023 -6.1514 -7.0134 -1.6651 -3.8929 -4.7729 -0.8754 17.2909 -0.3974 5.8386 -0.2163 2.5857 0.6305 -10.5082 9.9617 3.2782 15.2905 -0.3616 -0.5110 -4.1657 -11.7771 11.5511 -4.1978 -23.1964 36.2530 0.0000 0.0000 32.5675 3.2057 3.6026 2.2013 0.0000 0.0000 -0.0000 -0.0000 -0.0000 0.0000 -7.1707 16.0793 -8.5117 9.9948 9.3715 -60.4487 -0.0000 -0.0000 -7.6447 -0.9940 0.9605 -4.5686 0.0000 -0.0000 -0.0000 -0.0000 -0.0000 0.0000 13.879335 -10.651920 -6.986675 4.891065 0.000000 0.000000 -16.678270 1.693600 0.511425 0.397545 0.000000 0.000000 -24.879085 -12.075255 -0.772950 2.064590 0.000000 0.000000 -1.281140 2.240590 -1.818710 -8.764990 0.000000 0.000000
3.2971 -97.5090 22.8209 -0.5421 11.3251 -5.8820 -7.0814 -6.4441 -1.8562 -4.7359 -7.1363 -1.3272 17.8051 0.6109 8.1605 -0.5689 3.2811 1.0517 -11.1645 10.4394 4.0769 15.0985 -0.7291 -0.2727 -4.1020 -11.7515 12.4434 -4.1860 -21.7196 37.0916 0.0000 0.0000 32.5051 4.1570 2.1569 1.5701 0.0000 -0.0000 -0.0000 -0.0000 0.0000 -0.0000 -7.6486 17.4558 -7.4325 9.4807 8.5402 -60.6406 -0.0000 -0.0000 -8.4783 -0.3694 1.6677 -4.6805 0.0000 0.0000 0.0000 0.0000 -0.0000 -0.0000 14.230555 -8.443705 -5.517110 6.988865 0.000000 0.000000 -19.012455 -0.042610 2.015670 1.082815 0.000000 0.000000 -24.611760 -13.883800 4.387570 2.934225 0.000000 0.000000 4.037140 0.736855 -0.236180 -9.567560 0.000000 0.000000
3.6673 -98.6455 22.6919 0.3559 8.4196 -9.7831 -8.0430 -1.9897 -2.0618 -6.6945 -11.3330 -2.5776 20.8403 2.5063 9.7122 -1.6257 4.1236 1.2306 -13.3941 10.6148 5.3881 14.8211 -1.4184 0.4559 -4.5935 -14.3111 13.4668 -3.2640 -17.9981 38.3786 0.0000 0.0000 32.5570 4.8482 0.4530 1.1812 0.0000 0.0000 -0.0000 0.0000 -0.0000 -0.0000 -9.0176 20.5344 -6.1765 9.3945 4.8833 -59.5109 -0.0000 -0.0000 -8.9849 -0.9865 3.6009 -5.2646 0.0000 0.0000 -0.0000 0.0000 -0.0000 -0.0000 14.060980 -3.493475 -6.519345 9.559265 0.000000 0.000000 -20.466890 -2.735580 4.726320 1.398335 0.000000 0.000000 -22.200055 -12.519805 6.936210 0.868980 0.000000 0.000000 13.708695 1.629865 4.027505 -9.119780 0.000000 0.000000
4.1615 -99.9482 22.7477 -3.0517 1.5402 -10.9268 -6.6525 5.5615 -1.3621 -7.6323 -15.3341 -4.1110 23.0460 8.1570 8.9655 -3.5046 3.6273 0.9360 -15.9689 9.2597 5.8238 15.5573 -1.2703 1.2500 -6.1977 -19.4958 13.0274 -0.9894 -14.9204 40.0530 0.0000 0.0000 31.6927 4.6544 -1.9862 1.1000 -0.0000 0.0000 0.0000 -0.0000 -0.0000 0.0000 -11.1623 22.9730 -5.8312 10.7664 1.1930 -57.0291 -0.0000 -0.0000 -8.4974 -2.3975 5.7525 -5.7375 0.0000 -0.0000 0.0000 0.0000 0.0000 -0.0000 17.523965 5.013070 -10.116715 11.051015 0.000000 0.000000 -19.847495 -5.344995 6.950005 0.340680 0.000000 0.000000 -14.585500 -5.295655 5.888330 -4.884245 0.000000 0.000000 19.169775 3.006865 10.134330 -7.046460 0.000000 0.000000
4.6212 -100.9403 22.9243 -3.9742 -3.7299 -10.1361 -4.3251 6.7053 -1.1439 -4.0549 -24.7105 -5.6865 13.7238 30.0944 8.0922 -4.5719 -0.6901 0.4068 -17.1736 4.6493 3.7496 16.5365 1.2083 1.4357 -8.2905 -26.2873 9.3625 2.2414 -15.9216 42.2602 0.0000 0.0000 29.1562 4.1109 -4.7768 0.5400 0.0000 0.0000 -0.0000 0.0000 -0.0000 -0.0000 -11.5819 19.9347 -7.5168 12.5048 2.1363 -55.0317 -0.0000 -0.0000 -6.6341 -2.7412 6.6481 -5.1479 -0.0000 0.0000 0.0000 0.0000 -0.0000 0.0000 18.324240 10.639985 -11.663375 13.694090 0.000000 0.000000 -17.501835 -6.245655 5.966555 -2.090150 0.000000 0.000000 -11.017200 0.851120 2.986855 -7.639010 0.000000 0.000000 17.847855 2.014490 13.700335 -5.557770 0.000000 0.000000
4.9698 -101.5947 23.1822 -1.6621 -4.7075 -8.9305 -3.2023 3.5240 -1.3128 -0.9145 -20.7287 -3.6088 6.8291 29.3326 8.3247 -5.1447 -0.0533 -0.2819 -20.0566 6.8953 3.9253 15.3570 2.7609 1.3070 -9.0294 -25.7201 8.1593 4.6028 -19.4162 44.2430 0.0000 0.0000 25.1664 3.0894 -6.9752 -0.5504 0.0000 -0.0000 0.0000 -0.0000 0.0000 0.0000 -10.7123 19.2708 -8.1075 11.9672 5.2818 -54.1086 -0.0000 -0.0000 -4.5825 -2.1735 5.5709 -3.6923 -0.0000 -0.0000 0.0000 0.0000 -0.0000 0.0000 14.094215 11.834830 -9.618190 19.414080 0.000000 0.000000 -14.294275 -6.640395 2.964440 -4.488510 0.000000 0.000000 -12.163340 2.617930 2.089935 -6.342930 0.000000 0.000000 14.448110 0.576120 13.706200 -5.638690 0.000000 0.000000
5.2475 -102.1369 23.4434 -0.0703 -3.4527 -9.6277 -2.0614 0.5223 -1.1973 -0.7187 -9.8623 -1.4032 7.8543 13.0335 7.9414 -5.7576 4.3371 -0.6023 -25.0886 13.0234 7.2840 11.0639 2.8125 0.6775 -7.6538 -19.1284 11.6982 5.3757 -20.7834 45.5297 0.0000 0.0000 20.9816 1.0982 -8.3218 -1.1610 0.0000 0.0000 0.0000 0.0000 0.0000 0.0000 -8.5538 19.4965 -8.6701 9.5242 8.1060 -54.1068 -0.0000 -0.0000 -2.8964 -2.7723 3.3495 -2.6515 -0.0000 0.0000 -0.0000 0.0000 0.0000 0.0000 7.934350 11.742945 -6.688070 27.927425 0.000000 0.000000 -9.966670 -7.406755 1.065625 -5.416965 0.000000 0.000000 -13.602900 2.003295 4.466705 -3.590375 0.000000 0.000000 12.212865 -0.026870 11.708700 -6.318860 0.000000 0.000000
5.4879 -102.5179 23.6332 1.1664 -2.8729 -11.8913 -0.6360 -1.0180 -0.8841 -0.5065 -6.1666 -0.6258 7.6451 7.9460 9.2405 -5.8498 5.6085 -0.3061 -28.9750 15.1150 9.8677 5.4002 2.8228 -0.0006 -5.7420 -13.1849 15.5446 5.5993 -18.7970 46.2794 0.0000 0.0000 18.3024 -0.8280 -8.8853 -0.9698 -0.0000 0.0000 -0.0000 0.0000 -0.0000 0.0000 -5.7663 16.3491 -10.9403 7.8939 9.5790 -54.0717 -0.0000 -0.0000 -1.9417 -4.7952 2.0991 -2.6398 -0.0000 0.0000 0.0000 -0.0000 -0.0000 0.0000 -0.078685 12.245465 -3.480510 38.297000 0.000000 0.000000 -4.488760 -7.035560 0.050555 -4.267000 0.000000 0.000000 -15.041780 1.368515 8.035600 -0.888140 0.000000 0.000000 10.234235 -0.516640 9.798580 -6.713175 0.000000 0.000000
5.6946 -102.8226 23.7216 2.3375 -4.1743 -14.3565 -0.3401 -0.2299 -0.5206 -0.5581 -4.5699 -0.2393 7.6740 7.3401 10.4085 -5.9920 5.1292 0.2277 -31.4432 14.0835 10.5402 1.0033 2.6943 0.2145 -4.7337 -11.0059 17.1120 5.3434 -15.9409 47.2014 0.0000 0.0000 17.3459 -1.0964 -8.2396 -0.9142 0.0000 0.0000 -0.0000 -0.0000 0.0000 0.0000 -4.6049 14.9022 -13.2918 7.8188 8.1027 -52.6604 -0.0000 -0.0000 -2.1618 -5.8463 2.9342 -3.3668 0.0000 0.0000 -0.0000 -0.0000 0.0000 -0.0000 -8.644900 13.584045 -0.239120 47.896645 0.000000 0.000000 0.175360 -5.182475 -0.792475 -2.286670 0.000000 0.000000 -15.615955 2.212565 9.816945 -0.376950 0.000000 0.000000 8.361685 -1.008535 9.943505 -6.929245 0.000000 0.000000
5.8269 -103.2418 23.7788 3.1256 -5.5274 -15.9121 -0.7371 1.3427 -0.2505 -0.6388 -3.8932 -0.0682 7.7037 7.4863 10.8034 -6.3848 4.4080 0.6144 -32.5537 11.8772 9.9894 -0.9822 2.6723 0.8425 -4.5733 -11.9333 16.6909 4.2652 -16.0646 48.7156 0.0000 0.0000 17.6625 -0.1840 -6.6126 -1.4486 0.0000 -0.0000 -0.0000 0.0000 -0.0000 -0.0000 -4.5855 16.0341 -14.4052 7.7505 6.7059 -50.5459 -0.0000 -0.0000 -2.9945 -5.0141 4.0014 -3.9814 0.0000 0.0000 0.0000 -0.0000 0.0000 -0.0000 -15.258495 14.261410 1.974365 54.223875 0.000000 0.000000 1.092170 -2.835965 -1.490835 -1.585505 0.000000 0.000000 -14.775645 3.434610 8.915520 -1.984130 0.000000 0.000000 7.608415 -1.117080 11.973985 -7.214845 0.000000 0.000000
5.8774 -103.7976 23.8653 2.5781 -5.3779 -15.6641 -0.4576 2.3147 -0.1764 -0.4015 -3.7791 -0.1192 7.9961 6.9067 10.1437 -6.8636 4.1417 0.6092 -32.8955 10.4948 9.5755 -1.2780 2.7670 0.8296 -4.7722 -13.1597 16.2289 2.9637 -19.4686 49.3954 0.0000 0.0000 19.2961 -0.0918 -4.8970 -1.6215 0.0000 0.0000 0.0000 0.0000 0.0000 0.0000 -4.5008 17.3515 -14.0425 6.7565 7.7335 -49.3263 -0.0000 -0.0000 -3.5685 -4.4332 3.3441 -3.7201 0.0000 0.0000 -0.0000 0.0000 0.0000 -0.0000 -17.701905 14.010490 1.737555 56.357290 0.000000 0.000000 -1.786525 -1.171155 -2.234500 -2.135030 0.000000 0.000000 -12.516770 4.028675 7.219770 -3.329340 0.000000 0.000000 7.270540 -1.108495 13.170190 -7.458285 0.000000 0.000000
5.8944 -104.3130 23.9717 1.2487 -4.5054 -13.4927 0.4074 2.6457 -0.3109 -0.0144 -3.4705 -0.2084 8.4033 5.5765 8.8879 -7.0950 4.1358 0.3645 -32.8348 10.5515 9.6115 -1.0212 2.8342 0.0550 -4.7170 -13.2660 16.6312 2.2641 -22.5547 48.7436 0.0000 0.0000 21.0284 -2.2301 -3.9969 -0.6938 0.0000 -0.0000 0.0000 -0.0000 -0.0000 0.0000 -3.8813 17.3352 -13.3445 6.2387 10.0659 -49.7194 -0.0000 -0.0000 -3.2693 -5.3774 1.5292 -3.0804 0.0000 -0.0000 0.0000 -0.0000 0.0000 0.0000 -17.461440 13.634535 -0.334405 55.018455 0.000000 0.000000 -5.304505 -0.552610 -3.934330 -2.365465 0.000000 0.000000 -10.451865 4.371735 6.560850 -2.661070 0.000000 0.000000 5.864215 -1.450110 11.765310 -7.513960 0.000000 0.000000
5.8940 -104.7092 24.0593 0.5737 -3.8628 -10.7891 0.8590 2.5531 -0.4252 0.1019 -2.9598 -0.2150 8.4706 4.5006 8.1602 -6.9425 4.0659 0.2336 -32.3084 11.2061 9.5456 -0.5953 2.9272 -0.6987 -4.3414 -12.6730 17.1199 2.4496 -23.1902 48.1853 0.0000 0.0000 21.3228 -4.9014 -4.3247 0.3337 0.0000 0.0000 -0.0000 -0.0000 -0.0000 -0.0000 -3.2734 16.4117 -13.2047 7.5627 11.5687 -51.2809 -0.0000 -0.0000 -2.3245 -6.1840 1.3320 -2.9265 0.0000 0.0000 0.0000 -0.0000 0.0000 0.0000 -17.635435 13.070985 -2.007375 51.812850 0.000000 0.000000 -7.439705 -0.374620 -7.153705 -1.941570 0.000000 0.000000 -9.666125 4.555505 6.963665 -0.933785 0.000000 0.000000 3.800160 -1.871880 8.989550 -7.479960 0.000000 0.000000
5.8653 -105.0559 24.1153 0.7686 -3.5620 -8.9390 0.6365 2.3143 -0.3736 -0.0852 -2.7962 -0.1667 8.3723 4.3566 8.4683 -6.6534 4.0015 0.3665 -31.5198 11.6199 9.2708 0.1541 3.0202 -0.9375 -4.2047 -12.0984 17.0895 3.1941 -22.6625 48.4360 0.0000 0.0000 20.3247 -5.1527 -5.7171 0.2117 -0.0000 0.0000 -0.0000 0.0000 -0.0000 -0.0000 -3.1860 15.7020 -13.4448 9.7051 11.6149 -52.7900 -0.0000 -0.0000 -1.6200 -5.0793 3.8752 -3.3602 0.0000 -0.0000 0.0000 0.0000 0.0000 -0.0000 -19.138490 12.171260 -1.785780 47.809010 0.000000 0.000000 -8.850620 -0.105425 -10.502790 -1.709010 0.000000 0.000000 -9.604755 4.551680 7.206680 0.243380 0.000000 0.000000 2.395960 -1.896785 7.191800 -7.608905 0.000000 0.000000
5.8116 -105.3849 24.1422 0.8558 -3.7108 -7.5941 0.3879 2.2871 -0.2304 -0.1790 -2.9135 -0.1306 8.3229 4.9157 9.2084 -6.4921 4.1033 0.5341 -30.7758 11.5784 9.0193 1.3129 2.8380 -0.8975 -4.5499 -11.9458 16.8758 3.7274 -22.7226 48.7568 0.0000 0.0000 19.1937 -2.8827 -7.3848 -0.7257 0.0000 0.0000 -0.0000 -0.0000 -0.0000 0.0000 -3.4506 15.5069 -13.5700 11.1005 11.0478 -53.4967 -0.0000 -0.0000 -1.4373 -2.9682 7.0383 -4.0176 -0.0000 0.0000 0.0000 0.0000 0.0000 -0.0000 -20.696370 11.500440 -0.070565 43.419355 0.000000 0.000000 -10.068670 0.680230 -11.390955 -1.688440 0.000000 0.000000 -9.241635 4.823765 6.667015 0.689035 0.000000 0.000000 1.627900 -1.691765 6.576740 -7.890935 0.000000 0.000000
5.7285 -105.6696 24.1510 0.5783 -4.1531 -5.3367 0.4393 2.4816 -0.1225 -0.0206 -3.0274 -0.1256 8.1296 5.7834 9.4916 -6.4563 4.2019 0.5290 -29.9570 11.2220 8.6734 2.7842 2.1716 -0.8800 -5.0599 -12.2631 16.6867 3.6436 -23.7037 48.3385 0.0000 0.0000 18.4918 -1.6273 -8.4027 -1.4004 0.0000 -0.0000 -0.0000 -0.0000 0.0000 0.0000 -3.7391 15.4505 -13.5117 11.6459 10.6774 -53.7360 -0.0000 -0.0000 -1.3303 -2.0998 8.2851 -4.2645 -0.0000 -0.0000 0.0000 0.0000 -0.0000 0.0000 -21.396175 11.421815 1.842700 38.832075 0.000000 0.000000 -10.652450 1.819060 -8.517700 -1.333820 0.000000 0.000000 -8.360525 5.440695 5.037480 0.726350 0.000000 0.000000 0.854315 -1.464645 6.169080 -8.149505 0.000000 0.000000
5.6085 -105.9433 24.1646 0.3841 -4.4458 -1.6204 0.5228 2.6788 -0.0144 0.1627 -2.9246 -0.1334 7.7779 6.2791 9.2059 -6.3832 4.1922 0.3724 -28.8091 10.6990 8.1542 4.4208 1.2031 -0.7543 -5.5244 -12.6457 16.3334 3.0586 -25.1684 47.1343 0.0000 0.0000 17.8831 -4.4933 -8.7726 -1.5776 0.0000 0.0000 -0.0000 -0.0000 -0.0000 -0.0000 -3.9356 15.4689 -13.3290 11.9486 10.5845 -54.1264 -0.0000 -0.0000 -1.0656 -2.5311 7.1644 -4.2600 -0.0000 -0.0000 -0.0000 0.0000 -0.0000 0.0000 -21.287800 11.740820 3.315920 33.999995 0.000000 0.000000 -10.820410 1.901255 -2.377640 -1.117155 0.000000 0.000000 -7.179280 5.920095 2.073360 0.210400 0.000000 0.000000 0.146180 -0.957365 5.860275 -8.375690 0.000000 0.000000
5.4469 -106.2468 24.1981 0.3012 -4.2778 2.9263 0.4806 2.7418 0.1559 0.2461 -2.9077 -0.1558 7.5954 6.4214 8.7862 -6.2432 4.0545 0.2686 -27.4609 10.0530 7.6973 5.9790 0.3252 -0.3131 -6.0223 -12.8512 15.6847 2.0357 -26.6438 45.6049 0.0000 0.0000 16.9092 -10.4593 -9.0391 -1.8343 -0.0000 -0.0000 0.0000 -0.0000 -0.0000 -0.0000 -4.0899 15.7879 -13.0075 12.0935 10.4870 -54.7222 -0.0000 -0.0000 -0.9642 -2.8570 5.1939 -4.5049 -0.0000 0.0000 0.0000 0.0000 -0.0000 0.0000 -20.607120 11.994120 5.027055 28.971650 0.000000 0.000000 -10.539570 -0.937405 4.962620 -1.611600 0.000000 0.000000 -5.967435 5.811295 -1.328255 -0.527315 0.000000 0.000000 -0.400795 -0.008595 5.373735 -8.607230 0.000000 0.000000
5.2525 -106.5433 24.2337 -0.0296 -4.0635 7.7435 0.5848 2.8663 0.2835 0.3867 -3.0369 -0.1891 7.6284 6.4515 8.6305 -6.1258 3.8658 0.2687 -26.1242 9.3527 7.4506 7.1683 -0.2522 0.3088 -6.5906 -12.9112 14.9380 0.3860 -27.9837 43.9804 0.0000 0.0000 15.6607 -15.7974 -8.8082 -2.6584 -0.0000 0.0000 0.0000 -0.0000 -0.0000 0.0000 -4.3353 16.2837 -12.5967 11.9554 10.3588 -55.2068 -0.0000 -0.0000 -1.2427 -2.7457 3.8228 -4.8029 0.0000 0.0000 0.0000 -0.0000 0.0000 0.0000 -19.757630 12.184520 8.058580 25.035980 0.000000 0.000000 -9.366060 -5.923420 10.643255 -2.131885 0.000000 0.000000 -5.045100 5.473845 -3.300850 -0.484985 0.000000 0.000000 -1.067790 0.981145 3.274150 -8.661630 0.000000 0.000000
5.0323 -106.7787 24.2401 -0.2389 -4.3208 13.0002 0.8840 3.2415 0.2643 0.6226 -3.1179 -0.1913 7.4669 6.5564 8.6640 -6.0332 3.6634 0.2992 -24.7661 8.7482 7.1844 7.9303 -0.5949 0.7671 -7.0869 -12.9001 14.3027 -1.8407 -29.0832 42.2977 0.0000 0.0000 14.5535 -18.8952 -7.1952 -3.7715 0.0000 0.0000 -0.0000 -0.0000 0.0000 0.0000 -4.7736 16.5727 -12.2972 11.7376 10.3005 -55.3545 -0.0000 -0.0000 -1.6384 -2.7329 3.3483 -4.9095 -0.0000 -0.0000 -0.0000 0.0000 0.0000 0.0000 -19.819595 12.576455 11.985920 24.589645 0.000000 0.000000 -8.917685 -9.891475 13.595050 -2.215440 0.000000 0.000000 -4.891760 5.477925 -3.576080 0.621715 0.000000 0.000000 -1.728070 1.714610 -0.769980 -8.401700 0.000000 0.000000
4.7873 -106.9878 24.2147 0.0877 -4.9828 18.9392 1.1382 3.7028 0.2245 0.8685 -3.0366 -0.1669 7.0248 6.7943 8.6121 -5.8951 3.5012 0.2766 -23.3640 8.3241 6.7062 8.5479 -0.8072 0.8814 -7.4722 -12.8090 13.8025 -4.1588 -29.8703 40.6846 0.0000 0.0000 13.8506 -21.1684 -4.0378 -4.7977 0.0000 -0.0000 0.0000 -0.0000 0.0000 0.0000 -5.3778 16.5512 -12.1366 11.6155 10.2341 -55.1756 -0.0000 -0.0000 -1.8089 -2.8550 3.2598 -4.9952 -0.0000 -0.0000 0.0000 0.0000 0.0000 0.0000 -20.971005 13.166525 15.197560 28.059175 0.000000 0.000000 -10.917565 -11.107740 14.551045 -1.986365 0.000000 0.000000 -5.077655 5.833395 -4.506490 1.414000 0.000000 0.000000 -1.790630 2.654285 -4.494935 -8.134800 0.000000 0.000000
4.5362 -107.2274 24.1817 0.6948 -5.9029 25.2446 1.3158 3.9564 0.3182 1.1273 -2.9031 -0.1386 6.6872 7.2894 8.5474 -5.7321 3.5290 0.1799 -22.1166 8.0397 6.1403 9.3442 -0.8958 0.7464 -7.9017 -12.6807 13.2440 -6.2669 -30.6900 39.3248 0.0000 0.0000 13.4550 -23.6829 0.1253 -5.6024 -0.0000 0.0000 0.0000 -0.0000 -0.0000 0.0000 -6.0945 16.5025 -11.8687 11.4635 10.0524 -54.6890 -0.0000 -0.0000 -1.8330 -2.6574 2.9748 -5.0690 0.0000 0.0000 0.0000 -0.0000 0.0000 -0.0000 -22.026365 13.916395 17.437480 33.231170 0.000000 0.000000 -14.804700 -10.699485 14.041640 -1.386775 0.000000 0.000000 -4.524390 6.315685 -7.759440 0.574200 0.000000 0.000000 -1.189255 4.388200 -6.174195 -8.152820 0.000000 0.000000
4.2848 -107.4881 24.1499 1.3846 -6.8736 31.3296 1.4707 3.7995 0.5887 1.5049 -3.3029 -0.1678 6.3897 8.7435 8.8418 -5.6074 3.7143 0.1150 -21.1200 7.7498 5.5896 10.3274 -0.8374 0.5799 -8.4854 -12.7147 12.4000 -8.5437 -32.2257 38.0772 0.0000 0.0000 13.0960 -25.8891 4.3831 -6.0962 -0.0000 -0.0000 0.0000 -0.0000 -0.0000 0.0000 -6.8633 16.4748 -11.4166 11.1508 9.9256 -53.7815 -0.0000 -0.0000 -1.9686 -2.2787 2.3585 -4.9630 -0.0000 -0.0000 -0.0000 0.0000 -0.0000 0.0000 -22.262580 14.597755 19.083845 38.029335 0.000000 0.000000 -18.873480 -10.243715 12.806845 -0.550545 0.000000 0.000000 -3.226865 6.518325 -12.321475 -1.534735 0.000000 0.000000 -0.604795 6.468915 -6.514960 -8.182740 0.000000 0.000000
4.0139 -107.7400 24.1027 2.5115 -7.6235 37.0386 1.4873 3.3718 0.8734 1.8286 -3.9827 -0.1830 5.8325 10.7505 9.7246 -5.4603 4.0111 0.1262 -20.2536 7.4916 5.1541 11.2432 -0.7207 0.5250 -9.1046 -12.9412 11.5566 -11.2653 -34.2873 36.5187 0.0000 0.0000 12.8075 -27.8409 7.7999 -6.2629 -0.0000 -0.0000 0.0000 -0.0000 -0.0000 0.0000 -7.5480 16.3208 -10.8915 10.6736 9.9756 -52.4659 -0.0000 -0.0000 -2.0863 -2.5595 1.6442 -4.9176 0.0000 0.0000 -0.0000 -0.0000 -0.0000 0.0000 -21.984205 15.265430 19.848250 41.665975 0.000000 0.000000 -22.087245 -9.839880 11.857225 0.089080 0.000000 0.000000 -2.411800 6.550370 -16.074055 -3.469335 0.000000 0.000000 -0.309080 8.174355 -7.164870 -7.945845 0.000000 0.000000
3.6932 -107.9860 24.0332 4.1198 -7.9668 42.4120 1.3247 3.0245 1.0648 1.9591 -4.7484 -0.1820 5.0900 12.7617 11.1678 -5.2139 4.1936 0.2578 -19.5035 7.5133 5.0167 11.8844 -0.7385 0.5405 -9.6018 -13.1597 11.2357 -13.5980 -35.5057 34.8181 0.0000 0.0000 12.9985 -30.3498 9.7649 -6.3251 0.0000 0.0000 -0.0000 0.0000 0.0000 0.0000 -8.0854 16.2955 -10.3570 10.0228 9.7588 -50.8941 -0.0000 -0.0000 -1.9205 -3.7120 0.9390 -5.0825 -0.0000 0.0000 -0.0000 0.0000 0.0000 0.0000 -21.457375 15.838500 19.884800 44.275560 0.000000 0.000000 -24.775880 -9.240205 11.041140 0.253980 0.000000 0.000000 -2.730295 6.698185 -18.444365 -4.410965 0.000000 0.000000 0.109630 9.904870 -8.554110 -7.765730 0.000000 0.000000
3.2968 -108.2247 23.9485 5.8608 -7.7974 47.3172 0.9937 2.7239 1.1854 1.9393 -5.4949 -0.1644 4.6244 14.3881 13.0649 -4.9695 4.3110 0.5175 -19.0512 7.8981 5.2231 12.2659 -0.9402 0.5280 -9.8676 -13.1666 11.4396 -14.5786 -35.2360 33.8070 0.0000 0.0000 13.7766 -32.6499 10.2139 -6.4477 -0.0000 -0.0000 -0.0000 -0.0000 0.0000 0.0000 -8.7430 16.9219 -9.7053 9.2970 8.7592 -49.0555 -0.0000 -0.0000 -1.6991 -4.5285 0.1115 -4.9981 -0.0000 0.0000 0.0000 0.0000 -0.0000 -0.0000 -20.821150 15.798720 20.071035 46.208800 0.000000 0.000000 -27.324860 -9.012490 9.853010 0.141355 0.000000 0.000000 -4.061990 6.865295 -19.910615 -4.418020 0.000000 0.000000 0.913560 12.099145 -10.586120 -7.880310 0.000000 0.000000
2.8300 -108.4544 23.8570 7.3544 -7.3297 51.6908 0.8949 2.2198 1.2498 2.0818 -6.4096 -0.1401 4.1314 16.0602 15.3437 -4.8514 4.5720 0.8602 -18.8018 8.2577 5.4643 12.4670 -1.1226 0.5240 -9.6922 -13.0006 11.6727 -14.7559 -34.6785 33.7187 0.0000 0.0000 14.7141 -33.1618 9.9671 -6.1469 0.0000 0.0000 -0.0000 0.0000 0.0000 0.0000 -9.7543 17.7649 -8.9096 8.5670 7.6812 -46.7247 -0.0000 -0.0000 -1.8167 -3.8984 -0.8496 -4.5176 -0.0000 0.0000 -0.0000 0.0000 -0.0000 -0.0000 -19.763835 15.078685 20.429990 46.829555 0.000000 0.000000 -28.748440 -9.571110 9.158985 0.064175 0.000000 0.000000 -5.767430 6.900740 -20.922710 -4.019370 0.000000 0.000000 1.886810 13.986145 -13.030210 -7.929950 0.000000 0.000000
2.2924 -108.6868 23.7460 8.8222 -6.6408 55.6993 1.2569 1.4564 1.2858 2.5232 -7.0863 -0.0404 2.9115 17.8032 17.8248 -4.8564 5.0175 1.2045 -18.4846 8.3068 5.5113 12.4167 -1.1561 0.6824 -9.0172 -12.7898 11.7426 -14.9813 -35.0226 34.1925 0.0000 0.0000 15.5202 -32.6581 9.9106 -4.9881 -0.0000 0.0000 -0.0000 0.0000 -0.0000 -0.0000 -10.7647 17.9249 -8.0761 7.4909 7.4806 -43.9237 -0.0000 -0.0000 -2.0131 -2.7347 -1.7415 -4.1186 0.0000 0.0000 0.0000 0.0000 -0.0000 0.0000 -18.183345 14.289630 20.118635 44.872600 0.000000 0.000000 -27.897080 -10.040055 9.794700 0.003145 0.000000 0.000000 -7.652985 6.847105 -22.229500 -3.808485 0.000000 0.000000 2.634895 15.243890 -14.598035 -7.730965 0.000000 0.000000
1.6350 -108.9398 23.5971 10.1395 -5.4245 59.3439 2.0308 0.3987 1.3332 3.2251 -7.4479 0.1315 1.0405 19.3429 20.3941 -4.9885 5.5483 1.5017 -18.2380 8.3161 5.6689 12.0331 -1.1651 1.0616 -8.1596 -12.5052 11.8882 -14.3984 -35.4043 35.4657 0.0000 0.0000 16.3139 -33.2015 9.7917 -3.4170 -0.0000 0.0000 -0.0000 -0.0000 0.0000 0.0000 -11.3349 17.6726 -7.1876 5.9258 7.3391 -41.1241 -0.0000 -0.0000 -1.7873 -2.4341 -2.4788 -3.8212 0.0000 -0.0000 0.0000 -0.0000 0.0000 0.0000 -16.419000 13.264870 19.190520 40.483200 0.000000 0.000000 -25.884620 -8.837645 10.118125 -0.029835 0.000000 0.000000 -9.977565 6.331495 -24.543455 -3.976615 0.000000 0.000000 3.211705 17.204330 -14.529100 -7.714985 0.000000 0.000000
0.8007 -109.2016 23.4289 10.2787 -3.4258 62.4008 3.2567 -1.3756 1.4075 4.2503 -8.3394 0.2742 -0.7354 20.5919 23.1959 -5.2962 6.3684 1.7068 -18.5426 8.8072 6.6083 11.5030 -1.2981 1.6267 -7.4815 -11.9296 12.2621 -11.7651 -34.2162 38.2591 0.0000 0.0000 17.0569 -33.7727 9.3666 -2.4766 -0.0000 -0.0000 -0.0000 -0.0000 0.0000 0.0000 -11.9056 18.3743 -5.7666 4.7340 5.6543 -38.8823 -0.0000 -0.0000 -1.3939 -2.9856 -2.9443 -3.2960 0.0000 -0.0000 0.0000 -0.0000 0.0000 -0.0000 -15.521910 10.779045 18.857830 36.349480 0.000000 0.000000 -24.852380 -5.824225 8.009955 0.143225 0.000000 0.000000 -13.053715 4.702385 -26.928300 -3.695945 0.000000 0.000000 3.668240 19.889905 -14.656855 -7.889575 0.000000 0.000000
-0.1762 -109.4483 23.2987 8.5453 -0.8629 65.0665 4.7791 -3.9024 1.5308 5.5075 -10.0364 0.3838 -1.6223 20.7259 26.1357 -5.6602 7.6637 1.8188 -19.3482 10.1304 8.7969 11.1338 -1.5397 2.4226 -6.9434 -10.6658 12.9087 -7.4676 -31.4044 42.3353 0.0000 0.0000 17.3956 -31.8639 9.5658 -2.5111 -0.0000 -0.0000 0.0000 -0.0000 -0.0000 0.0000 -13.1780 20.5211 -3.1834 4.7667 3.0646 -37.4227 -0.0000 -0.0000 -1.1628 -3.9860 -3.0551 -2.7563 0.0000 -0.0000 -0.0000 0.0000 0.0000 -0.0000 -16.566050 6.491985 18.848225 35.159140 0.000000 0.000000 -24.611575 -2.544245 4.511015 0.693175 0.000000 0.000000 -16.820915 2.107675 -27.265920 -1.820760 0.000000 0.000000 3.306310 20.190805 -16.414230 -7.747710 0.000000 0.000000
-1.1133 -109.6990 23.2519 5.6429 1.1222 68.2738 6.1241 -6.2701 1.7226 6.1869 -10.6548 0.5053 -0.6276 17.9223 28.1548 -5.7546 8.8792 1.8924 -19.7955 11.8304 11.8660 10.9376 -1.6837 3.4944 -6.2530 -8.4837 14.0362 -2.6553 -28.5780 46.4790 0.0000 0.0000 16.9815 -28.3410 10.8689 -2.7191 -0.0000 -0.0000 0.0000 -0.0000 -0.0000 0.0000 -14.6340 22.4559 0.4259 5.6073 2.6081 -36.7645 -0.0000 -0.0000 -0.3019 -4.9899 -2.6525 -2.2018 0.0000 -0.0000 0.0000 -0.0000 0.0000 0.0000 -18.281520 2.326815 16.853190 35.682315 0.000000 0.000000 -23.546865 -0.605650 2.365360 1.242955 0.000000 0.000000 -20.113305 -0.312955 -24.789105 1.227595 0.000000 0.000000 0.937020 16.118965 -16.981095 -7.837300 0.000000 0.000000
-1.8255 -109.9675 23.3189 3.2561 1.5135 72.9081 6.9775 -7.8356 1.9372 5.8149 -9.3581 0.5207 1.4498 13.9626 28.5237 -5.4248 8.8152 2.0786 -19.3066 12.2088 14.1476 10.6582 -1.5847 4.5462 -5.2807 -6.3722 15.2868 2.2626 -27.0820 50.0738 0.0000 0.0000 15.6172 -25.9692 12.1628 -2.5446 -0.0000 -0.0000 -0.0000 -0.0000 -0.0000 0.0000 -14.5443 21.8811 2.9845 6.6463 5.6811 -36.5752 -0.0000 0.0000 2.0318 -4.4132 -0.4894 -1.2360 -0.0000 0.0000 0.0000 -0.0000 -0.0000 0.0000 -18.310760 0.400970 12.800475 34.799505 0.000000 0.000000 -21.431810 0.291610 1.700915 1.439900 0.000000 0.000000 -21.605650 -1.223220 -20.127280 3.632840 0.000000 0.000000 -1.994970 9.835000 -13.325330 -8.876170 0.000000 0.000000
-2.3247 -110.2159 23.4989 2.4534 1.0596 79.2002 7.1073 -8.5917 2.0116 4.8056 -7.4014 0.5156 3.3097 11.6453 27.5500 -4.9022 7.7100 2.3679 -18.4960 10.3668 14.3413 10.0667 -1.6660 4.9213 -3.9715 -5.3424 16.0325 6.7835 -27.3906 53.3659 0.0000 0.0000 13.1863 -24.0862 11.6558 -3.1411 0.0000 0.0000 0.0000 -0.0000 -0.0000 0.0000 -12.6332 19.0166 2.7457 8.4488 9.5076 -36.1369 -0.0000 0.0000 4.7140 -0.7555 5.0097 -0.5735 0.0000 -0.0000 0.0000 0.0000 -0.0000 0.0000 -16.551855 0.457920 8.738750 31.772400 0.000000 0.000000 -19.266350 1.311695 0.417160 1.365185 0.000000 0.000000 -21.892270 -0.149925 -13.541310 5.010520 0.000000 0.000000 -3.137625 5.034285 -6.940300 -9.643040 0.000000 0.000000
-2.7413 -110.4544 23.7226 2.2606 1.1260 86.6056 6.6478 -8.9727 1.9360 3.8039 -6.1025 0.5533 4.4639 10.9960 26.4040 -4.4722 6.5890 2.6789 -18.1810 7.5291 12.7248 9.1048 -2.4040 4.1054 -2.4584 -4.8451 16.3426 10.5785 -29.3161 56.7035 0.0000 0.0000 10.2645 -20.4165 8.5868 -5.3191 0.0000 0.0000 -0.0000 0.0000 -0.0000 -0.0000 -10.4264 16.0377 0.8237 11.5013 10.6882 -35.8264 -0.0000 0.0000 5.9855 6.0491 12.8214 -1.7215 0.0000 0.0000 0.0000 0.0000 -0.0000 0.0000 -14.723420 0.548615 5.954150 28.093345 0.000000 0.000000 -17.319085 2.647130 -2.882285 1.140020 0.000000 0.000000 -22.440180 1.277905 -5.757350 6.496575 0.000000 0.000000 -3.539165 3.118980 -2.964255 -9.254930 0.000000 0.000000
-3.1392 -110.7220 23.9031 1.4945 1.7729 93.9972 6.1958 -9.3730 1.9030 3.2033 -5.7583 0.6129 4.7721 11.0888 26.0681 -4.2797 5.9041 2.9232 -18.4923 5.2256 10.3700 7.9554 -3.6272 2.1510 -1.2300 -4.3178 16.7334 14.7069 -30.4228 60.4448 0.0000 0.0000 8.3987 -15.3516 3.2325 -7.1738 -0.0000 -0.0000 0.0000 0.0000 -0.0000 0.0000 -9.0966 14.2950 -0.7996 14.1514 9.1476 -36.0063 -0.0000 0.0000 5.7452 13.1414 19.0258 -4.3057 -0.0000 -0.0000 -0.0000 -0.0000 -0.0000 -0.0000 -13.849450 -0.094665 3.783335 24.991695 0.000000 0.000000 -15.198845 3.660245 -7.088170 0.712300 0.000000 0.000000 -23.474375 1.421640 1.902680 8.642230 0.000000 0.000000 -4.143260 1.882995 -3.671115 -9.059090 0.000000 0.000000
-3.5108 -111.0053 23.9950 0.2731 2.3889 100.7012 6.0506 -9.7240 1.9731 3.0400 -5.8309 0.6654 4.5243 11.2803 26.5073 -4.3336 5.5535 3.1418 -19.0988 3.9007 8.1511 6.8987 -4.7885 -0.3315 -0.6039 -3.9374 17.4478 19.6407 -27.4497 64.4668 0.0000 0.0000 8.6749 -8.6732 -3.6705 -6.1465 -0.0000 -0.0000 0.0000 0.0000 -0.0000 0.0000 -8.7260 13.6588 -1.5728 14.0114 7.3538 -36.1863 -0.0000 0.0000 5.0017 14.8218 20.5072 -4.8759 0.0000 0.0000 0.0000 0.0000 -0.0000 0.0000 -13.587055 -0.885675 0.938130 22.400300 0.000000 0.000000 -13.126970 4.437995 -10.310520 0.265285 0.000000 0.000000 -24.618900 0.442355 8.361320 11.563510 0.000000 0.000000 -4.899675 -0.154285 -5.836660 -9.333555 0.000000 0.000000
-3.8342 -111.2718 24.0204 -1.0770 2.6050 106.9803 6.1195 -9.9738 2.0305 3.1055 -6.0293 0.6952 4.2704 11.4149 27.1256 -4.5615 5.4106 3.3686 -19.7987 3.0339 6.2733 6.0602 -5.5829 -2.6934 -0.2347 -4.2440 18.2844 23.3092 -20.7676 67.5734 0.0000 0.0000 10.4152 -0.9171 -8.0713 -1.5396 0.0000 0.0000 0.0000 -0.0000 -0.0000 -0.0000 -8.8230 13.5772 -2.1692 11.1700 6.5910 -36.0091 -0.0000 0.0000 4.1093 10.2907 17.0290 -3.3895 -0.0000 -0.0000 0.0000 0.0000 -0.0000 0.0000 -13.284625 -1.659345 -2.348735 19.982475 0.000000 0.000000 -11.416855 5.865145 -12.504625 0.186830 0.000000 0.000000 -25.489045 -1.091470 12.853655 15.249025 0.000000 0.000000 -5.916105 -1.670855 -5.738740 -9.281025 0.000000 0.000000
-4.0892 -111.4975 24.0464 -2.7455 2.5309 113.3832 5.9218 -10.3351 2.0130 3.1773 -6.5551 0.6748 4.2052 11.7495 27.5478 -4.8437 5.3448 3.5363 -20.6565 2.0344 4.4809 5.4379 -6.1634 -4.6746 0.0694 -5.3107 18.6572 24.4354 -15.3712 69.6745 0.0000 0.0000 12.0544 2.3929 -7.8167 1.8749 -0.0000 0.0000 -0.0000 0.0000 -0.0000 -0.0000 -9.0164 14.1587 -2.9249 7.7636 5.6956 -35.7712 -0.0000 0.0000 2.7020 4.7114 11.5425 -3.0802 0.0000 0.0000 0.0000 0.0000 -0.0000 0.0000 -12.785675 -2.665405 -5.605085 17.285340 0.000000 0.000000 -9.680475 7.566505 -14.469825 0.456195 0.000000 0.000000 -25.808135 -2.929765 14.969220 18.494920 0.000000 0.000000 -7.126760 -1.802945 -3.398180 -8.623550 0.000000 0.000000
-4.2531 -111.6582 24.1161 -4.6968 2.2485 120.2550 5.2661 -10.7225 1.9085 3.1195 -7.2972 0.6123 4.0598 12.3372 27.5120 -5.1173 5.1436 3.5753 -21.7199 0.5406 2.4735 5.0318 -6.7415 -6.3078 0.1887 -6.9798 18.2581 23.9978 -14.2961 71.4291 0.0000 0.0000 13.1735 1.4880 -5.3378 1.9642 0.0000 -0.0000 -0.0000 0.0000 0.0000 0.0000 -9.2533 15.2388 -3.5728 5.3411 4.1485 -36.0515 -0.0000 0.0000 0.7623 1.1980 6.9198 -3.7753 0.0000 0.0000 0.0000 0.0000 0.0000 -0.0000 -11.615565 -3.814010 -9.713135 13.224465 0.000000 0.000000 -7.543320 8.067155 -15.991155 0.626110 0.000000 0.000000 -25.489385 -4.715190 15.580285 20.240650 0.000000 0.000000 -8.734705 -2.837310 -1.899460 -8.188010 0.000000 0.000000
-4.3288 -111.7372 24.1856 -6.3939 1.7764 127.4225 4.3979 -10.5525 1.7860 2.9578 -7.6414 0.5678 3.6581 12.5196 26.7885 -5.3977 4.6400 3.5516 -22.8244 -1.2793 0.2467 4.7691 -7.2759 -7.7061 0.2255 -8.5407 17.5760 23.1737 -16.5161 72.6500 0.0000 0.0000 14.7485 0.3182 -1.0089 1.1046 0.0000 -0.0000 0.0000 0.0000 0.0000 0.0000 -9.4589 15.8895 -4.1962 3.9618 3.1413 -36.6801 -0.0000 -0.0000 -1.0885 0.1782 3.9896 -4.3332 -0.0000 -0.0000 -0.0000 -0.0000 -0.0000 0.0000 -9.526265 -5.018375 -14.862775 7.670650 0.000000 0.000000 -5.464390 7.203385 -16.536855 0.473025 0.000000 0.000000 -24.747165 -6.197675 15.456440 21.292100 0.000000 0.000000 -10.796635 -6.109045 -1.746120 -8.668090 0.000000 0.000000
-4.3764 -111.7507 24.1890 -7.8598 1.2170 133.9163 3.6651 -9.8016 1.7730 2.8299 -7.5722 0.5934 3.0494 12.0028 25.8375 -5.7463 4.0506 3.6234 -23.8326 -2.8469 -1.8881 4.4421 -7.6670 -8.9418 0.3413 -9.2934 17.1829 22.3160 -19.6582 72.9070 0.0000 0.0000 17.7124 1.1400 3.7349 1.0473 0.0000 0.0000 0.0000 0.0000 -0.0000 -0.0000 -9.4965 15.8557 -4.9595 3.3887 2.9983 -37.3787 -0.0000 -0.0000 -2.0389 0.8293 2.9826 -4.5716 0.0000 0.0000 -0.0000 0.0000 -0.0000 0.0000 -7.846155 -6.360865 -18.521515 2.921275 0.000000 0.000000 -3.958275 6.531290 -17.326080 0.266390 0.000000 0.000000 -23.978595 -8.017950 14.766325 22.791245 0.000000 0.000000 -12.300030 -8.599205 -0.615620 -9.228750 0.000000 0.000000
-4.4423 -111.7169 24.1431 -9.6732 0.2197 138.7885 3.3525 -9.3522 1.7700 2.9180 -7.9455 0.6070 2.0703 11.7240 25.5500 -6.1947 3.6820 3.7613 -24.9316 -4.2453 -3.6847 3.9764 -7.9719 -9.8701 0.6266 -10.3677 17.0145 21.4786 -21.6808 72.1032 0.0000 0.0000 22.3643 3.4644 6.5307 1.3521 -0.0000 0.0000 0.0000 0.0000 -0.0000 -0.0000 -9.4857 16.0193 -5.4053 3.4830 2.6243 -37.9398 -0.0000 -0.0000 -2.2746 1.8940 3.3227 -4.3851 -0.0000 -0.0000 -0.0000 -0.0000 0.0000 0.0000 -7.564550 -7.864770 -19.915345 0.773240 0.000000 0.000000 -3.035090 6.448585 -19.196165 0.205615 0.000000 0.000000 -23.152905 -11.279400 15.032545 24.127275 0.000000 0.000000 -12.258975 -6.178150 0.495245 -8.589805 0.000000 0.000000
-4.5471 -111.6291 24.0938 -11.9853 -0.7361 142.2918 2.9223 -9.1593 1.7160 3.0134 -8.6792 0.5903 0.7803 12.0785 25.4452 -6.6638 3.2796 3.8103 -26.2980 -6.0996 -5.1736 3.4011 -8.3953 -10.2066 1.3310 -13.1916 16.8619 20.8830 -21.7246 70.4902 0.0000 0.0000 28.4945 6.5457 7.2026 1.5997 0.0000 0.0000 -0.0000 0.0000 -0.0000 -0.0000 -9.3439 16.8199 -5.3611 3.4423 2.1604 -37.4385 -0.0000 -0.0000 -2.8857 2.6007 3.3996 -3.7519 -0.0000 -0.0000 -0.0000 -0.0000 0.0000 0.0000 -8.904320 -9.069305 -21.260725 0.899635 0.000000 0.000000 -2.847325 5.569005 -21.538680 0.142545 0.000000 0.000000 -22.814435 -15.087570 17.931725 24.290985 0.000000 0.000000 -11.297880 -0.042680 -2.302445 -6.968515 0.000000 0.000000
-4.6911 -111.4248 24.0806 -13.4147 -1.0194 145.8870 2.0250 -8.3012 1.4508 2.4697 -8.2148 0.5384 0.8700 11.9936 23.9461 -6.9337 2.3709 3.7595 -27.9848 -8.2517 -6.4884 2.4157 -9.0635 -9.9436 2.4643 -16.4289 16.8701 20.7060 -21.5080 68.3978 0.0000 0.0000 35.2632 9.9487 7.6352 2.1105 0.0000 0.0000 -0.0000 0.0000 -0.0000 -0.0000 -8.5606 17.8158 -5.9316 2.2312 3.3264 -34.9278 -0.0000 -0.0000 -4.0821 1.7934 1.4579 -3.3896 -0.0000 0.0000 -0.0000 0.0000 0.0000 0.0000 -10.302485 -8.719870 -23.719690 1.938845 0.000000 0.000000 -3.678540 4.209260 -22.474445 0.102255 0.000000 0.000000 -22.945675 -16.339195 21.344390 23.450505 0.000000 0.000000 -9.962530 4.041825 -8.149680 -5.681700 0.000000 0.000000
-4.8396 -111.0637 24.1207 -12.5457 -1.1054 150.1135 1.1327 -6.3394 0.9179 1.3028 -6.1552 0.4983 3.7367 10.3846 21.1780 -6.7770 1.0619 3.8138 -29.6378 -9.8208 -7.6913 0.7333 -9.8436 -9.3631 3.5471 -17.0894 17.0296 21.1781 -23.3767 66.5264 -0.0000 0.0000 40.6332 11.7770 9.1180 3.4767 0.0000 -0.0000 0.0000 0.0000 -0.0000 -0.0000 -6.6441 18.3550 -7.9572 0.2927 6.8730 -31.8476 -0.0000 -0.0000 -3.9778 -1.8598 -2.2651 -3.8297 -0.0000 0.0000 -0.0000 0.0000 -0.0000 0.0000 -9.670765 -6.507320 -24.809645 3.660435 0.000000 0.000000 -5.122520 4.318825 -19.775440 -0.150195 0.000000 0.000000 -22.100010 -14.032890 21.259900 21.998365 0.000000 0.000000 -9.553340 4.074805 -11.523245 -5.348075 0.000000 0.000000
-4.9607 -110.6357 24.1963 -10.3998 -1.5918 153.7624 0.6941 -3.9746 0.5085 0.3795 -4.2615 0.5247 7.1288 8.1059 19.2716 -6.2423 -0.1889 4.0745 -30.4451 -10.6570 -8.7015 -0.9952 -10.6157 -8.8256 4.2675 -15.0221 16.8971 22.7776 -26.1070 66.1334 -0.0000 0.0000 41.6640 10.3812 10.2921 5.9829 0.0000 0.0000 0.0000 0.0000 0.0000 0.0000 -4.1936 18.0646 -10.2917 0.0055 11.9194 -31.3232 -0.0000 -0.0000 -0.9528 -6.5187 -5.1449 -3.5470 0.0000 0.0000 -0.0000 -0.0000 0.0000 0.0000 -7.836210 -3.761990 -20.582085 7.161755 0.000000 0.000000 -7.204765 5.382770 -13.800025 -0.884170 0.000000 0.000000 -19.773305 -10.963540 18.214350 20.198235 0.000000 0.000000 -9.638680 2.739455 -10.787060 -5.469880 0.000000 0.000000
-5.0179 -110.2947 24.2923 -9.5139 -2.7386 156.3980 0.1440 -2.4009 0.4504 -0.1967 -3.6556 0.5182 8.8930 6.5137 18.6084 -5.8395 -1.0760 4.3323 -30.4859 -11.4928 -9.5169 -1.5236 -11.3632 -8.5797 4.7919 -13.5338 16.5934 25.2692 -25.0999 67.2679 0.0000 0.0000 36.9697 7.5896 8.3393 7.9740 0.0000 -0.0000 -0.0000 -0.0000 -0.0000 -0.0000 -2.8555 17.7839 -11.2837 2.8211 16.8266 -34.2020 -0.0000 0.0000 3.4335 -7.3946 -3.8814 -0.9821 0.0000 -0.0000 -0.0000 -0.0000 0.0000 -0.0000 -7.325955 -2.451290 -12.726215 11.708405 0.000000 0.000000 -9.323815 4.393880 -5.870460 -1.178355 0.000000 0.000000 -17.864460 -10.112010 16.354635 18.575500 0.000000 0.000000 -9.205435 2.592065 -10.603375 -5.468945 0.000000 0.000000
-4.9874 -110.0386 24.4153 -10.0118 -4.7154 159.4461 -0.4805 -2.1038 0.4298 -0.5364 -3.6059 0.4666 9.1245 5.7112 17.9460 -5.8829 -1.5444 4.3196 -30.5532 -12.6421 -10.4488 -0.6088 -11.9150 -8.8138 5.4813 -14.6211 16.7486 27.7647 -17.9041 68.2649 0.0000 0.0000 28.4937 6.1960 2.8403 7.5095 0.0000 -0.0000 0.0000 0.0000 0.0000 0.0000 -2.8208 18.1672 -11.0287 7.7486 20.2607 -38.7039 -0.0000 0.0000 6.1616 -2.7544 1.4970 0.7733 0.0000 0.0000 0.0000 0.0000 0.0000 0.0000 -7.504455 -2.887595 -7.092075 14.617275 0.000000 0.000000 -9.761990 0.753500 1.989320 -0.496315 0.000000 0.000000 -17.089005 -11.254155 16.847465 17.154470 0.000000 0.000000 -8.337585 3.538455 -14.045875 -5.402900 0.000000 0.000000
-4.9094 -109.7876 24.5425 -10.3111 -6.8626 163.8218 -0.7801 -2.4527 0.3296 -0.6357 -3.2707 0.4510 8.9436 5.5488 16.9311 -6.1505 -1.7753 4.1264 -31.1290 -13.2838 -11.8908 0.4643 -11.9911 -9.7093 6.1933 -16.3122 17.1876 30.4940 -8.1036 68.0956 0.0000 0.0000 19.7053 5.3948 -3.9632 5.7114 0.0000 0.0000 0.0000 0.0000 -0.0000 -0.0000 -2.8061 18.5496 -11.1113 13.1412 22.4139 -43.4619 -0.0000 0.0000 5.9996 4.3324 6.3162 -1.4353 0.0000 -0.0000 0.0000 0.0000 0.0000 0.0000 -6.891945 -3.620040 -4.785770 15.306540 0.000000 0.000000 -8.904510 -2.451340 5.910115 0.118150 0.000000 0.000000 -16.707695 -12.237605 16.774960 15.703435 0.000000 0.000000 -7.274915 4.426790 -18.183505 -5.471325 0.000000 0.000000
-4.8279 -109.5348 24.6466 -9.7721 -8.4473 168.6872 -0.7117 -2.5165 0.2515 -0.6557 -2.9152 0.4795 9.2501 5.9314 16.3626 -6.3243 -1.8503 4.0602 -32.1703 -12.7321 -13.7834 0.3789 -11.5610 -11.1504 6.3185 -16.5123 16.9582 33.1682 -1.8747 66.9846 0.0000 0.0000 12.9913 4.5755 -10.3402 3.2578 0.0000 0.0000 0.0000 0.0000 0.0000 0.0000 -1.9093 18.7957 -12.2963 17.4814 23.8468 -48.2717 -0.0000 0.0000 4.1588 7.1688 7.5688 -5.3035 0.0000 0.0000 0.0000 0.0000 0.0000 -0.0000 -5.530160 -3.816815 -5.045700 14.976825 0.000000 0.000000 -7.886380 -2.543650 4.859515 0.056355 0.000000 0.000000 -15.902915 -12.308580 15.024810 13.875340 0.000000 0.000000 -5.984020 5.264975 -20.357380 -5.616335 0.000000 0.000000
-4.7421 -109.3614 24.7249 -9.6576 -9.6984 172.6433 -0.7914 -2.4238 0.2354 -0.8443 -2.9054 0.5102 9.8376 6.5963 16.4298 -6.3860 -1.7564 4.1546 -33.3250 -11.4116 -15.4759 -0.7599 -11.0547 -12.6427 6.1141 -16.0995 16.0910 34.0816 -0.9690 65.0069 0.0000 0.0000 9.6555 5.2848 -14.4862 0.6193 0.0000 0.0000 0.0000 -0.0000 0.0000 -0.0000 -0.4803 19.5470 -13.4853 19.8761 24.9894 -52.6170 -0.0000 0.0000 2.3386 2.4834 6.8837 -7.0510 -0.0000 0.0000 -0.0000 0.0000 -0.0000 0.0000 -5.204695 -3.786385 -7.219065 14.971470 0.000000 0.000000 -5.968100 -0.543770 1.842185 -0.108630 0.000000 0.000000 -15.522370 -12.526945 13.369180 11.983410 0.000000 0.000000 -4.422825 6.233805 -21.826350 -5.709070 0.000000 0.000000
-4.6455 -109.2900 24.7826 -10.4755 -10.8944 175.2128 -1.1715 -2.5858 0.2608 -1.1194 -2.9705 0.5262 10.2337 7.3965 16.4596 -6.4619 -1.4798 4.1494 -34.2534 -10.0547 -16.3825 -2.0553 -10.9111 -13.7030 5.9964 -16.3328 15.4422 32.4753 -3.3335 62.0224 0.0000 0.0000 9.7121 6.6894 -14.7236 -0.1400 -0.0000 0.0000 0.0000 0.0000 -0.0000 0.0000 0.8228 20.8326 -13.8147 20.3824 26.2595 -55.4520 -0.0000 0.0000 1.1525 -3.8006 5.1980 -6.6311 0.0000 0.0000 -0.0000 -0.0000 0.0000 0.0000 -6.507320 -3.467890 -9.815645 15.781265 0.000000 0.000000 -3.802640 0.628040 -0.042010 -0.080070 0.000000 0.000000 -16.155705 -13.098995 12.300220 10.535520 0.000000 0.000000 -3.142640 6.726720 -23.252055 -5.747065 0.000000 0.000000
-4.5587 -109.2359 24.8194 -10.9019 -11.5208 176.6576 -1.2601 -2.6937 0.3254 -1.1645 -2.8162 0.5556 10.6259 8.2926 16.1920 -6.5246 -1.0776 4.0038 -34.7360 -8.7119 -16.3800 -3.0919 -10.9835 -14.2440 5.7845 -16.7716 15.2312 28.9187 -7.2648 58.7547 0.0000 0.0000 11.5387 4.8776 -12.0726 1.0462 -0.0000 0.0000 -0.0000 0.0000 -0.0000 -0.0000 1.8025 21.8595 -13.7824 19.9600 27.3971 -56.6597 -0.0000 0.0000 0.6504 -5.7540 2.7384 -5.9819 0.0000 -0.0000 0.0000 0.0000 -0.0000 -0.0000 -7.608325 -2.354135 -11.123030 16.662035 0.000000 0.000000 -2.910225 0.613760 -0.336620 -0.014620 0.000000 0.000000 -16.275640 -13.157730 10.486235 9.234765 0.000000 0.000000 -2.601020 6.509800 -22.796115 -5.811580 0.000000 0.000000
-4.4838 -109.1523 24.8369 -10.3361 -11.4545 177.2558 -0.9274 -2.4538 0.4071 -0.9744 -2.6562 0.5759 11.3135 9.1715 15.9142 -6.4738 -0.6223 3.8405 -34.7692 -7.1772 -15.6191 -4.0261 -10.7794 -14.4208 5.1985 -16.7692 14.9608 23.9906 -12.4867 55.9584 0.0000 0.0000 13.6394 -0.7111 -8.7733 2.1044 0.0000 -0.0000 -0.0000 0.0000 0.0000 -0.0000 2.5006 22.1668 -13.7835 19.9168 27.5986 -57.3074 -0.0000 0.0000 0.9978 -4.6505 0.2764 -5.7172 0.0000 0.0000 -0.0000 0.0000 0.0000 -0.0000 -7.401180 -0.723835 -10.604870 16.634240 0.000000 0.000000 -3.000665 0.756560 0.090505 0.161160 0.000000 0.000000 -15.022570 -12.727205 7.944650 7.741230 0.000000 0.000000 -2.377470 6.194450 -20.309440 -5.964580 0.000000 0.000000
-4.3919 -109.0941 24.8460 -9.8306 -11.3759 177.2550 -0.6505 -2.2467 0.4563 -0.8440 -2.6316 0.5723 11.9385 9.7603 15.6646 -6.3384 -0.1005 3.6843 -34.5069 -5.4814 -14.3498 -4.9567 -10.1261 -14.3473 4.4781 -16.7016 14.4428 17.9455 -18.3163 53.4256 0.0000 0.0000 15.8633 -4.2428 -5.2026 2.1113 0.0000 0.0000 -0.0000 0.0000 -0.0000 -0.0000 2.9259 22.0141 -13.5332 20.5792 26.9498 -57.9109 -0.0000 0.0000 1.9527 -3.9308 -1.7144 -5.2267 -0.0000 0.0000 -0.0000 0.0000 -0.0000 -0.0000 -6.993435 0.632170 -9.490520 15.889725 0.000000 0.000000 -3.128930 1.484160 0.908885 0.577575 0.000000 0.000000 -13.777745 -12.649430 6.367475 6.472435 0.000000 0.000000 -2.041210 6.203545 -18.401870 -6.219325 0.000000 0.000000
-4.2715 -109.0968 24.8576 -9.9718 -11.5764 177.0512 -0.5106 -2.3310 0.4558 -0.8228 -2.6446 0.5490 12.0159 9.9512 15.3018 -6.2018 0.5221 3.4674 -34.0897 -3.6362 -12.7549 -5.7636 -9.1626 -14.1264 4.1028 -17.0283 13.9554 11.8850 -22.5431 51.0719 0.0000 0.0000 18.3757 -2.4194 -1.4937 1.6384 0.0000 -0.0000 -0.0000 0.0000 -0.0000 0.0000 3.2194 21.6018 -12.8838 21.1362 26.6138 -58.2011 -0.0000 0.0000 2.9911 -4.2530 -3.0068 -4.4410 -0.0000 -0.0000 0.0000 -0.0000 -0.0000 0.0000 -7.273850 1.517105 -9.354520 15.260385 0.000000 0.000000 -3.213165 1.960415 2.143000 1.006825 0.000000 0.000000 -13.461035 -13.051225 6.144520 5.708455 0.000000 0.000000 -1.663215 6.310050 -18.131060 -6.521840 0.000000 0.000000
-4.1387 -109.1234 24.8656 -10.1998 -11.6323 176.8509 -0.3456 -2.4038 0.4510 -0.7384 -2.5578 0.5336 11.7358 9.7993 14.9059 -6.0619 1.1792 3.2137 -33.4710 -1.4592 -10.8893 -6.3780 -8.0273 -13.8774 4.1795 -17.3663 13.6222 7.2894 -23.7912 49.4296 0.0000 0.0000 20.8280 0.4671 1.5508 1.3134 0.0000 0.0000 -0.0000 0.0000 -0.0000 -0.0000 3.7138 20.8913 -12.1099 21.1261 27.0827 -58.3789 -0.0000 0.0000 3.9449 -4.4564 -3.8527 -3.7755 0.0000 0.0000 0.0000 -0.0000 0.0000 0.0000 -7.816150 2.305820 -10.175450 15.122175 0.000000 0.000000 -3.396595 1.490875 2.889470 0.955145 0.000000 0.000000 -13.336425 -13.347025 5.897425 5.062880 0.000000 0.000000 -1.338175 6.312770 -17.797945 -6.706800 0.000000 0.000000
-4.0047 -109.1270 24.8594 -9.6887 -11.2576 176.7371 0.0895 -2.2350 0.4601 -0.5274 -2.3755 0.5329 11.5813 9.5516 14.5633 -5.8764 1.7465 2.9895 -32.5927 0.9526 -8.8545 -6.7546 -6.8670 -13.6402 4.3696 -17.4094 13.3736 4.2324 -23.0290 48.3246 0.0000 0.0000 22.9937 0.4152 3.3936 1.2838 -0.0000 -0.0000 -0.0000 0.0000 0.0000 -0.0000 4.3908 20.0873 -11.3159 21.1054 27.4752 -59.0131 -0.0000 0.0000 4.8121 -4.2503 -4.5260 -3.0020 0.0000 0.0000 0.0000 -0.0000 0.0000 -0.0000 -7.752570 3.133040 -10.682135 15.341645 0.000000 0.000000 -3.770340 0.222590 2.139260 0.330140 0.000000 0.000000 -12.305375 -13.225730 4.901650 4.075350 0.000000 0.000000 -0.986190 6.463730 -16.368160 -6.690735 0.000000 0.000000
-3.8565 -109.1386 24.8360 -8.8990 -10.6568 176.7373 0.5167 -2.0163 0.4616 -0.3501 -2.1977 0.5328 11.5776 9.4624 14.1396 -5.6774 2.2025 2.7332 -31.5245 3.1133 -6.8727 -6.7885 -5.8566 -13.3273 4.5061 -17.5701 13.2450 1.8157 -21.7103 47.1965 0.0000 0.0000 25.0156 -0.9914 3.7928 1.3349 0.0000 -0.0000 -0.0000 -0.0000 -0.0000 0.0000 4.8868 19.6746 -10.3491 21.4840 26.9504 -59.9624 -0.0000 0.0000 5.3838 -3.9621 -4.9512 -1.8960 0.0000 -0.0000 -0.0000 -0.0000 0.0000 -0.0000 -7.611725 3.708745 -10.169585 16.129765 0.000000 0.000000 -5.212365 -1.258025 0.369390 -0.256530 0.000000 0.000000 -11.091065 -12.960785 4.115655 3.161175 0.000000 0.000000 -0.650610 6.823535 -15.254320 -6.563745 0.000000 0.000000
-3.6805 -109.1912 24.7972 -8.3937 -9.9750 176.9374 0.6894 -1.8016 0.4415 -0.2841 -2.0830 0.5090 11.5103 9.4760 13.5283 -5.4895 2.6267 2.3773 -30.3164 4.7227 -5.0815 -6.5113 -4.9459 -12.8579 4.5805 -18.0480 13.1751 -0.3066 -20.6900 46.0637 0.0000 0.0000 26.8512 -0.7742 3.2524 1.4103 -0.0000 0.0000 -0.0000 0.0000 -0.0000 -0.0000 5.0779 19.6607 -9.2206 21.9666 26.0481 -60.6928 -0.0000 0.0000 5.4537 -3.6274 -5.2754 -1.1671 0.0000 0.0000 -0.0000 0.0000 0.0000 -0.0000 -7.862560 3.928980 -9.353415 17.356910 0.000000 0.000000 -8.243720 -2.652875 -0.791880 -0.406640 0.000000 0.000000 -10.592030 -12.703235 4.119055 2.815140 0.000000 0.000000 -0.428505 7.161240 -15.378080 -6.478235 0.000000 0.000000
-3.4835 -109.2628 24.7461 -7.8550 -9.1505 177.2701 0.7480 -1.5042 0.4069 -0.2615 -1.9869 0.4831 11.4778 9.3998 12.8665 -5.2577 2.9786 2.0255 -28.9658 6.0889 -3.4451 -6.1394 -3.8977 -12.2291 4.3940 -18.4011 12.8886 -1.8252 -20.3767 45.2308 0.0000 0.0000 28.1643 0.6337 2.7292 1.4980 -0.0000 0.0000 0.0000 -0.0000 -0.0000 -0.0000 5.1750 19.6378 -8.2057 22.3420 25.7281 -61.2283 -0.0000 0.0000 5.1446 -3.5414 -5.8972 -1.5022 -0.0000 -0.0000 -0.0000 0.0000 0.0000 -0.0000 -7.844455 3.960600 -9.065010 18.124715 0.000000 0.000000 -11.654260 -4.233450 -0.438365 -0.447270 0.000000 0.000000 -10.330825 -12.362810 4.223775 2.778165 0.000000 0.000000 -0.227990 7.470130 -15.644300 -6.487075 0.000000 0.000000
-3.2743 -109.3500 24.6865 -7.1006 -8.2073 177.3829 0.7953 -1.2888 0.3820 -0.2785 -1.9151 0.4625 11.6416 9.3268 12.3970 -4.9569 3.2203 1.7845 -27.6102 7.5719 -1.9262 -5.7592 -2.6209 -11.4460 3.8179 -18.4856 12.3259 -2.5803 -20.6116 44.8976 0.0000 0.0000 28.6293 0.9087 2.5438 1.3616 0.0000 0.0000 -0.0000 -0.0000 0.0000 0.0000 5.2260 19.4732 -7.4131 22.8262 25.8687 -61.9503 -0.0000 0.0000 4.7819 -4.2949 -6.6037 -2.3739 0.0000 -0.0000 -0.0000 -0.0000 0.0000 0.0000 -7.401350 3.805985 -8.900960 18.229690 0.000000 0.000000 -14.225850 -5.898260 0.754185 -0.480335 0.000000 0.000000 -9.854825 -11.981840 4.043915 2.728695 0.000000 0.000000 0.028965 7.979705 -15.225675 -6.572925 0.000000 0.000000
-3.0496 -109.4968 24.6159 -6.5897 -7.1494 176.9624 0.7296 -1.2465 0.3914 -0.3794 -1.9160 0.4586 11.8141 9.3980 12.1475 -4.6637 3.4221 1.6349 -26.4206 9.1492 -0.5234 -5.2421 -1.3062 -10.5208 3.0225 -18.4242 11.7589 -2.6637 -21.0592 45.1603 0.0000 0.0000 28.2586 -0.2229 2.3426 1.0207 0.0000 -0.0000 -0.0000 -0.0000 -0.0000 0.0000 5.0771 19.3452 -6.7772 23.4692 25.9485 -62.7511 -0.0000 0.0000 4.4674 -5.5752 -6.9382 -2.7559 0.0000 0.0000 0.0000 -0.0000 0.0000 0.0000 -7.538710 3.426970 -7.863025 18.648400 0.000000 0.000000 -16.601685 -6.646430 1.671080 -0.007565 0.000000 0.000000 -9.728345 -11.639205 4.335125 2.981740 0.000000 0.000000 0.196755 8.620860 -14.971695 -6.709010 0.000000 0.000000
-2.8027 -109.7191 24.5232 -6.5207 -5.8381 176.1588 0.4841 -1.1237 0.4228 -0.5027 -1.9903 0.4459 11.8161 9.4543 11.9483 -4.4093 3.7129 1.4878 -25.4165 10.5147 0.7529 -4.5544 -0.1675 -9.4719 2.2721 -18.1218 11.3950 -2.0696 -21.3966 46.0402 0.0000 0.0000 27.4716 -1.1153 1.8091 0.7672 0.0000 -0.0000 0.0000 0.0000 -0.0000 0.0000 4.7235 19.0323 -6.3062 24.0302 26.3103 -63.3584 -0.0000 0.0000 4.1835 -6.4142 -7.0548 -2.6250 0.0000 0.0000 0.0000 -0.0000 0.0000 -0.0000 -8.592625 2.968990 -5.969225 19.584760 0.000000 0.000000 -19.129160 -5.778325 1.902875 0.996795 0.000000 0.000000 -10.384035 -11.255005 5.459165 3.871945 0.000000 0.000000 0.202705 9.132305 -15.519945 -6.869490 0.000000 0.000000
-2.5472 -109.9655 24.4017 -6.1136 -4.0536 175.3923 0.3907 -0.7488 0.4329 -0.5369 -2.0766 0.4240 11.9295 9.5187 11.6347 -4.1218 4.0339 1.3084 -24.4782 11.6048 1.8820 -3.8890 0.7044 -8.3729 1.6293 -17.4919 11.1362 -0.8412 -21.1609 47.4163 0.0000 0.0000 26.7907 -0.8090 0.9901 0.6951 0.0000 0.0000 -0.0000 0.0000 -0.0000 -0.0000 4.2916 18.2618 -6.2121 24.4767 27.0712 -63.7856 -0.0000 0.0000 4.0105 -6.5512 -7.0334 -2.6961 -0.0000 0.0000 -0.0000 -0.0000 0.0000 0.0000 -9.169775 2.906600 -4.370715 19.712600 0.000000 0.000000 -19.977885 -3.942325 1.677200 1.755590 0.000000 0.000000 -10.870405 -10.498930 6.436240 4.843325 0.000000 0.000000 0.227950 9.585780 -15.777580 -7.013310 0.000000 0.000000
-2.2944 -110.2412 24.2583 -5.4138 -1.9421 174.6811 0.4281 -0.7428 0.4251 -0.5613 -2.1343 0.3988 12.3624 10.1079 11.2854 -3.8039 4.3860 1.0630 -23.6557 12.5572 2.8312 -3.3474 1.3449 -7.3454 1.0151 -17.0391 10.8389 0.5906 -19.9733 49.0681 0.0000 0.0000 26.3875 0.1438 0.2230 0.7636 0.0000 0.0000 -0.0000 0.0000 -0.0000 -0.0000 3.5952 17.6039 -6.5166 25.0807 26.5786 -63.9481 -0.0000 0.0000 3.9383 -6.3705 -6.0868 -3.1538 0.0000 -0.0000 -0.0000 0.0000 0.0000 0.0000 -9.150480 3.429860 -3.556075 18.738755 0.000000 0.000000 -17.981660 -2.407650 1.110420 1.771655 0.000000 0.000000 -10.998415 -9.401495 6.768080 5.387580 0.000000 0.000000 0.390385 10.238240 -15.140505 -7.119730 0.000000 0.000000
-2.0211 -110.6131 24.1167 -5.3619 -0.2676 173.7721 0.4687 -1.9253 0.4447 -0.6943 -2.4892 0.3453 12.6650 11.5564 11.0013 -3.5977 4.9398 0.7292 -23.1188 13.3041 3.6733 -2.8280 1.8899 -6.4008 0.3188 -16.9792 10.5865 1.9709 -18.4061 50.8820 0.0000 0.0000 25.9946 0.8589 -0.1337 1.0061 0.0000 -0.0000 -0.0000 0.0000 0.0000 0.0000 2.6388 17.8837 -6.8375 25.7600 23.1872 -63.5110 -0.0000 0.0000 3.6869 -5.8554 -3.9211 -3.7728 -0.0000 -0.0000 0.0000 -0.0000 0.0000 0.0000 -10.242135 3.823750 -2.940590 18.471770 0.000000 0.000000 -15.081460 -1.659820 0.520605 1.377935 0.000000 0.000000 -11.747265 -8.829870 7.082665 5.730895 0.000000 0.000000 0.668760 11.007915 -14.615630 -7.246550 0.000000 0.000000
-1.6913 -111.1056 23.9960 -6.6047 0.3146 172.8695 0.2609 -3.8656 0.5571 -0.8883 -3.0167 0.2380 12.3755 12.3410 10.5630 -3.5144 5.6743 0.3185 -22.9214 13.5245 4.6529 -2.4082 2.4790 -5.2991 -0.5106 -16.4147 10.6912 3.5318 -17.3901 52.8905 0.0000 0.0000 25.2792 1.0459 -0.1479 1.4261 0.0000 0.0000 0.0000 0.0000 0.0000 0.0000 2.0829 18.5695 -6.9296 25.9496 18.5185 -62.6195 -0.0000 0.0000 3.1601 -4.6874 -2.2610 -4.6573 0.0000 0.0000 0.0000 0.0000 -0.0000 0.0000 -13.648340 3.186590 -2.035085 20.528855 0.000000 0.000000 -14.015305 -0.975230 0.141590 1.311635 0.000000 0.000000 -14.135510 -9.602010 7.832450 6.635465 0.000000 0.000000 1.269200 11.569340 -15.216325 -7.537845 0.000000 0.000000
-1.3025 -111.5819 23.9206 -7.4976 -0.2065 172.7837 0.1679 -5.0482 0.5845 -0.8983 -3.0931 0.1027 12.1383 10.5108 9.3739 -3.3396 5.9009 -0.0275 -22.8178 12.8936 5.8097 -2.4474 3.0389 -3.7698 -1.5111 -14.4888 11.2878 5.1638 -17.1563 54.8863 0.0000 0.0000 24.2890 1.2728 -0.4690 1.7711 0.0000 -0.0000 0.0000 -0.0000 0.0000 0.0000 2.5132 17.9522 -7.1320 25.3266 16.0865 -62.3466 -0.0000 0.0000 2.9248 -3.3663 -2.5355 -5.7057 0.0000 -0.0000 0.0000 -0.0000 0.0000 -0.0000 -16.557465 1.664240 -1.875115 22.976175 0.000000 0.000000 -14.429850 0.167935 0.038570 1.739355 0.000000 0.000000 -16.713135 -11.294700 8.279295 8.159770 0.000000 0.000000 2.437440 11.802750 -16.171640 -8.083715 0.000000 0.000000
-0.9133 -111.9355 23.9205 -6.9817 -1.1416 173.6934 0.2792 -5.1723 0.4329 -0.8356 -2.4298 0.0186 12.7271 7.0919 7.3848 -2.9702 4.9807 -0.1398 -22.4397 11.0169 6.4526 -2.9360 3.2401 -1.8690 -2.5726 -12.2879 11.8916 5.9949 -17.1155 56.4216 0.0000 0.0000 23.3306 2.2894 -1.5456 1.7190 0.0000 -0.0000 -0.0000 0.0000 -0.0000 -0.0000 3.2073 15.2813 -8.0232 24.6917 16.4748 -62.9586 -0.0000 0.0000 3.1346 -2.6687 -3.0904 -6.6312 0.0000 0.0000 0.0000 -0.0000 0.0000 -0.0000 -16.790620 0.166880 -2.791075 23.320170 0.000000 0.000000 -14.259510 1.444890 -0.089015 2.282845 0.000000 0.000000 -18.293115 -12.758060 8.235605 10.112135 0.000000 0.000000 3.702070 11.750305 -16.281630 -8.705490 0.000000 0.000000
-0.6097 -112.1949 23.9889 -6.0004 -1.2341 174.4744 0.2622 -4.5044 0.2695 -0.8859 -1.5144 0.0236 13.6363 4.3652 5.7552 -2.5480 3.3258 0.0314 -21.6128 7.9367 6.0062 -3.0933 2.7157 -0.1025 -3.4320 -11.0344 11.8765 5.7159 -17.2373 57.4264 0.0000 0.0000 22.4819 3.9016 -2.6754 1.2605 0.0000 0.0000 0.0000 -0.0000 -0.0000 0.0000 2.9721 12.3365 -9.4468 24.8313 16.6754 -63.3408 -0.0000 0.0000 3.0973 -2.1670 -1.8306 -7.6308 -0.0000 -0.0000 0.0000 -0.0000 -0.0000 0.0000 -15.726420 -0.418005 -3.658585 21.958045 0.000000 0.000000 -13.104955 2.354050 -0.106950 2.813925 0.000000 0.000000 -19.238570 -13.092195 8.635785 12.535910 0.000000 0.000000 3.923070 11.422800 -15.541025 -9.085525 0.000000 0.000000
-0.4351 -112.4013 24.0922 -5.4182 -0.0256 173.7651 0.0976 -3.6177 0.2309 -0.9978 -0.8701 0.1146 14.0833 3.3901 5.4612 -2.2848 1.8837 0.3907 -20.5733 4.3178 4.7794 -2.2901 1.2851 0.9568 -3.9430 -10.3736 11.3527 5.1755 -17.7020 58.3434 0.0000 0.0000 21.5923 4.9137 -2.6523 0.6715 0.0000 0.0000 -0.0000 0.0000 0.0000 -0.0000 1.9453 11.2764 -10.5801 24.7644 14.9247 -62.5483 -0.0000 0.0000 2.3890 -1.1533 0.0896 -8.7605 -0.0000 -0.0000 0.0000 0.0000 -0.0000 0.0000 -15.222965 0.187280 -3.771040 20.749090 0.000000 0.000000 -12.107395 2.830390 0.798555 3.376625 0.000000 0.000000 -19.644530 -12.324815 9.668535 15.094665 0.000000 0.000000 2.688020 10.890785 -14.656260 -9.190585 0.000000 0.000000
-0.3644 -112.5572 24.1945 -5.1281 1.8533 171.5009 -0.0451 -3.0794 0.3051 -1.0205 -0.7363 0.2101 13.8887 3.8630 6.2737 -2.1404 1.1143 0.7851 -19.5538 0.7793 3.3989 -0.9623 -0.8292 1.3350 -4.1412 -9.4050 10.8612 5.1967 -18.0352 59.5970 0.0000 0.0000 20.6967 4.7393 -1.4763 0.2839 0.0000 -0.0000 -0.0000 -0.0000 0.0000 0.0000 0.9603 11.6845 -10.9074 23.0344 13.0849 -60.8802 -0.0000 0.0000 1.2649 -0.3115 0.3208 -9.2095 0.0000 0.0000 0.0000 -0.0000 0.0000 0.0000 -15.568235 1.434825 -3.330570 20.380615 0.000000 0.000000 -11.652135 2.990360 2.725250 3.749435 0.000000 0.000000 -19.356720 -11.018620 10.194090 17.154555 0.000000 0.000000 0.923080 10.279295 -14.093560 -9.161090 0.000000 0.000000
-0.3349 -112.6588 24.2734 -4.6579 3.5409 168.8331 -0.0166 -2.9397 0.3958 -0.9694 -0.8322 0.2704 13.5206 4.6082 7.2401 -1.9253 0.7397 1.1187 -18.5914 -2.4154 2.2648 -0.0657 -2.9962 1.5103 -4.2099 -8.0689 10.5906 5.5055 -17.8478 61.1911 0.0000 0.0000 20.1171 4.2557 -0.5227 0.1398 0.0000 0.0000 0.0000 0.0000 0.0000 -0.0000 0.2427 11.9794 -10.7983 19.6215 12.7764 -59.0331 -0.0000 0.0000 0.0158 -0.6689 -1.1878 -8.4907 0.0000 -0.0000 0.0000 0.0000 -0.0000 -0.0000 -15.841510 2.538720 -2.614955 20.100030 0.000000 0.000000 -11.135590 3.001155 4.569325 3.728525 0.000000 0.000000 -18.509950 -9.606430 9.122155 18.543030 0.000000 0.000000 -0.506195 9.539200 -13.860745 -8.944595 0.000000 0.000000
-0.2981 -112.7381 24.3214 -4.2698 4.5831 166.8957 -0.0605 -3.0241 0.4632 -0.9836 -0.8498 0.2944 13.3737 4.8003 7.6722 -1.6347 0.2810 1.3596 -17.6985 -5.2248 1.4376 0.0586 -4.5914 1.7728 -4.3789 -7.0624 10.3483 5.3544 -17.7193 62.6660 0.0000 0.0000 20.1423 4.3764 -0.5766 0.0371 -0.0000 0.0000 -0.0000 0.0000 0.0000 -0.0000 -0.5102 11.6629 -10.8417 16.0943 12.9877 -57.2528 -0.0000 -0.0000 -1.2571 -1.9899 -3.0686 -7.4420 -0.0000 0.0000 0.0000 0.0000 -0.0000 -0.0000 -15.862930 3.036735 -1.655645 19.546425 0.000000 0.000000 -10.470550 3.129420 5.336535 3.545945 0.000000 0.000000 -17.982100 -8.462755 6.724220 19.874640 0.000000 0.000000 -1.606435 8.608535 -14.099170 -8.506080 0.000000 0.000000
-0.2435 -112.8163 24.3495 -4.0659 5.0147 166.1372 -0.0535 -3.0393 0.4738 -1.0129 -0.7425 0.2871 13.2982 4.1758 7.4785 -1.4303 -0.4133 1.5606 -16.9522 -7.5871 0.7971 -0.1123 -5.4225 2.0180 -4.7658 -6.7637 10.0662 4.7674 -18.1453 63.4814 0.0000 0.0000 20.8075 4.6726 -0.8485 -0.2141 0.0000 -0.0000 0.0000 -0.0000 -0.0000 0.0000 -1.3682 10.8439 -11.1903 13.7119 12.6822 -55.9210 -0.0000 -0.0000 -2.2586 -3.4834 -4.3169 -6.9757 -0.0000 -0.0000 0.0000 0.0000 -0.0000 0.0000 -15.771810 3.061555 -0.855710 19.043735 0.000000 0.000000 -10.067310 3.423520 5.244565 3.494520 0.000000 0.000000 -18.152355 -7.745185 4.445880 21.622495 0.000000 0.000000 -2.356475 7.813190 -15.110160 -8.041215 0.000000 0.000000
-0.1865 -112.9032 24.3669 -4.0012 5.1332 166.4016 0.1223 -2.7580 0.4235 -0.9308 -0.5240 0.2681 13.0747 2.7732 6.8962 -1.4186 -1.2819 1.7809 -16.4630 -9.3376 0.1696 -0.0757 -5.7288 2.0511 -5.2089 -6.9099 9.8528 4.1686 -18.3470 63.5983 0.0000 0.0000 21.7452 4.3590 -0.2404 -0.6639 -0.0000 0.0000 0.0000 -0.0000 0.0000 0.0000 -2.1100 9.4901 -11.7745 12.2669 12.3413 -55.3911 -0.0000 -0.0000 -2.6466 -4.5212 -4.3646 -7.0188 0.0000 0.0000 0.0000 -0.0000 0.0000 0.0000 -15.769770 3.041240 -0.926600 18.849765 0.000000 0.000000 -9.865265 3.577795 5.161520 3.455590 0.000000 0.000000 -18.957305 -7.351380 3.434380 23.635125 0.000000 0.000000 -2.353160 7.557340 -16.374450 -7.786130 0.000000 0.000000
-0.1453 -112.9949 24.3795 -3.9596 5.1987 167.2112 0.4760 -2.3072 0.3454 -0.7511 -0.2733 0.2386 12.7518 1.1217 6.2402 -1.5484 -2.1847 2.0359 -16.2685 -10.5834 -0.5977 0.1170 -5.8219 1.8297 -5.4578 -7.2164 9.7000 3.5712 -17.7715 63.5675 0.0000 0.0000 22.2115 3.8112 1.1437 -1.2235 0.0000 -0.0000 -0.0000 -0.0000 -0.0000 -0.0000 -2.6761 7.7304 -12.6184 11.1240 12.1877 -55.5327 -0.0000 -0.0000 -2.3239 -4.5900 -2.8306 -7.0099 0.0000 0.0000 0.0000 0.0000 -0.0000 -0.0000 -15.808105 3.216425 -1.817655 18.792815 0.000000 0.000000 -9.508605 3.337840 5.361355 3.185885 0.000000 0.000000 -19.974415 -7.076490 3.760440 25.337250 0.000000 0.000000 -1.714980 7.795595 -16.713515 -7.767005 0.000000 0.000000
-0.1333 -113.0746 24.3956 -3.9413 5.4159 168.0357 0.8686 -1.9602 0.2834 -0.5897 -0.0292 0.2302 12.4545 -0.2144 5.7392 -1.7069 -2.9401 2.2793 -16.3032 -11.6199 -1.4772 0.1874 -5.8954 1.4661 -5.5840 -7.4177 9.5976 2.8681 -17.6857 63.8472 0.0000 0.0000 21.6841 3.8445 2.3486 -1.8195 0.0000 -0.0000 0.0000 0.0000 -0.0000 -0.0000 -3.2852 6.0997 -13.6670 10.2113 11.6431 -55.8922 -0.0000 -0.0000 -1.5567 -3.4742 -0.2881 -6.8615 0.0000 0.0000 0.0000 0.0000 0.0000 -0.0000 -15.878400 3.591105 -2.664170 18.726685 0.000000 0.000000 -9.067965 2.923210 5.516055 2.799390 0.000000 0.000000 -20.767125 -6.693735 4.861020 26.129960 0.000000 0.000000 -1.256320 8.169510 -15.739500 -7.799475 0.000000 0.000000
-0.1466 -113.1260 24.4218 -4.0170 5.7847 168.6197 1.1591 -1.7997 0.2334 -0.4781 0.1109 0.2174 12.1476 -1.0692 5.4557 -1.8197 -3.4362 2.4654 -16.4591 -12.6370 -2.2762 0.1511 -6.0198 1.1176 -5.8523 -7.2639 9.7349 2.2143 -19.4620 64.1681 0.0000 0.0000 20.5338 4.4315 2.8229 -2.3410 0.0000 -0.0000 0.0000 -0.0000 0.0000 0.0000 -4.0000 4.7640 -14.6257 9.6209 10.7101 -56.3007 -0.0000 -0.0000 -0.7324 -1.7652 1.8045 -6.7922 -0.0000 0.0000 -0.0000 -0.0000 -0.0000 0.0000 -15.982865 4.023415 -3.027460 18.566460 0.000000 0.000000 -8.783385 2.794010 5.482820 2.614005 0.000000 0.000000 -21.159400 -6.154410 6.008350 25.731310 0.000000 0.000000 -1.321770 8.432755 -14.352300 -7.852260 0.000000 0.000000
-0.1675 -113.1517 24.4518 -4.1614 6.1084 169.0502 1.3714 -1.7329 0.1800 -0.3782 0.1771 0.1950 11.7788 -1.7414 5.2550 -1.8785 -3.7927 2.6168 -16.6599 -13.5698 -2.8627 0.2012 -6.2132 0.8959 -6.2571 -6.7594 10.1873 1.8554 -22.1221 64.1281 0.0000 0.0000 19.5725 4.9555 2.7454 -2.6755 -0.0000 0.0000 -0.0000 0.0000 -0.0000 -0.0000 -4.7166 3.4434 -15.2991 9.1096 10.1163 -56.7744 -0.0000 -0.0000 -0.1872 -0.4200 2.7104 -6.7200 0.0000 0.0000 0.0000 0.0000 -0.0000 0.0000 -15.990005 4.349985 -3.222875 18.187955 0.000000 0.000000 -8.581085 3.128910 5.408955 2.743715 0.000000 0.000000 -21.207935 -5.598425 6.602840 24.331785 0.000000 0.000000 -1.477235 8.560425 -13.587725 -8.097060 0.000000 0.000000
-0.1823 -113.1735 24.4724 -4.3558 6.1869 169.5519 1.5820 -1.6970 0.1298 -0.2935 0.2437 0.1646 11.4089 -2.4737 5.0094 -1.9192 -4.1793 2.7793 -16.9232 -14.3886 -3.3422 0.3223 -6.4296 0.8135 -6.5472 -6.3535 10.6145 1.8733 -23.4627 64.0252 0.0000 0.0000 19.0709 5.1852 2.4053 -2.8887 0.0000 0.0000 0.0000 0.0000 -0.0000 -0.0000 -5.3681 2.0898 -15.8197 8.3235 9.9868 -57.2221 -0.0000 -0.0000 -0.1224 0.1909 2.9673 -6.6151 -0.0000 0.0000 -0.0000 0.0000 0.0000 0.0000 -15.864970 4.448755 -3.557095 17.606555 0.000000 0.000000 -8.309085 3.686850 5.320555 3.037135 0.000000 0.000000 -21.167050 -5.219495 6.530675 22.520775 0.000000 0.000000 -1.411360 8.602925 -13.659550 -8.476925 0.000000 0.000000
-0.1927 -113.2025 24.4823 -4.6095 6.0395 170.2321 1.7885 -1.6844 0.0989 -0.2414 0.3527 0.1461 11.1115 -3.2501 4.7076 -1.9789 -4.6230 2.9477 -17.2756 -15.1345 -3.8746 0.3225 -6.6343 0.7688 -6.6358 -6.3754 10.6761 2.0896 -23.2078 64.3048 0.0000 0.0000 18.6009 5.3251 2.0331 -2.9846 0.0000 -0.0000 0.0000 0.0000 0.0000 -0.0000 -5.9547 1.0320 -16.3973 7.1442 9.8221 -57.5150 -0.0000 -0.0000 -0.5272 0.2648 3.1162 -6.6629 -0.0000 0.0000 0.0000 -0.0000 -0.0000 -0.0000 -15.725230 4.387470 -4.069220 17.016145 0.000000 0.000000 -8.032495 4.091365 5.219405 3.270800 0.000000 0.000000 -21.248820 -5.024335 6.205210 20.851630 0.000000 0.000000 -1.244590 8.664720 -14.045450 -8.674720 0.000000 0.000000
-0.2062 -113.2297 24.4907 -4.8973 5.8076 171.0230 1.9649 -1.7056 0.0702 -0.1911 0.4302 0.1291 10.8410 -3.8969 4.4254 -2.0689 -5.0074 3.0944 -17.6626 -15.8448 -4.4797 0.1772 -6.8273 0.6784 -6.6810 -6.6634 10.4877 2.2499 -22.9056 64.7230 0.0000 0.0000 17.9298 5.3296 1.7805 -2.9128 0.0000 0.0000 -0.0000 -0.0000 0.0000 -0.0000 -6.4573 0.2676 -17.0130 5.6884 9.6128 -57.7755 -0.0000 -0.0000 -1.1466 -0.2030 3.0683 -6.8535 0.0000 0.0000 -0.0000 -0.0000 0.0000 0.0000 -15.632665 4.335025 -4.820790 16.534790 0.000000 0.000000 -7.808180 4.137180 5.273720 3.297150 0.000000 0.000000 -21.448570 -4.882980 6.083915 19.530050 0.000000 0.000000 -1.126100 8.880620 -14.127900 -8.570425 0.000000 0.000000
-0.2341 -113.2449 24.5012 -5.1168 5.6793 171.7269 2.1766 -1.6753 0.0362 -0.0999 0.4788 0.1158 10.5097 -4.3887 4.2256 -2.2006 -5.2930 3.2194 -17.9582 -16.4264 -5.0162 0.0406 -7.0204 0.5457 -6.7484 -6.7981 10.3606 2.3626 -23.3335 64.8746 0.0000 0.0000 17.2988 5.0156 1.6300 -2.7379 0.0000 0.0000 0.0000 0.0000 -0.0000 -0.0000 -6.8844 -0.4558 -17.5029 4.2355 9.7160 -58.2023 -0.0000 -0.0000 -1.7193 -1.2394 2.7620 -7.0172 0.0000 0.0000 0.0000 -0.0000 -0.0000 0.0000 -15.576990 4.457170 -5.710230 16.221565 0.000000 0.000000 -7.592365 3.862375 5.546570 3.109045 0.000000 0.000000 -21.561960 -4.613870 6.270065 18.449955 0.000000 0.000000 -1.085810 9.186705 -13.653770 -8.364640 0.000000 0.000000
-0.2866 -113.2515 24.5090 -5.2842 5.7032 172.2359 2.4259 -1.5428 -0.0011 0.0271 0.5416 0.1071 10.1117 -4.7972 4.1107 -2.3740 -5.5168 3.3362 -18.0984 -16.8303 -5.3887 -0.0252 -7.1848 0.4151 -6.7278 -6.7150 10.3875 2.5489 -23.7940 64.8187 0.0000 0.0000 16.8309 4.6580 1.3368 -2.5586 0.0000 -0.0000 -0.0000 -0.0000 -0.0000 -0.0000 -7.2488 -1.1605 -17.7839 3.0739 9.9366 -58.8729 -0.0000 -0.0000 -2.1254 -2.2554 2.4738 -7.1481 0.0000 0.0000 -0.0000 -0.0000 0.0000 0.0000 -15.646350 4.735375 -6.332345 16.152970 0.000000 0.000000 -7.392105 3.439160 5.734420 2.819025 0.000000 0.000000 -21.575560 -4.184195 6.493700 17.587630 0.000000 0.000000 -1.155680 9.356025 -12.860465 -8.292985 0.000000 0.000000
-0.3615 -113.2502 24.5123 -5.4158 5.7336 172.6257 2.6491 -1.3957 -0.0368 0.1386 0.5951 0.0970 9.7802 -5.1354 4.0181 -2.5424 -5.7032 3.4205 -18.1264 -17.1043 -5.6130 -0.0968 -7.3063 0.2810 -6.5624 -6.6417 10.4975 2.7728 -23.7460 64.8386 0.0000 0.0000 16.2798 4.6508 0.7391 -2.3613 0.0000 -0.0000 -0.0000 -0.0000 0.0000 0.0000 -7.6009 -1.7164 -17.9262 2.3245 9.8861 -59.6951 -0.0000 -0.0000 -2.4082 -2.4817 2.4036 -7.2972 0.0000 0.0000 0.0000 0.0000 0.0000 0.0000 -15.778695 5.011540 -6.545185 16.248170 0.000000 0.000000 -7.268770 3.014075 5.637520 2.560370 0.000000 0.000000 -21.570630 -3.740070 6.458595 17.062330 0.000000 0.000000 -1.271195 9.297970 -12.204265 -8.348830 0.000000 0.000000
-0.4442 -113.2380 24.5131 -5.5032 5.6135 172.9739 2.7755 -1.3334 -0.0568 0.2085 0.5776 0.0659 9.6053 -5.3996 3.9098 -2.6300 -5.8355 3.4659 -18.1125 -17.3228 -5.7531 -0.1684 -7.4078 0.1459 -6.3862 -6.6495 10.6653 2.9382 -23.6144 64.9031 0.0000 0.0000 15.5709 4.8274 0.0578 -2.1691 -0.0000 0.0000 -0.0000 0.0000 -0.0000 -0.0000 -7.9351 -2.1871 -18.0298 1.8640 9.6221 -60.5245 -0.0000 -0.0000 -2.6451 -2.0370 2.5365 -7.3937 -0.0000 0.0000 -0.0000 -0.0000 -0.0000 0.0000 -15.804365 5.164030 -6.715270 16.287100 0.000000 0.000000 -7.191845 2.644070 5.516565 2.404990 0.000000 0.000000 -21.563490 -3.475550 6.248815 16.917660 0.000000 0.000000 -1.224275 9.159080 -12.034520 -8.371525 0.000000 0.000000
-0.5272 -113.2217 24.5086 -5.5756 5.2818 173.2059 2.8566 -1.3743 -0.0714 0.2630 0.5696 0.0592 9.4977 -5.6889 3.8082 -2.6461 -5.9716 3.5220 -18.1139 -17.5446 -5.8352 -0.1272 -7.4854 0.0545 -6.3770 -6.5943 10.8615 3.1109 -23.9154 64.8499 0.0000 0.0000 14.9388 4.7670 -0.3710 -2.1774 0.0000 0.0000 0.0000 -0.0000 0.0000 0.0000 -8.2410 -2.7114 -18.1118 1.5326 9.5784 -61.3038 -0.0000 -0.0000 -2.8457 -1.6141 2.7668 -7.3777 0.0000 0.0000 0.0000 0.0000 -0.0000 0.0000 -15.707295 5.142100 -7.114430 16.156540 0.000000 0.000000 -7.070210 2.316140 5.666675 2.352035 0.000000 0.000000 -21.591030 -3.518135 6.169425 17.185920 0.000000 0.000000 -0.953975 9.187300 -12.333040 -8.391755 0.000000 0.000000
-0.6210 -113.2160 24.4942 -5.6918 4.7710 173.2006 3.0375 -1.3972 -0.0641 0.3508 0.5567 0.0498 9.2923 -5.9754 3.8234 -2.6853 -6.2256 3.6663 -18.2022 -17.8631 -5.9027 0.0040 -7.4715 0.0425 -6.5182 -6.5179 10.9905 3.3124 -24.4449 64.6949 0.0000 0.0000 14.4251 4.5974 -0.5108 -2.4134 -0.0000 0.0000 -0.0000 0.0000 -0.0000 0.0000 -8.5140 -3.2532 -18.1812 1.2513 9.9919 -62.0961 -0.0000 -0.0000 -2.9812 -1.4894 2.9358 -7.3344 -0.0000 0.0000 -0.0000 0.0000 0.0000 -0.0000 -15.657570 4.947365 -7.500585 15.969370 0.000000 0.000000 -6.913130 1.994925 5.972675 2.356030 0.000000 0.000000 -21.840505 -3.857965 6.297860 18.106300 0.000000 0.000000 -0.651290 9.461595 -12.662415 -8.613265 0.000000 0.000000
-0.7363 -113.2214 24.4698 -5.7661 4.1148 172.9605 3.4120 -1.3947 -0.0193 0.5325 0.5887 0.0610 8.9811 -6.2993 3.9836 -2.7911 -6.5942 3.9179 -18.4075 -18.3297 -5.9883 0.0363 -7.3314 0.1088 -6.7388 -6.5153 11.0759 3.3897 -24.9418 64.4041 0.0000 0.0000 13.8670 4.8841 -0.3620 -2.6552 0.0000 -0.0000 0.0000 0.0000 -0.0000 -0.0000 -8.7841 -3.7569 -18.2509 1.0255 10.7910 -62.9842 -0.0000 -0.0000 -3.0946 -1.5014 3.0016 -7.3397 0.0000 0.0000 -0.0000 0.0000 0.0000 -0.0000 -15.631475 4.596315 -7.521070 15.807530 0.000000 0.000000 -6.781805 1.679490 6.099665 2.367845 0.000000 0.000000 -22.385355 -4.410805 6.466755 19.918415 0.000000 0.000000 -0.494465 9.727560 -12.605465 -8.934565 0.000000 0.000000
-0.8691 -113.2246 24.4368 -5.6905 3.2484 172.5958 3.9226 -1.5055 0.0542 0.7869 0.5808 0.0704 8.7267 -6.6149 4.2730 -2.9042 -6.9980 4.2326 -18.6648 -18.9224 -6.0631 -0.1041 -7.1520 0.2404 -6.8767 -6.6474 11.1859 3.1512 -25.1967 63.9708 0.0000 0.0000 13.2452 5.4540 0.2646 -2.8891 0.0000 -0.0000 -0.0000 0.0000 0.0000 -0.0000 -9.1169 -4.2813 -18.3338 0.9611 11.6249 -63.9384 -0.0000 -0.0000 -3.2539 -1.6157 3.2319 -7.3587 0.0000 -0.0000 0.0000 -0.0000 -0.0000 0.0000 -15.434530 4.048065 -7.203255 15.581345 0.000000 0.000000 -6.640535 1.389215 5.939100 2.364275 0.000000 0.000000 -23.058895 -5.167560 6.607175 22.452945 0.000000 0.000000 -0.633100 9.598190 -12.284760 -8.949695 0.000000 0.000000
-1.0306 -113.2160 24.3971 -5.5750 2.2767 172.1607 4.3776 -1.6770 0.1241 1.0049 0.5605 0.0767 8.6612 -6.9861 4.5963 -2.9643 -7.3951 4.5506 -18.9058 -19.6167 -6.0917 -0.2455 -7.0580 0.4180 -6.9522 -6.8791 11.2777 2.7806 -25.3362 63.5555 0.0000 0.0000 12.7553 5.6442 1.2482 -3.4196 0.0000 0.0000 -0.0000 -0.0000 -0.0000 0.0000 -9.5504 -4.8096 -18.4089 1.1838 12.0060 -64.8730 -0.0000 -0.0000 -3.3792 -1.8077 3.8191 -7.3969 0.0000 -0.0000 0.0000 -0.0000 0.0000 -0.0000 -15.169075 3.459270 -6.788710 15.331275 0.000000 0.000000 -6.467390 1.057800 5.706370 2.347275 0.000000 0.000000 -23.659590 -5.961885 6.839140 25.076130 0.000000 0.000000 -1.410510 8.971060 -11.985050 -8.638850 0.000000 0.000000
-1.2454 -113.1950 24.3535 -5.6508 1.3878 171.7100 4.6196 -1.7186 0.1594 1.1013 0.5984 0.0823 8.7396 -7.4287 4.8055 -2.9812 -7.8194 4.8249 -19.1400 -20.4272 -6.1516 -0.2364 -7.0562 0.5921 -7.0664 -7.2209 11.2684 2.5731 -25.5835 63.3825 0.0000 0.0000 12.3295 5.3575 1.9419 -4.0661 -0.0000 0.0000 -0.0000 0.0000 0.0000 0.0000 -10.0204 -5.2474 -18.5023 1.6006 11.8177 -65.6821 -0.0000 -0.0000 -3.3157 -1.7326 4.5093 -7.5298 0.0000 0.0000 -0.0000 -0.0000 0.0000 0.0000 -15.144765 3.066485 -6.429500 15.230550 0.000000 0.000000 -6.318385 0.564375 5.583885 2.319055 0.000000 0.000000 -24.174265 -6.514470 7.096095 27.145455 0.000000 0.000000 -2.998565 8.268110 -11.442665 -8.545860 0.000000 0.000000
-1.5090 -113.1567 24.3060 -5.8651 0.6122 171.3215 4.7287 -1.6421 0.1810 1.1644 0.7115 0.0896 8.7708 -7.8733 4.8007 -2.9932 -8.2631 5.0387 -19.3525 -21.3177 -6.3024 -0.1535 -7.0104 0.7205 -7.1587 -7.6371 11.2817 2.5031 -25.9894 63.3388 0.0000 0.0000 11.7110 5.0030 2.2526 -4.0166 -0.0000 -0.0000 -0.0000 -0.0000 -0.0000 -0.0000 -10.3822 -5.5829 -18.6490 1.8778 11.4993 -66.2481 -0.0000 -0.0000 -3.1168 -1.2172 5.0565 -7.6831 0.0000 -0.0000 0.0000 -0.0000 -0.0000 -0.0000 -15.334910 2.892575 -6.054395 15.349040 0.000000 0.000000 -6.277670 -0.069470 5.457745 2.302140 0.000000 0.000000 -24.423230 -6.750940 7.193760 28.123295 0.000000 0.000000 -4.732650 7.942475 -10.225125 -9.007325 0.000000 0.000000
-1.7863 -113.1008 24.2411 -6.2042 -0.2932 170.9659 4.7962 -1.6730 0.2111 1.2124 0.8121 0.0808 8.6396 -8.3143 4.6978 -3.0450 -8.6806 5.1941 -19.4676 -22.2426 -6.4371 -0.1162 -6.7991 0.8314 -7.0027 -8.0941 11.5034 2.3911 -26.3146 63.1544 0.0000 0.0000 10.9068 4.5530 3.5225 -3.0575 0.0000 0.0000 -0.0000 0.0000 -0.0000 -0.0000 -10.5963 -5.7949 -18.8274 1.8942 11.3625 -66.4370 -0.0000 -0.0000 -3.1351 -0.7584 5.5511 -7.6733 0.0000 -0.0000 0.0000 -0.0000 0.0000 -0.0000 -15.674230 2.607485 -5.472145 15.662775 0.000000 0.000000 -6.382985 -0.679855 5.072525 2.322965 0.000000 0.000000 -24.248640 -7.064165 7.227335 27.783805 0.000000 0.000000 -5.823795 7.828915 -8.859345 -9.529565 0.000000 0.000000
-2.0794 -113.0299 24.1507 -6.8805 -1.3788 170.4801 4.7027 -1.6579 0.2053 1.1655 0.9296 0.0692 8.3650 -8.9239 4.6366 -3.1562 -9.1370 5.3344 -19.5729 -23.2843 -6.5262 -0.0730 -6.4967 0.9644 -6.5598 -8.8408 11.7749 2.3262 -26.3292 62.9330 0.0000 0.0000 10.0790 3.3101 7.1431 -2.1788 -0.0000 0.0000 -0.0000 -0.0000 -0.0000 0.0000 -10.6953 -5.6717 -19.0896 1.9754 10.8718 -66.1553 -0.0000 -0.0000 -3.6931 -1.0008 5.7890 -7.5582 -0.0000 0.0000 -0.0000 0.0000 -0.0000 0.0000 -16.350830 2.126470 -4.707315 16.166400 0.000000 0.000000 -6.626340 -1.286415 4.535835 2.334355 0.000000 0.000000 -23.769835 -7.640805 7.548295 26.410630 0.000000 0.000000 -6.474555 7.378840 -8.490360 -9.355740 0.000000 0.000000
-2.4270 -112.9466 24.0570 -8.0371 -2.2435 169.9019 4.2131 -1.0467 0.0911 0.9020 1.2072 0.0863 8.1546 -9.7572 4.5549 -3.2742 -9.7660 5.5026 -20.0235 -24.5230 -6.9225 0.0724 -6.3238 1.0895 -6.2040 -10.2128 11.7096 2.5607 -26.1881 62.9682 0.0000 0.0000 9.1337 1.4543 12.6997 -2.2492 0.0000 0.0000 0.0000 -0.0000 0.0000 0.0000 -10.6992 -5.0900 -19.7499 2.4942 9.3694 -65.3342 -0.0000 -0.0000 -4.8057 -1.8859 4.9009 -7.6259 0.0000 0.0000 0.0000 -0.0000 0.0000 -0.0000 -17.466115 1.925020 -4.185670 16.693145 0.000000 0.000000 -6.875305 -2.145595 4.343820 2.223940 0.000000 0.000000 -23.458820 -7.940345 8.064500 24.777015 0.000000 0.000000 -7.450610 6.396155 -9.148600 -8.470890 0.000000 0.000000
-2.7957 -112.8545 24.0007 -9.1618 -2.5305 169.5924 3.4844 0.2447 -0.1027 0.5052 1.6113 0.1324 8.2166 -10.4683 4.3002 -3.3004 -10.5162 5.6783 -21.0047 -25.7229 -7.9316 0.2661 -6.3794 1.1397 -6.2894 -11.9344 11.2194 3.0223 -26.2301 63.2269 0.0000 0.0000 7.9699 0.3563 17.9863 -3.1337 -0.0000 -0.0000 -0.0000 0.0000 -0.0000 -0.0000 -10.6367 -4.3916 -21.0184 3.3554 7.2801 -64.0320 -0.0000 -0.0000 -6.1852 -2.8049 2.5370 -7.9483 -0.0000 0.0000 -0.0000 -0.0000 0.0000 0.0000 -18.413440 2.393880 -4.279765 16.862125 0.000000 0.000000 -6.934720 -3.255015 4.723175 1.983900 0.000000 0.000000 -23.488825 -7.435700 8.173300 23.640395 0.000000 0.000000 -8.694415 5.201140 -9.560850 -7.535465 0.000000 0.000000
-3.0587 -112.7812 23.9912 -9.7384 -2.4169 169.7111 2.8909 1.3978 -0.2279 0.2159 1.9806 0.1824 8.4843 -10.7557 3.9761 -3.2297 -11.0579 5.7862 -22.0824 -26.4590 -9.1423 0.3553 -6.5326 1.1151 -6.6959 -13.1551 10.6297 3.3972 -26.5336 63.4323 0.0000 0.0000 6.9529 0.3824 20.8984 -3.8625 -0.0000 -0.0000 0.0000 -0.0000 0.0000 0.0000 -10.5862 -4.0609 -22.4528 4.0487 5.7802 -62.7192 -0.0000 -0.0000 -7.3311 -3.3573 -0.0031 -8.2389 0.0000 0.0000 0.0000 0.0000 -0.0000 0.0000 -18.720205 3.133720 -4.744970 16.640020 0.000000 0.000000 -6.812065 -4.137570 5.250685 1.769190 0.000000 0.000000 -23.712885 -6.557905 7.754420 23.265630 0.000000 0.000000 -9.374075 4.266480 -9.091735 -7.103580 0.000000 0.000000
