id,category,parameter,value,unit,status,validationState,productionEligible,source,note
CHAR-ENG-0001,camera,render_resolution_width,500,px,SOURCE_LOCKED,MEASURED,False,Latest report,"matches measured evidence: render canvas width, px = 500"
CHAR-ENG-0002,camera,render_resolution_height,500,px,SOURCE_LOCKED,MEASURED,False,Latest report,"matches measured evidence: render canvas height, px = 500"
CHAR-ENG-0003,camera,lens_fov_height_distance,NOT_SPECIFIED,NOT_SPECIFIED,SOURCE_LOCKED,OPEN,False,Latest report: lens/FOV/height/distance NOT_SPECIFIED,"the library encodes NOT_SPECIFIED as the number 0. Lens, FOV, camera height and camera distance are NOT measured by ONIQ; a numeric 0 would read as a real value downstream. Carried as NOT_SPECIFIED, never as 0."
CHAR-ENG-0004,lighting,lighting_rendered,0,boolean,SOURCE_LOCKED,MEASURED,False,"Latest report: lighting planned only, not rendered",matches measured evidence: lighting was NOT rendered (plan only) = 0
CHAR-ENG-0005,scene,scene_rendered,0,boolean,SOURCE_LOCKED,MEASURED,False,"Latest report: scene planned only, not rendered",matches measured evidence: scene was NOT rendered (plan only) = 0
CHAR-ENG-0006,cinematic_compositing,compositing_executed,0,boolean,SOURCE_LOCKED,MEASURED,False,Latest report: cinematic compositing not run,matches measured evidence: compositing was NOT run = 0
CHAR-ENG-0007,cost,api_spend_inr,0,INR,SOURCE_LOCKED,MEASURED,False,Latest report,matches measured evidence: API spend = 0
CHAR-ENG-0008,cost,gpu_spend_inr,0,INR,SOURCE_LOCKED,MEASURED,False,Latest report,matches measured evidence: GPU spend = 0
CHAR-ENG-0009,reference_generation,new_references,0,count,SOURCE_LOCKED,MEASURED,False,Latest report,matches measured evidence: new reference images generated = 0
CHAR-ENG-0010,motion,knee_channels_modified,6,channels,SOURCE_LOCKED,MEASURED,False,Latest report,matches measured evidence: knee rotation channels damped = 6
CHAR-ENG-0011,motion,knees_damped_symmetrically,1,boolean,SOURCE_LOCKED,MEASURED,False,Latest report,matches measured evidence: both knees damped by the same scale = 1
CHAR-ENG-0012,motion,frames_below_120_control,9,frames,SOURCE_LOCKED,MEASURED,False,Latest report,matches measured evidence: control frames with knee < 120 deg = 9
CHAR-ENG-0013,motion,frames_below_120_corrected,0,frames,SOURCE_LOCKED,MEASURED,False,Latest report,matches measured evidence: corrected frames with knee < 120 deg = 0
CHAR-ENG-0014,motion,frames_below_140_control,27,frames,SOURCE_LOCKED,MEASURED,False,Latest report,matches measured evidence: control frames with knee < 140 deg = 27
CHAR-ENG-0015,motion,frames_below_140_corrected,0,frames,SOURCE_LOCKED,MEASURED,False,Latest report,matches measured evidence: corrected frames with knee < 140 deg = 0
CHAR-ENG-0016,crossing,max_crossing_frame_control,52,frame,SOURCE_LOCKED,MEASURED,False,Latest report,matches measured evidence: control max-crossing frame index = 52
CHAR-ENG-0017,crossing,max_crossing_frame_corrected,52,frame,SOURCE_LOCKED,MEASURED,False,Latest report,matches measured evidence: corrected max-crossing frame index = 52
CHAR-ENG-0018,deformation,worst_corrected_iou,0.838,IoU,SOURCE_LOCKED,MEASURED,False,Latest report: centroid-aligned worst corrected frame,matches measured evidence: worst centroid-aligned frame-to-frame IoU = 0.838
CHAR-ENG-0019,deformation,corrected_frames_iou_below_090,17,frames,SOURCE_LOCKED,MEASURED,False,Latest report,matches measured evidence: corrected frames with IoU < 0.90 = 17
CHAR-ENG-0020,deformation,control_frames_iou_below_090,11,frames,SOURCE_LOCKED,MEASURED,False,Latest report,matches measured evidence: control frames with IoU < 0.90 = 11
CHAR-ENG-0021,crossing,min_leg_gap_control,2,px,SOURCE_LOCKED,MEASURED,False,Latest report,"matches measured evidence: control minimum gap between legs, px = 2"
CHAR-ENG-0022,crossing,min_leg_gap_corrected,2,px,SOURCE_LOCKED,MEASURED,False,Latest report,"matches measured evidence: corrected minimum gap between legs, px = 2"
CHAR-ENG-0023,render,control_render_time,8.1,seconds,SOURCE_LOCKED,MEASURED,False,Latest report,"matches measured evidence: control render wall time, s = 8.1"
CHAR-ENG-0024,render,corrected_render_time,4.26,seconds,SOURCE_LOCKED,REJECTED,False,Latest report,"value traces to a real measurement (corrected clip DURATION 4.26 s) but the parameter name does not describe it: filed as corrected_render_time; the corrected render took 8.2 s wall, 4.26 s is the clip's playing duration. Not renamed, not promoted."
CHAR-ENG-0025,overall_proportions,leg_ratio_03,1.09,ratio,CANDIDATE_TARGET,UNVALIDATED,False,Not measured/supported by latest report; candidate engineering reference only,"CANDIDATE_TARGET: engineering candidate only, not measured by ONIQ and not a production gate"
CHAR-ENG-0026,overall_proportions,arm_ratio_03,1.16,ratio,CANDIDATE_TARGET,UNVALIDATED,False,Not measured/supported by latest report; candidate engineering reference only,"CANDIDATE_TARGET: engineering candidate only, not measured by ONIQ and not a production gate"
CHAR-ENG-0027,overall_proportions,head_ratio_03,0.86,ratio,CANDIDATE_TARGET,UNVALIDATED,False,Not measured/supported by latest report; candidate engineering reference only,"CANDIDATE_TARGET: engineering candidate only, not measured by ONIQ and not a production gate"
CHAR-ENG-0028,overall_proportions,hand_ratio_03,0.93,ratio,CANDIDATE_TARGET,UNVALIDATED,False,Not measured/supported by latest report; candidate engineering reference only,"CANDIDATE_TARGET: engineering candidate only, not measured by ONIQ and not a production gate"
CHAR-ENG-0029,overall_proportions,foot_ratio_03,1.0,ratio,CANDIDATE_TARGET,UNVALIDATED,False,Not measured/supported by latest report; candidate engineering reference only,"CANDIDATE_TARGET: engineering candidate only, not measured by ONIQ and not a production gate"
CHAR-ENG-0030,overall_proportions,neck_ratio_03,1.07,ratio,CANDIDATE_TARGET,UNVALIDATED,False,Not measured/supported by latest report; candidate engineering reference only,"CANDIDATE_TARGET: engineering candidate only, not measured by ONIQ and not a production gate"
CHAR-ENG-0031,overall_proportions,height_ratio_04,1.14,ratio,CANDIDATE_TARGET,UNVALIDATED,False,Not measured/supported by latest report; candidate engineering reference only,"CANDIDATE_TARGET: engineering candidate only, not measured by ONIQ and not a production gate"
CHAR-ENG-0032,overall_proportions,shoulder_width_ratio_04,0.84,ratio,CANDIDATE_TARGET,UNVALIDATED,False,Not measured/supported by latest report; candidate engineering reference only,"CANDIDATE_TARGET: engineering candidate only, not measured by ONIQ and not a production gate"
CHAR-ENG-0033,overall_proportions,hip_width_ratio_04,0.91,ratio,CANDIDATE_TARGET,UNVALIDATED,False,Not measured/supported by latest report; candidate engineering reference only,"CANDIDATE_TARGET: engineering candidate only, not measured by ONIQ and not a production gate"
CHAR-ENG-0034,overall_proportions,torso_ratio_04,0.98,ratio,CANDIDATE_TARGET,UNVALIDATED,False,Not measured/supported by latest report; candidate engineering reference only,"CANDIDATE_TARGET: engineering candidate only, not measured by ONIQ and not a production gate"
CHAR-ENG-0035,overall_proportions,leg_ratio_04,1.05,ratio,CANDIDATE_TARGET,UNVALIDATED,False,Not measured/supported by latest report; candidate engineering reference only,"CANDIDATE_TARGET: engineering candidate only, not measured by ONIQ and not a production gate"
CHAR-ENG-0036,overall_proportions,arm_ratio_04,1.12,ratio,CANDIDATE_TARGET,UNVALIDATED,False,Not measured/supported by latest report; candidate engineering reference only,"CANDIDATE_TARGET: engineering candidate only, not measured by ONIQ and not a production gate"
CHAR-ENG-0037,overall_proportions,head_ratio_04,0.82,ratio,CANDIDATE_TARGET,UNVALIDATED,False,Not measured/supported by latest report; candidate engineering reference only,"CANDIDATE_TARGET: engineering candidate only, not measured by ONIQ and not a production gate"
CHAR-ENG-0038,overall_proportions,hand_ratio_04,0.89,ratio,CANDIDATE_TARGET,UNVALIDATED,False,Not measured/supported by latest report; candidate engineering reference only,"CANDIDATE_TARGET: engineering candidate only, not measured by ONIQ and not a production gate"
CHAR-ENG-0039,overall_proportions,foot_ratio_04,0.96,ratio,CANDIDATE_TARGET,UNVALIDATED,False,Not measured/supported by latest report; candidate engineering reference only,"CANDIDATE_TARGET: engineering candidate only, not measured by ONIQ and not a production gate"
CHAR-ENG-0040,overall_proportions,neck_ratio_04,1.03,ratio,CANDIDATE_TARGET,UNVALIDATED,False,Not measured/supported by latest report; candidate engineering reference only,"CANDIDATE_TARGET: engineering candidate only, not measured by ONIQ and not a production gate"
CHAR-ENG-0041,overall_proportions,height_ratio_05,1.1,ratio,CANDIDATE_TARGET,UNVALIDATED,False,Not measured/supported by latest report; candidate engineering reference only,"CANDIDATE_TARGET: engineering candidate only, not measured by ONIQ and not a production gate"
CHAR-ENG-0042,overall_proportions,shoulder_width_ratio_05,1.17,ratio,CANDIDATE_TARGET,UNVALIDATED,False,Not measured/supported by latest report; candidate engineering reference only,"CANDIDATE_TARGET: engineering candidate only, not measured by ONIQ and not a production gate"
CHAR-ENG-0043,overall_proportions,hip_width_ratio_05,0.87,ratio,CANDIDATE_TARGET,UNVALIDATED,False,Not measured/supported by latest report; candidate engineering reference only,"CANDIDATE_TARGET: engineering candidate only, not measured by ONIQ and not a production gate"
CHAR-ENG-0044,overall_proportions,torso_ratio_05,0.94,ratio,CANDIDATE_TARGET,UNVALIDATED,False,Not measured/supported by latest report; candidate engineering reference only,"CANDIDATE_TARGET: engineering candidate only, not measured by ONIQ and not a production gate"
CHAR-ENG-0045,overall_proportions,leg_ratio_05,1.01,ratio,CANDIDATE_TARGET,UNVALIDATED,False,Not measured/supported by latest report; candidate engineering reference only,"CANDIDATE_TARGET: engineering candidate only, not measured by ONIQ and not a production gate"
CHAR-ENG-0046,overall_proportions,arm_ratio_05,1.08,ratio,CANDIDATE_TARGET,UNVALIDATED,False,Not measured/supported by latest report; candidate engineering reference only,"CANDIDATE_TARGET: engineering candidate only, not measured by ONIQ and not a production gate"
CHAR-ENG-0047,overall_proportions,head_ratio_05,1.15,ratio,CANDIDATE_TARGET,UNVALIDATED,False,Not measured/supported by latest report; candidate engineering reference only,"CANDIDATE_TARGET: engineering candidate only, not measured by ONIQ and not a production gate"
CHAR-ENG-0048,overall_proportions,hand_ratio_05,0.85,ratio,CANDIDATE_TARGET,UNVALIDATED,False,Not measured/supported by latest report; candidate engineering reference only,"CANDIDATE_TARGET: engineering candidate only, not measured by ONIQ and not a production gate"
CHAR-ENG-0049,overall_proportions,foot_ratio_05,0.92,ratio,CANDIDATE_TARGET,UNVALIDATED,False,Not measured/supported by latest report; candidate engineering reference only,"CANDIDATE_TARGET: engineering candidate only, not measured by ONIQ and not a production gate"
CHAR-ENG-0050,overall_proportions,neck_ratio_05,0.99,ratio,CANDIDATE_TARGET,UNVALIDATED,False,Not measured/supported by latest report; candidate engineering reference only,"CANDIDATE_TARGET: engineering candidate only, not measured by ONIQ and not a production gate"
CHAR-ENG-0051,head_cranium,cranial_height_01,34.0,mm,CANDIDATE_TARGET,UNVALIDATED,False,Not measured/supported by latest report; candidate engineering reference only,"CANDIDATE_TARGET: engineering candidate only, not measured by ONIQ and not a production gate"
CHAR-ENG-0052,head_cranium,cranial_width_01,42.5,mm,CANDIDATE_TARGET,UNVALIDATED,False,Not measured/supported by latest report; candidate engineering reference only,"CANDIDATE_TARGET: engineering candidate only, not measured by ONIQ and not a production gate"
CHAR-ENG-0053,head_cranium,cranial_depth_01,51.0,mm,CANDIDATE_TARGET,UNVALIDATED,False,Not measured/supported by latest report; candidate engineering reference only,"CANDIDATE_TARGET: engineering candidate only, not measured by ONIQ and not a production gate"
CHAR-ENG-0054,head_cranium,jaw_width_01,59.5,mm,CANDIDATE_TARGET,UNVALIDATED,False,Not measured/supported by latest report; candidate engineering reference only,"CANDIDATE_TARGET: engineering candidate only, not measured by ONIQ and not a production gate"
CHAR-ENG-0055,head_cranium,temple_width_01,68.0,mm,CANDIDATE_TARGET,UNVALIDATED,False,Not measured/supported by latest report; candidate engineering reference only,"CANDIDATE_TARGET: engineering candidate only, not measured by ONIQ and not a production gate"
CHAR-ENG-0056,head_cranium,brow_width_01,76.5,mm,CANDIDATE_TARGET,UNVALIDATED,False,Not measured/supported by latest report; candidate engineering reference only,"CANDIDATE_TARGET: engineering candidate only, not measured by ONIQ and not a production gate"
CHAR-ENG-0057,head_cranium,cheek_width_01,85.0,mm,CANDIDATE_TARGET,UNVALIDATED,False,Not measured/supported by latest report; candidate engineering reference only,"CANDIDATE_TARGET: engineering candidate only, not measured by ONIQ and not a production gate"
CHAR-ENG-0058,head_cranium,occipital_depth_01,93.5,mm,CANDIDATE_TARGET,UNVALIDATED,False,Not measured/supported by latest report; candidate engineering reference only,"CANDIDATE_TARGET: engineering candidate only, not measured by ONIQ and not a production gate"
CHAR-ENG-0059,head_cranium,ear_height_01,102.0,mm,CANDIDATE_TARGET,UNVALIDATED,False,Not measured/supported by latest report; candidate engineering reference only,"CANDIDATE_TARGET: engineering candidate only, not measured by ONIQ and not a production gate"
CHAR-ENG-0060,head_cranium,ear_width_01,20.0,mm,CANDIDATE_TARGET,UNVALIDATED,False,Not measured/supported by latest report; candidate engineering reference only,"CANDIDATE_TARGET: engineering candidate only, not measured by ONIQ and not a production gate"
CHAR-ENG-0061,head_cranium,cranial_height_02,28.5,mm,CANDIDATE_TARGET,UNVALIDATED,False,Not measured/supported by latest report; candidate engineering reference only,"CANDIDATE_TARGET: engineering candidate only, not measured by ONIQ and not a production gate"
CHAR-ENG-0062,head_cranium,cranial_width_02,37.0,mm,CANDIDATE_TARGET,UNVALIDATED,False,Not measured/supported by latest report; candidate engineering reference only,"CANDIDATE_TARGET: engineering candidate only, not measured by ONIQ and not a production gate"
CHAR-ENG-0063,head_cranium,cranial_depth_02,45.5,mm,CANDIDATE_TARGET,UNVALIDATED,False,Not measured/supported by latest report; candidate engineering reference only,"CANDIDATE_TARGET: engineering candidate only, not measured by ONIQ and not a production gate"
CHAR-ENG-0064,head_cranium,jaw_width_02,54.0,mm,CANDIDATE_TARGET,UNVALIDATED,False,Not measured/supported by latest report; candidate engineering reference only,"CANDIDATE_TARGET: engineering candidate only, not measured by ONIQ and not a production gate"
CHAR-ENG-0065,head_cranium,temple_width_02,62.5,mm,CANDIDATE_TARGET,UNVALIDATED,False,Not measured/supported by latest report; candidate engineering reference only,"CANDIDATE_TARGET: engineering candidate only, not measured by ONIQ and not a production gate"
CHAR-ENG-0066,head_cranium,brow_width_02,71.0,mm,CANDIDATE_TARGET,UNVALIDATED,False,Not measured/supported by latest report; candidate engineering reference only,"CANDIDATE_TARGET: engineering candidate only, not measured by ONIQ and not a production gate"
CHAR-ENG-0067,head_cranium,cheek_width_02,79.5,mm,CANDIDATE_TARGET,UNVALIDATED,False,Not measured/supported by latest report; candidate engineering reference only,"CANDIDATE_TARGET: engineering candidate only, not measured by ONIQ and not a production gate"
CHAR-ENG-0068,head_cranium,occipital_depth_02,88.0,mm,CANDIDATE_TARGET,UNVALIDATED,False,Not measured/supported by latest report; candidate engineering reference only,"CANDIDATE_TARGET: engineering candidate only, not measured by ONIQ and not a production gate"
CHAR-ENG-0069,head_cranium,ear_height_02,96.5,mm,CANDIDATE_TARGET,UNVALIDATED,False,Not measured/supported by latest report; candidate engineering reference only,"CANDIDATE_TARGET: engineering candidate only, not measured by ONIQ and not a production gate"
CHAR-ENG-0070,head_cranium,ear_width_02,105.0,mm,CANDIDATE_TARGET,UNVALIDATED,False,Not measured/supported by latest report; candidate engineering reference only,"CANDIDATE_TARGET: engineering candidate only, not measured by ONIQ and not a production gate"
CHAR-ENG-0071,head_cranium,cranial_height_03,23.0,mm,CANDIDATE_TARGET,UNVALIDATED,False,Not measured/supported by latest report; candidate engineering reference only,"CANDIDATE_TARGET: engineering candidate only, not measured by ONIQ and not a production gate"
CHAR-ENG-0072,head_cranium,cranial_width_03,31.5,mm,CANDIDATE_TARGET,UNVALIDATED,False,Not measured/supported by latest report; candidate engineering reference only,"CANDIDATE_TARGET: engineering candidate only, not measured by ONIQ and not a production gate"
CHAR-ENG-0073,head_cranium,cranial_depth_03,40.0,mm,CANDIDATE_TARGET,UNVALIDATED,False,Not measured/supported by latest report; candidate engineering reference only,"CANDIDATE_TARGET: engineering candidate only, not measured by ONIQ and not a production gate"
CHAR-ENG-0074,head_cranium,jaw_width_03,48.5,mm,CANDIDATE_TARGET,UNVALIDATED,False,Not measured/supported by latest report; candidate engineering reference only,"CANDIDATE_TARGET: engineering candidate only, not measured by ONIQ and not a production gate"
CHAR-ENG-0075,head_cranium,temple_width_03,57.0,mm,CANDIDATE_TARGET,UNVALIDATED,False,Not measured/supported by latest report; candidate engineering reference only,"CANDIDATE_TARGET: engineering candidate only, not measured by ONIQ and not a production gate"
CHAR-ENG-0076,head_cranium,brow_width_03,65.5,mm,CANDIDATE_TARGET,UNVALIDATED,False,Not measured/supported by latest report; candidate engineering reference only,"CANDIDATE_TARGET: engineering candidate only, not measured by ONIQ and not a production gate"
CHAR-ENG-0077,head_cranium,cheek_width_03,74.0,mm,CANDIDATE_TARGET,UNVALIDATED,False,Not measured/supported by latest report; candidate engineering reference only,"CANDIDATE_TARGET: engineering candidate only, not measured by ONIQ and not a production gate"
CHAR-ENG-0078,head_cranium,occipital_depth_03,82.5,mm,CANDIDATE_TARGET,UNVALIDATED,False,Not measured/supported by latest report; candidate engineering reference only,"CANDIDATE_TARGET: engineering candidate only, not measured by ONIQ and not a production gate"
CHAR-ENG-0079,head_cranium,ear_height_03,91.0,mm,CANDIDATE_TARGET,UNVALIDATED,False,Not measured/supported by latest report; candidate engineering reference only,"CANDIDATE_TARGET: engineering candidate only, not measured by ONIQ and not a production gate"
CHAR-ENG-0080,head_cranium,ear_width_03,99.5,mm,CANDIDATE_TARGET,UNVALIDATED,False,Not measured/supported by latest report; candidate engineering reference only,"CANDIDATE_TARGET: engineering candidate only, not measured by ONIQ and not a production gate"
CHAR-ENG-0081,head_cranium,cranial_height_04,108.0,mm,CANDIDATE_TARGET,UNVALIDATED,False,Not measured/supported by latest report; candidate engineering reference only,"CANDIDATE_TARGET: engineering candidate only, not measured by ONIQ and not a production gate"
CHAR-ENG-0082,head_cranium,cranial_width_04,26.0,mm,CANDIDATE_TARGET,UNVALIDATED,False,Not measured/supported by latest report; candidate engineering reference only,"CANDIDATE_TARGET: engineering candidate only, not measured by ONIQ and not a production gate"
CHAR-ENG-0083,head_cranium,cranial_depth_04,34.5,mm,CANDIDATE_TARGET,UNVALIDATED,False,Not measured/supported by latest report; candidate engineering reference only,"CANDIDATE_TARGET: engineering candidate only, not measured by ONIQ and not a production gate"
CHAR-ENG-0084,head_cranium,jaw_width_04,43.0,mm,CANDIDATE_TARGET,UNVALIDATED,False,Not measured/supported by latest report; candidate engineering reference only,"CANDIDATE_TARGET: engineering candidate only, not measured by ONIQ and not a production gate"
CHAR-ENG-0085,head_cranium,temple_width_04,51.5,mm,CANDIDATE_TARGET,UNVALIDATED,False,Not measured/supported by latest report; candidate engineering reference only,"CANDIDATE_TARGET: engineering candidate only, not measured by ONIQ and not a production gate"
CHAR-ENG-0086,head_cranium,brow_width_04,60.0,mm,CANDIDATE_TARGET,UNVALIDATED,False,Not measured/supported by latest report; candidate engineering reference only,"CANDIDATE_TARGET: engineering candidate only, not measured by ONIQ and not a production gate"
CHAR-ENG-0087,head_cranium,cheek_width_04,68.5,mm,CANDIDATE_TARGET,UNVALIDATED,False,Not measured/supported by latest report; candidate engineering reference only,"CANDIDATE_TARGET: engineering candidate only, not measured by ONIQ and not a production gate"
CHAR-ENG-0088,head_cranium,occipital_depth_04,77.0,mm,CANDIDATE_TARGET,UNVALIDATED,False,Not measured/supported by latest report; candidate engineering reference only,"CANDIDATE_TARGET: engineering candidate only, not measured by ONIQ and not a production gate"
CHAR-ENG-0089,head_cranium,ear_height_04,85.5,mm,CANDIDATE_TARGET,UNVALIDATED,False,Not measured/supported by latest report; candidate engineering reference only,"CANDIDATE_TARGET: engineering candidate only, not measured by ONIQ and not a production gate"
CHAR-ENG-0090,head_cranium,ear_width_04,94.0,mm,CANDIDATE_TARGET,UNVALIDATED,False,Not measured/supported by latest report; candidate engineering reference only,"CANDIDATE_TARGET: engineering candidate only, not measured by ONIQ and not a production gate"
CHAR-ENG-0091,head_cranium,cranial_height_05,102.5,mm,CANDIDATE_TARGET,UNVALIDATED,False,Not measured/supported by latest report; candidate engineering reference only,"CANDIDATE_TARGET: engineering candidate only, not measured by ONIQ and not a production gate"
CHAR-ENG-0092,head_cranium,cranial_width_05,20.5,mm,CANDIDATE_TARGET,UNVALIDATED,False,Not measured/supported by latest report; candidate engineering reference only,"CANDIDATE_TARGET: engineering candidate only, not measured by ONIQ and not a production gate"
CHAR-ENG-0093,head_cranium,cranial_depth_05,29.0,mm,CANDIDATE_TARGET,UNVALIDATED,False,Not measured/supported by latest report; candidate engineering reference only,"CANDIDATE_TARGET: engineering candidate only, not measured by ONIQ and not a production gate"
CHAR-ENG-0094,head_cranium,jaw_width_05,37.5,mm,CANDIDATE_TARGET,UNVALIDATED,False,Not measured/supported by latest report; candidate engineering reference only,"CANDIDATE_TARGET: engineering candidate only, not measured by ONIQ and not a production gate"
CHAR-ENG-0095,head_cranium,temple_width_05,46.0,mm,CANDIDATE_TARGET,UNVALIDATED,False,Not measured/supported by latest report; candidate engineering reference only,"CANDIDATE_TARGET: engineering candidate only, not measured by ONIQ and not a production gate"
CHAR-ENG-0096,head_cranium,brow_width_05,54.5,mm,CANDIDATE_TARGET,UNVALIDATED,False,Not measured/supported by latest report; candidate engineering reference only,"CANDIDATE_TARGET: engineering candidate only, not measured by ONIQ and not a production gate"
CHAR-ENG-0097,head_cranium,cheek_width_05,63.0,mm,CANDIDATE_TARGET,UNVALIDATED,False,Not measured/supported by latest report; candidate engineering reference only,"CANDIDATE_TARGET: engineering candidate only, not measured by ONIQ and not a production gate"
CHAR-ENG-0098,head_cranium,occipital_depth_05,71.5,mm,CANDIDATE_TARGET,UNVALIDATED,False,Not measured/supported by latest report; candidate engineering reference only,"CANDIDATE_TARGET: engineering candidate only, not measured by ONIQ and not a production gate"
CHAR-ENG-0099,head_cranium,ear_height_05,80.0,mm,CANDIDATE_TARGET,UNVALIDATED,False,Not measured/supported by latest report; candidate engineering reference only,"CANDIDATE_TARGET: engineering candidate only, not measured by ONIQ and not a production gate"
CHAR-ENG-0100,head_cranium,ear_width_05,88.5,mm,CANDIDATE_TARGET,UNVALIDATED,False,Not measured/supported by latest report; candidate engineering reference only,"CANDIDATE_TARGET: engineering candidate only, not measured by ONIQ and not a production gate"
CHAR-ENG-0101,face,eye_spacing_01,39.5,mm,CANDIDATE_TARGET,UNVALIDATED,False,Not measured/supported by latest report; candidate engineering reference only,"CANDIDATE_TARGET: engineering candidate only, not measured by ONIQ and not a production gate"
CHAR-ENG-0102,face,eye_width_01,48.0,mm,CANDIDATE_TARGET,UNVALIDATED,False,Not measured/supported by latest report; candidate engineering reference only,"CANDIDATE_TARGET: engineering candidate only, not measured by ONIQ and not a production gate"
CHAR-ENG-0103,face,eye_height_01,56.5,mm,CANDIDATE_TARGET,UNVALIDATED,False,Not measured/supported by latest report; candidate engineering reference only,"CANDIDATE_TARGET: engineering candidate only, not measured by ONIQ and not a production gate"
CHAR-ENG-0104,face,nose_length_01,65.0,mm,CANDIDATE_TARGET,UNVALIDATED,False,Not measured/supported by latest report; candidate engineering reference only,"CANDIDATE_TARGET: engineering candidate only, not measured by ONIQ and not a production gate"
CHAR-ENG-0105,face,nose_width_01,73.5,mm,CANDIDATE_TARGET,UNVALIDATED,False,Not measured/supported by latest report; candidate engineering reference only,"CANDIDATE_TARGET: engineering candidate only, not measured by ONIQ and not a production gate"
CHAR-ENG-0106,face,mouth_width_01,82.0,mm,CANDIDATE_TARGET,UNVALIDATED,False,Not measured/supported by latest report; candidate engineering reference only,"CANDIDATE_TARGET: engineering candidate only, not measured by ONIQ and not a production gate"
CHAR-ENG-0107,face,philtrum_length_01,90.5,mm,CANDIDATE_TARGET,UNVALIDATED,False,Not measured/supported by latest report; candidate engineering reference only,"CANDIDATE_TARGET: engineering candidate only, not measured by ONIQ and not a production gate"
CHAR-ENG-0108,face,chin_height_01,99.0,mm,CANDIDATE_TARGET,UNVALIDATED,False,Not measured/supported by latest report; candidate engineering reference only,"CANDIDATE_TARGET: engineering candidate only, not measured by ONIQ and not a production gate"
CHAR-ENG-0109,face,chin_projection_01,107.5,mm,CANDIDATE_TARGET,UNVALIDATED,False,Not measured/supported by latest report; candidate engineering reference only,"CANDIDATE_TARGET: engineering candidate only, not measured by ONIQ and not a production gate"
CHAR-ENG-0110,face,brow_to_eye_01,25.5,mm,CANDIDATE_TARGET,UNVALIDATED,False,Not measured/supported by latest report; candidate engineering reference only,"CANDIDATE_TARGET: engineering candidate only, not measured by ONIQ and not a production gate"
CHAR-ENG-0111,face,eye_spacing_02,34.0,mm,CANDIDATE_TARGET,UNVALIDATED,False,Not measured/supported by latest report; candidate engineering reference only,"CANDIDATE_TARGET: engineering candidate only, not measured by ONIQ and not a production gate"
CHAR-ENG-0112,face,eye_width_02,42.5,mm,CANDIDATE_TARGET,UNVALIDATED,False,Not measured/supported by latest report; candidate engineering reference only,"CANDIDATE_TARGET: engineering candidate only, not measured by ONIQ and not a production gate"
CHAR-ENG-0113,face,eye_height_02,51.0,mm,CANDIDATE_TARGET,UNVALIDATED,False,Not measured/supported by latest report; candidate engineering reference only,"CANDIDATE_TARGET: engineering candidate only, not measured by ONIQ and not a production gate"
CHAR-ENG-0114,face,nose_length_02,59.5,mm,CANDIDATE_TARGET,UNVALIDATED,False,Not measured/supported by latest report; candidate engineering reference only,"CANDIDATE_TARGET: engineering candidate only, not measured by ONIQ and not a production gate"
CHAR-ENG-0115,face,nose_width_02,68.0,mm,CANDIDATE_TARGET,UNVALIDATED,False,Not measured/supported by latest report; candidate engineering reference only,"CANDIDATE_TARGET: engineering candidate only, not measured by ONIQ and not a production gate"
CHAR-ENG-0116,face,mouth_width_02,76.5,mm,CANDIDATE_TARGET,UNVALIDATED,False,Not measured/supported by latest report; candidate engineering reference only,"CANDIDATE_TARGET: engineering candidate only, not measured by ONIQ and not a production gate"
CHAR-ENG-0117,face,philtrum_length_02,85.0,mm,CANDIDATE_TARGET,UNVALIDATED,False,Not measured/supported by latest report; candidate engineering reference only,"CANDIDATE_TARGET: engineering candidate only, not measured by ONIQ and not a production gate"
CHAR-ENG-0118,face,chin_height_02,93.5,mm,CANDIDATE_TARGET,UNVALIDATED,False,Not measured/supported by latest report; candidate engineering reference only,"CANDIDATE_TARGET: engineering candidate only, not measured by ONIQ and not a production gate"
CHAR-ENG-0119,face,chin_projection_02,102.0,mm,CANDIDATE_TARGET,UNVALIDATED,False,Not measured/supported by latest report; candidate engineering reference only,"CANDIDATE_TARGET: engineering candidate only, not measured by ONIQ and not a production gate"
CHAR-ENG-0120,face,brow_to_eye_02,20.0,mm,CANDIDATE_TARGET,UNVALIDATED,False,Not measured/supported by latest report; candidate engineering reference only,"CANDIDATE_TARGET: engineering candidate only, not measured by ONIQ and not a production gate"
CHAR-ENG-0121,face,eye_spacing_03,28.5,mm,CANDIDATE_TARGET,UNVALIDATED,False,Not measured/supported by latest report; candidate engineering reference only,"CANDIDATE_TARGET: engineering candidate only, not measured by ONIQ and not a production gate"
CHAR-ENG-0122,face,eye_width_03,37.0,mm,CANDIDATE_TARGET,UNVALIDATED,False,Not measured/supported by latest report; candidate engineering reference only,"CANDIDATE_TARGET: engineering candidate only, not measured by ONIQ and not a production gate"
CHAR-ENG-0123,face,eye_height_03,45.5,mm,CANDIDATE_TARGET,UNVALIDATED,False,Not measured/supported by latest report; candidate engineering reference only,"CANDIDATE_TARGET: engineering candidate only, not measured by ONIQ and not a production gate"
CHAR-ENG-0124,face,nose_length_03,54.0,mm,CANDIDATE_TARGET,UNVALIDATED,False,Not measured/supported by latest report; candidate engineering reference only,"CANDIDATE_TARGET: engineering candidate only, not measured by ONIQ and not a production gate"
CHAR-ENG-0125,face,nose_width_03,62.5,mm,CANDIDATE_TARGET,UNVALIDATED,False,Not measured/supported by latest report; candidate engineering reference only,"CANDIDATE_TARGET: engineering candidate only, not measured by ONIQ and not a production gate"
CHAR-ENG-0126,face,mouth_width_03,71.0,mm,CANDIDATE_TARGET,UNVALIDATED,False,Not measured/supported by latest report; candidate engineering reference only,"CANDIDATE_TARGET: engineering candidate only, not measured by ONIQ and not a production gate"
CHAR-ENG-0127,face,philtrum_length_03,79.5,mm,CANDIDATE_TARGET,UNVALIDATED,False,Not measured/supported by latest report; candidate engineering reference only,"CANDIDATE_TARGET: engineering candidate only, not measured by ONIQ and not a production gate"
CHAR-ENG-0128,face,chin_height_03,88.0,mm,CANDIDATE_TARGET,UNVALIDATED,False,Not measured/supported by latest report; candidate engineering reference only,"CANDIDATE_TARGET: engineering candidate only, not measured by ONIQ and not a production gate"
CHAR-ENG-0129,face,chin_projection_03,96.5,mm,CANDIDATE_TARGET,UNVALIDATED,False,Not measured/supported by latest report; candidate engineering reference only,"CANDIDATE_TARGET: engineering candidate only, not measured by ONIQ and not a production gate"
CHAR-ENG-0130,face,brow_to_eye_03,105.0,mm,CANDIDATE_TARGET,UNVALIDATED,False,Not measured/supported by latest report; candidate engineering reference only,"CANDIDATE_TARGET: engineering candidate only, not measured by ONIQ and not a production gate"
CHAR-ENG-0131,face,eye_spacing_04,23.0,mm,CANDIDATE_TARGET,UNVALIDATED,False,Not measured/supported by latest report; candidate engineering reference only,"CANDIDATE_TARGET: engineering candidate only, not measured by ONIQ and not a production gate"
CHAR-ENG-0132,face,eye_width_04,31.5,mm,CANDIDATE_TARGET,UNVALIDATED,False,Not measured/supported by latest report; candidate engineering reference only,"CANDIDATE_TARGET: engineering candidate only, not measured by ONIQ and not a production gate"
CHAR-ENG-0133,face,eye_height_04,40.0,mm,CANDIDATE_TARGET,UNVALIDATED,False,Not measured/supported by latest report; candidate engineering reference only,"CANDIDATE_TARGET: engineering candidate only, not measured by ONIQ and not a production gate"
CHAR-ENG-0134,face,nose_length_04,48.5,mm,CANDIDATE_TARGET,UNVALIDATED,False,Not measured/supported by latest report; candidate engineering reference only,"CANDIDATE_TARGET: engineering candidate only, not measured by ONIQ and not a production gate"
CHAR-ENG-0135,face,nose_width_04,57.0,mm,CANDIDATE_TARGET,UNVALIDATED,False,Not measured/supported by latest report; candidate engineering reference only,"CANDIDATE_TARGET: engineering candidate only, not measured by ONIQ and not a production gate"
CHAR-ENG-0136,face,mouth_width_04,65.5,mm,CANDIDATE_TARGET,UNVALIDATED,False,Not measured/supported by latest report; candidate engineering reference only,"CANDIDATE_TARGET: engineering candidate only, not measured by ONIQ and not a production gate"
CHAR-ENG-0137,face,philtrum_length_04,74.0,mm,CANDIDATE_TARGET,UNVALIDATED,False,Not measured/supported by latest report; candidate engineering reference only,"CANDIDATE_TARGET: engineering candidate only, not measured by ONIQ and not a production gate"
CHAR-ENG-0138,face,chin_height_04,82.5,mm,CANDIDATE_TARGET,UNVALIDATED,False,Not measured/supported by latest report; candidate engineering reference only,"CANDIDATE_TARGET: engineering candidate only, not measured by ONIQ and not a production gate"
CHAR-ENG-0139,face,chin_projection_04,91.0,mm,CANDIDATE_TARGET,UNVALIDATED,False,Not measured/supported by latest report; candidate engineering reference only,"CANDIDATE_TARGET: engineering candidate only, not measured by ONIQ and not a production gate"
CHAR-ENG-0140,face,brow_to_eye_04,99.5,mm,CANDIDATE_TARGET,UNVALIDATED,False,Not measured/supported by latest report; candidate engineering reference only,"CANDIDATE_TARGET: engineering candidate only, not measured by ONIQ and not a production gate"
CHAR-ENG-0141,face,eye_spacing_05,108.0,mm,CANDIDATE_TARGET,UNVALIDATED,False,Not measured/supported by latest report; candidate engineering reference only,"CANDIDATE_TARGET: engineering candidate only, not measured by ONIQ and not a production gate"
CHAR-ENG-0142,face,eye_width_05,26.0,mm,CANDIDATE_TARGET,UNVALIDATED,False,Not measured/supported by latest report; candidate engineering reference only,"CANDIDATE_TARGET: engineering candidate only, not measured by ONIQ and not a production gate"
CHAR-ENG-0143,face,eye_height_05,34.5,mm,CANDIDATE_TARGET,UNVALIDATED,False,Not measured/supported by latest report; candidate engineering reference only,"CANDIDATE_TARGET: engineering candidate only, not measured by ONIQ and not a production gate"
CHAR-ENG-0144,face,nose_length_05,43.0,mm,CANDIDATE_TARGET,UNVALIDATED,False,Not measured/supported by latest report; candidate engineering reference only,"CANDIDATE_TARGET: engineering candidate only, not measured by ONIQ and not a production gate"
CHAR-ENG-0145,face,nose_width_05,51.5,mm,CANDIDATE_TARGET,UNVALIDATED,False,Not measured/supported by latest report; candidate engineering reference only,"CANDIDATE_TARGET: engineering candidate only, not measured by ONIQ and not a production gate"
CHAR-ENG-0146,face,mouth_width_05,60.0,mm,CANDIDATE_TARGET,UNVALIDATED,False,Not measured/supported by latest report; candidate engineering reference only,"CANDIDATE_TARGET: engineering candidate only, not measured by ONIQ and not a production gate"
CHAR-ENG-0147,face,philtrum_length_05,68.5,mm,CANDIDATE_TARGET,UNVALIDATED,False,Not measured/supported by latest report; candidate engineering reference only,"CANDIDATE_TARGET: engineering candidate only, not measured by ONIQ and not a production gate"
CHAR-ENG-0148,face,chin_height_05,77.0,mm,CANDIDATE_TARGET,UNVALIDATED,False,Not measured/supported by latest report; candidate engineering reference only,"CANDIDATE_TARGET: engineering candidate only, not measured by ONIQ and not a production gate"
CHAR-ENG-0149,face,chin_projection_05,85.5,mm,CANDIDATE_TARGET,UNVALIDATED,False,Not measured/supported by latest report; candidate engineering reference only,"CANDIDATE_TARGET: engineering candidate only, not measured by ONIQ and not a production gate"
CHAR-ENG-0150,face,brow_to_eye_05,94.0,mm,CANDIDATE_TARGET,UNVALIDATED,False,Not measured/supported by latest report; candidate engineering reference only,"CANDIDATE_TARGET: engineering candidate only, not measured by ONIQ and not a production gate"
CHAR-ENG-0151,neck_shoulders,neck_height_01,45.0,mm,CANDIDATE_TARGET,UNVALIDATED,False,Not measured/supported by latest report; candidate engineering reference only,"CANDIDATE_TARGET: engineering candidate only, not measured by ONIQ and not a production gate"
CHAR-ENG-0152,neck_shoulders,neck_width_01,53.5,mm,CANDIDATE_TARGET,UNVALIDATED,False,Not measured/supported by latest report; candidate engineering reference only,"CANDIDATE_TARGET: engineering candidate only, not measured by ONIQ and not a production gate"
CHAR-ENG-0153,neck_shoulders,neck_depth_01,62.0,mm,CANDIDATE_TARGET,UNVALIDATED,False,Not measured/supported by latest report; candidate engineering reference only,"CANDIDATE_TARGET: engineering candidate only, not measured by ONIQ and not a production gate"
CHAR-ENG-0154,neck_shoulders,shoulder_width_01,70.5,mm,CANDIDATE_TARGET,UNVALIDATED,False,Not measured/supported by latest report; candidate engineering reference only,"CANDIDATE_TARGET: engineering candidate only, not measured by ONIQ and not a production gate"
CHAR-ENG-0155,neck_shoulders,clavicle_span_01,79.0,mm,CANDIDATE_TARGET,UNVALIDATED,False,Not measured/supported by latest report; candidate engineering reference only,"CANDIDATE_TARGET: engineering candidate only, not measured by ONIQ and not a production gate"
CHAR-ENG-0156,neck_shoulders,trapezius_height_01,87.5,mm,CANDIDATE_TARGET,UNVALIDATED,False,Not measured/supported by latest report; candidate engineering reference only,"CANDIDATE_TARGET: engineering candidate only, not measured by ONIQ and not a production gate"
CHAR-ENG-0157,neck_shoulders,shoulder_drop_L_01,96.0,mm,CANDIDATE_TARGET,UNVALIDATED,False,Not measured/supported by latest report; candidate engineering reference only,"CANDIDATE_TARGET: engineering candidate only, not measured by ONIQ and not a production gate"
CHAR-ENG-0158,neck_shoulders,shoulder_drop_R_01,104.5,mm,CANDIDATE_TARGET,UNVALIDATED,False,Not measured/supported by latest report; candidate engineering reference only,"CANDIDATE_TARGET: engineering candidate only, not measured by ONIQ and not a production gate"
CHAR-ENG-0159,neck_shoulders,deltoid_depth_01,22.5,mm,CANDIDATE_TARGET,UNVALIDATED,False,Not measured/supported by latest report; candidate engineering reference only,"CANDIDATE_TARGET: engineering candidate only, not measured by ONIQ and not a production gate"
CHAR-ENG-0160,neck_shoulders,upper_chest_width_01,31.0,mm,CANDIDATE_TARGET,UNVALIDATED,False,Not measured/supported by latest report; candidate engineering reference only,"CANDIDATE_TARGET: engineering candidate only, not measured by ONIQ and not a production gate"
CHAR-ENG-0161,neck_shoulders,neck_height_02,39.5,mm,CANDIDATE_TARGET,UNVALIDATED,False,Not measured/supported by latest report; candidate engineering reference only,"CANDIDATE_TARGET: engineering candidate only, not measured by ONIQ and not a production gate"
CHAR-ENG-0162,neck_shoulders,neck_width_02,48.0,mm,CANDIDATE_TARGET,UNVALIDATED,False,Not measured/supported by latest report; candidate engineering reference only,"CANDIDATE_TARGET: engineering candidate only, not measured by ONIQ and not a production gate"
CHAR-ENG-0163,neck_shoulders,neck_depth_02,56.5,mm,CANDIDATE_TARGET,UNVALIDATED,False,Not measured/supported by latest report; candidate engineering reference only,"CANDIDATE_TARGET: engineering candidate only, not measured by ONIQ and not a production gate"
CHAR-ENG-0164,neck_shoulders,shoulder_width_02,65.0,mm,CANDIDATE_TARGET,UNVALIDATED,False,Not measured/supported by latest report; candidate engineering reference only,"CANDIDATE_TARGET: engineering candidate only, not measured by ONIQ and not a production gate"
CHAR-ENG-0165,neck_shoulders,clavicle_span_02,73.5,mm,CANDIDATE_TARGET,UNVALIDATED,False,Not measured/supported by latest report; candidate engineering reference only,"CANDIDATE_TARGET: engineering candidate only, not measured by ONIQ and not a production gate"
CHAR-ENG-0166,neck_shoulders,trapezius_height_02,82.0,mm,CANDIDATE_TARGET,UNVALIDATED,False,Not measured/supported by latest report; candidate engineering reference only,"CANDIDATE_TARGET: engineering candidate only, not measured by ONIQ and not a production gate"
CHAR-ENG-0167,neck_shoulders,shoulder_drop_L_02,90.5,mm,CANDIDATE_TARGET,UNVALIDATED,False,Not measured/supported by latest report; candidate engineering reference only,"CANDIDATE_TARGET: engineering candidate only, not measured by ONIQ and not a production gate"
CHAR-ENG-0168,neck_shoulders,shoulder_drop_R_02,99.0,mm,CANDIDATE_TARGET,UNVALIDATED,False,Not measured/supported by latest report; candidate engineering reference only,"CANDIDATE_TARGET: engineering candidate only, not measured by ONIQ and not a production gate"
CHAR-ENG-0169,neck_shoulders,deltoid_depth_02,107.5,mm,CANDIDATE_TARGET,UNVALIDATED,False,Not measured/supported by latest report; candidate engineering reference only,"CANDIDATE_TARGET: engineering candidate only, not measured by ONIQ and not a production gate"
CHAR-ENG-0170,neck_shoulders,upper_chest_width_02,25.5,mm,CANDIDATE_TARGET,UNVALIDATED,False,Not measured/supported by latest report; candidate engineering reference only,"CANDIDATE_TARGET: engineering candidate only, not measured by ONIQ and not a production gate"
CHAR-ENG-0171,neck_shoulders,neck_height_03,34.0,mm,CANDIDATE_TARGET,UNVALIDATED,False,Not measured/supported by latest report; candidate engineering reference only,"CANDIDATE_TARGET: engineering candidate only, not measured by ONIQ and not a production gate"
CHAR-ENG-0172,neck_shoulders,neck_width_03,42.5,mm,CANDIDATE_TARGET,UNVALIDATED,False,Not measured/supported by latest report; candidate engineering reference only,"CANDIDATE_TARGET: engineering candidate only, not measured by ONIQ and not a production gate"
CHAR-ENG-0173,neck_shoulders,neck_depth_03,51.0,mm,CANDIDATE_TARGET,UNVALIDATED,False,Not measured/supported by latest report; candidate engineering reference only,"CANDIDATE_TARGET: engineering candidate only, not measured by ONIQ and not a production gate"
CHAR-ENG-0174,neck_shoulders,shoulder_width_03,59.5,mm,CANDIDATE_TARGET,UNVALIDATED,False,Not measured/supported by latest report; candidate engineering reference only,"CANDIDATE_TARGET: engineering candidate only, not measured by ONIQ and not a production gate"
CHAR-ENG-0175,neck_shoulders,clavicle_span_03,68.0,mm,CANDIDATE_TARGET,UNVALIDATED,False,Not measured/supported by latest report; candidate engineering reference only,"CANDIDATE_TARGET: engineering candidate only, not measured by ONIQ and not a production gate"
CHAR-ENG-0176,neck_shoulders,trapezius_height_03,76.5,mm,CANDIDATE_TARGET,UNVALIDATED,False,Not measured/supported by latest report; candidate engineering reference only,"CANDIDATE_TARGET: engineering candidate only, not measured by ONIQ and not a production gate"
CHAR-ENG-0177,neck_shoulders,shoulder_drop_L_03,85.0,mm,CANDIDATE_TARGET,UNVALIDATED,False,Not measured/supported by latest report; candidate engineering reference only,"CANDIDATE_TARGET: engineering candidate only, not measured by ONIQ and not a production gate"
CHAR-ENG-0178,neck_shoulders,shoulder_drop_R_03,93.5,mm,CANDIDATE_TARGET,UNVALIDATED,False,Not measured/supported by latest report; candidate engineering reference only,"CANDIDATE_TARGET: engineering candidate only, not measured by ONIQ and not a production gate"
CHAR-ENG-0179,neck_shoulders,deltoid_depth_03,102.0,mm,CANDIDATE_TARGET,UNVALIDATED,False,Not measured/supported by latest report; candidate engineering reference only,"CANDIDATE_TARGET: engineering candidate only, not measured by ONIQ and not a production gate"
CHAR-ENG-0180,neck_shoulders,upper_chest_width_03,20.0,mm,CANDIDATE_TARGET,UNVALIDATED,False,Not measured/supported by latest report; candidate engineering reference only,"CANDIDATE_TARGET: engineering candidate only, not measured by ONIQ and not a production gate"
CHAR-ENG-0181,neck_shoulders,neck_height_04,28.5,mm,CANDIDATE_TARGET,UNVALIDATED,False,Not measured/supported by latest report; candidate engineering reference only,"CANDIDATE_TARGET: engineering candidate only, not measured by ONIQ and not a production gate"
CHAR-ENG-0182,neck_shoulders,neck_width_04,37.0,mm,CANDIDATE_TARGET,UNVALIDATED,False,Not measured/supported by latest report; candidate engineering reference only,"CANDIDATE_TARGET: engineering candidate only, not measured by ONIQ and not a production gate"
CHAR-ENG-0183,neck_shoulders,neck_depth_04,45.5,mm,CANDIDATE_TARGET,UNVALIDATED,False,Not measured/supported by latest report; candidate engineering reference only,"CANDIDATE_TARGET: engineering candidate only, not measured by ONIQ and not a production gate"
CHAR-ENG-0184,neck_shoulders,shoulder_width_04,54.0,mm,CANDIDATE_TARGET,UNVALIDATED,False,Not measured/supported by latest report; candidate engineering reference only,"CANDIDATE_TARGET: engineering candidate only, not measured by ONIQ and not a production gate"
CHAR-ENG-0185,neck_shoulders,clavicle_span_04,62.5,mm,CANDIDATE_TARGET,UNVALIDATED,False,Not measured/supported by latest report; candidate engineering reference only,"CANDIDATE_TARGET: engineering candidate only, not measured by ONIQ and not a production gate"
CHAR-ENG-0186,neck_shoulders,trapezius_height_04,71.0,mm,CANDIDATE_TARGET,UNVALIDATED,False,Not measured/supported by latest report; candidate engineering reference only,"CANDIDATE_TARGET: engineering candidate only, not measured by ONIQ and not a production gate"
CHAR-ENG-0187,neck_shoulders,shoulder_drop_L_04,79.5,mm,CANDIDATE_TARGET,UNVALIDATED,False,Not measured/supported by latest report; candidate engineering reference only,"CANDIDATE_TARGET: engineering candidate only, not measured by ONIQ and not a production gate"
CHAR-ENG-0188,neck_shoulders,shoulder_drop_R_04,88.0,mm,CANDIDATE_TARGET,UNVALIDATED,False,Not measured/supported by latest report; candidate engineering reference only,"CANDIDATE_TARGET: engineering candidate only, not measured by ONIQ and not a production gate"
CHAR-ENG-0189,neck_shoulders,deltoid_depth_04,96.5,mm,CANDIDATE_TARGET,UNVALIDATED,False,Not measured/supported by latest report; candidate engineering reference only,"CANDIDATE_TARGET: engineering candidate only, not measured by ONIQ and not a production gate"
CHAR-ENG-0190,neck_shoulders,upper_chest_width_04,105.0,mm,CANDIDATE_TARGET,UNVALIDATED,False,Not measured/supported by latest report; candidate engineering reference only,"CANDIDATE_TARGET: engineering candidate only, not measured by ONIQ and not a production gate"
CHAR-ENG-0191,neck_shoulders,neck_height_05,23.0,mm,CANDIDATE_TARGET,UNVALIDATED,False,Not measured/supported by latest report; candidate engineering reference only,"CANDIDATE_TARGET: engineering candidate only, not measured by ONIQ and not a production gate"
CHAR-ENG-0192,neck_shoulders,neck_width_05,31.5,mm,CANDIDATE_TARGET,UNVALIDATED,False,Not measured/supported by latest report; candidate engineering reference only,"CANDIDATE_TARGET: engineering candidate only, not measured by ONIQ and not a production gate"
CHAR-ENG-0193,neck_shoulders,neck_depth_05,40.0,mm,CANDIDATE_TARGET,UNVALIDATED,False,Not measured/supported by latest report; candidate engineering reference only,"CANDIDATE_TARGET: engineering candidate only, not measured by ONIQ and not a production gate"
CHAR-ENG-0194,neck_shoulders,shoulder_width_05,48.5,mm,CANDIDATE_TARGET,UNVALIDATED,False,Not measured/supported by latest report; candidate engineering reference only,"CANDIDATE_TARGET: engineering candidate only, not measured by ONIQ and not a production gate"
CHAR-ENG-0195,neck_shoulders,clavicle_span_05,57.0,mm,CANDIDATE_TARGET,UNVALIDATED,False,Not measured/supported by latest report; candidate engineering reference only,"CANDIDATE_TARGET: engineering candidate only, not measured by ONIQ and not a production gate"
CHAR-ENG-0196,neck_shoulders,trapezius_height_05,65.5,mm,CANDIDATE_TARGET,UNVALIDATED,False,Not measured/supported by latest report; candidate engineering reference only,"CANDIDATE_TARGET: engineering candidate only, not measured by ONIQ and not a production gate"
CHAR-ENG-0197,neck_shoulders,shoulder_drop_L_05,74.0,mm,CANDIDATE_TARGET,UNVALIDATED,False,Not measured/supported by latest report; candidate engineering reference only,"CANDIDATE_TARGET: engineering candidate only, not measured by ONIQ and not a production gate"
CHAR-ENG-0198,neck_shoulders,shoulder_drop_R_05,82.5,mm,CANDIDATE_TARGET,UNVALIDATED,False,Not measured/supported by latest report; candidate engineering reference only,"CANDIDATE_TARGET: engineering candidate only, not measured by ONIQ and not a production gate"
CHAR-ENG-0199,neck_shoulders,deltoid_depth_05,91.0,mm,CANDIDATE_TARGET,UNVALIDATED,False,Not measured/supported by latest report; candidate engineering reference only,"CANDIDATE_TARGET: engineering candidate only, not measured by ONIQ and not a production gate"
CHAR-ENG-0200,neck_shoulders,upper_chest_width_05,99.5,mm,CANDIDATE_TARGET,UNVALIDATED,False,Not measured/supported by latest report; candidate engineering reference only,"CANDIDATE_TARGET: engineering candidate only, not measured by ONIQ and not a production gate"
CHAR-ENG-0201,torso_ribcage,chest_width_01,50.5,mm,CANDIDATE_TARGET,UNVALIDATED,False,Not measured/supported by latest report; candidate engineering reference only,"CANDIDATE_TARGET: engineering candidate only, not measured by ONIQ and not a production gate"
CHAR-ENG-0202,torso_ribcage,chest_depth_01,59.0,mm,CANDIDATE_TARGET,UNVALIDATED,False,Not measured/supported by latest report; candidate engineering reference only,"CANDIDATE_TARGET: engineering candidate only, not measured by ONIQ and not a production gate"
CHAR-ENG-0203,torso_ribcage,rib_height_01,67.5,mm,CANDIDATE_TARGET,UNVALIDATED,False,Not measured/supported by latest report; candidate engineering reference only,"CANDIDATE_TARGET: engineering candidate only, not measured by ONIQ and not a production gate"
CHAR-ENG-0204,torso_ribcage,waist_width_01,76.0,mm,CANDIDATE_TARGET,UNVALIDATED,False,Not measured/supported by latest report; candidate engineering reference only,"CANDIDATE_TARGET: engineering candidate only, not measured by ONIQ and not a production gate"
CHAR-ENG-0205,torso_ribcage,waist_depth_01,84.5,mm,CANDIDATE_TARGET,UNVALIDATED,False,Not measured/supported by latest report; candidate engineering reference only,"CANDIDATE_TARGET: engineering candidate only, not measured by ONIQ and not a production gate"
CHAR-ENG-0206,torso_ribcage,sternum_length_01,93.0,mm,CANDIDATE_TARGET,UNVALIDATED,False,Not measured/supported by latest report; candidate engineering reference only,"CANDIDATE_TARGET: engineering candidate only, not measured by ONIQ and not a production gate"
CHAR-ENG-0207,torso_ribcage,abdomen_length_01,101.5,mm,CANDIDATE_TARGET,UNVALIDATED,False,Not measured/supported by latest report; candidate engineering reference only,"CANDIDATE_TARGET: engineering candidate only, not measured by ONIQ and not a production gate"
CHAR-ENG-0208,torso_ribcage,thorax_height_01,110.0,mm,CANDIDATE_TARGET,UNVALIDATED,False,Not measured/supported by latest report; candidate engineering reference only,"CANDIDATE_TARGET: engineering candidate only, not measured by ONIQ and not a production gate"
CHAR-ENG-0209,torso_ribcage,thorax_tilt_01,28.0,mm,CANDIDATE_TARGET,UNVALIDATED,False,Not measured/supported by latest report; candidate engineering reference only,"CANDIDATE_TARGET: engineering candidate only, not measured by ONIQ and not a production gate"
CHAR-ENG-0210,torso_ribcage,rib_asymmetry_01,36.5,mm,CANDIDATE_TARGET,UNVALIDATED,False,Not measured/supported by latest report; candidate engineering reference only,"CANDIDATE_TARGET: engineering candidate only, not measured by ONIQ and not a production gate"
CHAR-ENG-0211,torso_ribcage,chest_width_02,45.0,mm,CANDIDATE_TARGET,UNVALIDATED,False,Not measured/supported by latest report; candidate engineering reference only,"CANDIDATE_TARGET: engineering candidate only, not measured by ONIQ and not a production gate"
CHAR-ENG-0212,torso_ribcage,chest_depth_02,53.5,mm,CANDIDATE_TARGET,UNVALIDATED,False,Not measured/supported by latest report; candidate engineering reference only,"CANDIDATE_TARGET: engineering candidate only, not measured by ONIQ and not a production gate"
CHAR-ENG-0213,torso_ribcage,rib_height_02,62.0,mm,CANDIDATE_TARGET,UNVALIDATED,False,Not measured/supported by latest report; candidate engineering reference only,"CANDIDATE_TARGET: engineering candidate only, not measured by ONIQ and not a production gate"
CHAR-ENG-0214,torso_ribcage,waist_width_02,70.5,mm,CANDIDATE_TARGET,UNVALIDATED,False,Not measured/supported by latest report; candidate engineering reference only,"CANDIDATE_TARGET: engineering candidate only, not measured by ONIQ and not a production gate"
CHAR-ENG-0215,torso_ribcage,waist_depth_02,79.0,mm,CANDIDATE_TARGET,UNVALIDATED,False,Not measured/supported by latest report; candidate engineering reference only,"CANDIDATE_TARGET: engineering candidate only, not measured by ONIQ and not a production gate"
CHAR-ENG-0216,torso_ribcage,sternum_length_02,87.5,mm,CANDIDATE_TARGET,UNVALIDATED,False,Not measured/supported by latest report; candidate engineering reference only,"CANDIDATE_TARGET: engineering candidate only, not measured by ONIQ and not a production gate"
CHAR-ENG-0217,torso_ribcage,abdomen_length_02,96.0,mm,CANDIDATE_TARGET,UNVALIDATED,False,Not measured/supported by latest report; candidate engineering reference only,"CANDIDATE_TARGET: engineering candidate only, not measured by ONIQ and not a production gate"
CHAR-ENG-0218,torso_ribcage,thorax_height_02,104.5,mm,CANDIDATE_TARGET,UNVALIDATED,False,Not measured/supported by latest report; candidate engineering reference only,"CANDIDATE_TARGET: engineering candidate only, not measured by ONIQ and not a production gate"
CHAR-ENG-0219,torso_ribcage,thorax_tilt_02,22.5,mm,CANDIDATE_TARGET,UNVALIDATED,False,Not measured/supported by latest report; candidate engineering reference only,"CANDIDATE_TARGET: engineering candidate only, not measured by ONIQ and not a production gate"
CHAR-ENG-0220,torso_ribcage,rib_asymmetry_02,31.0,mm,CANDIDATE_TARGET,UNVALIDATED,False,Not measured/supported by latest report; candidate engineering reference only,"CANDIDATE_TARGET: engineering candidate only, not measured by ONIQ and not a production gate"
CHAR-ENG-0221,torso_ribcage,chest_width_03,39.5,mm,CANDIDATE_TARGET,UNVALIDATED,False,Not measured/supported by latest report; candidate engineering reference only,"CANDIDATE_TARGET: engineering candidate only, not measured by ONIQ and not a production gate"
CHAR-ENG-0222,torso_ribcage,chest_depth_03,48.0,mm,CANDIDATE_TARGET,UNVALIDATED,False,Not measured/supported by latest report; candidate engineering reference only,"CANDIDATE_TARGET: engineering candidate only, not measured by ONIQ and not a production gate"
CHAR-ENG-0223,torso_ribcage,rib_height_03,56.5,mm,CANDIDATE_TARGET,UNVALIDATED,False,Not measured/supported by latest report; candidate engineering reference only,"CANDIDATE_TARGET: engineering candidate only, not measured by ONIQ and not a production gate"
CHAR-ENG-0224,torso_ribcage,waist_width_03,65.0,mm,CANDIDATE_TARGET,UNVALIDATED,False,Not measured/supported by latest report; candidate engineering reference only,"CANDIDATE_TARGET: engineering candidate only, not measured by ONIQ and not a production gate"
CHAR-ENG-0225,torso_ribcage,waist_depth_03,73.5,mm,CANDIDATE_TARGET,UNVALIDATED,False,Not measured/supported by latest report; candidate engineering reference only,"CANDIDATE_TARGET: engineering candidate only, not measured by ONIQ and not a production gate"
CHAR-ENG-0226,torso_ribcage,sternum_length_03,82.0,mm,CANDIDATE_TARGET,UNVALIDATED,False,Not measured/supported by latest report; candidate engineering reference only,"CANDIDATE_TARGET: engineering candidate only, not measured by ONIQ and not a production gate"
CHAR-ENG-0227,torso_ribcage,abdomen_length_03,90.5,mm,CANDIDATE_TARGET,UNVALIDATED,False,Not measured/supported by latest report; candidate engineering reference only,"CANDIDATE_TARGET: engineering candidate only, not measured by ONIQ and not a production gate"
CHAR-ENG-0228,torso_ribcage,thorax_height_03,99.0,mm,CANDIDATE_TARGET,UNVALIDATED,False,Not measured/supported by latest report; candidate engineering reference only,"CANDIDATE_TARGET: engineering candidate only, not measured by ONIQ and not a production gate"
CHAR-ENG-0229,torso_ribcage,thorax_tilt_03,107.5,mm,CANDIDATE_TARGET,UNVALIDATED,False,Not measured/supported by latest report; candidate engineering reference only,"CANDIDATE_TARGET: engineering candidate only, not measured by ONIQ and not a production gate"
CHAR-ENG-0230,torso_ribcage,rib_asymmetry_03,25.5,mm,CANDIDATE_TARGET,UNVALIDATED,False,Not measured/supported by latest report; candidate engineering reference only,"CANDIDATE_TARGET: engineering candidate only, not measured by ONIQ and not a production gate"
CHAR-ENG-0231,torso_ribcage,chest_width_04,34.0,mm,CANDIDATE_TARGET,UNVALIDATED,False,Not measured/supported by latest report; candidate engineering reference only,"CANDIDATE_TARGET: engineering candidate only, not measured by ONIQ and not a production gate"
CHAR-ENG-0232,torso_ribcage,chest_depth_04,42.5,mm,CANDIDATE_TARGET,UNVALIDATED,False,Not measured/supported by latest report; candidate engineering reference only,"CANDIDATE_TARGET: engineering candidate only, not measured by ONIQ and not a production gate"
CHAR-ENG-0233,torso_ribcage,rib_height_04,51.0,mm,CANDIDATE_TARGET,UNVALIDATED,False,Not measured/supported by latest report; candidate engineering reference only,"CANDIDATE_TARGET: engineering candidate only, not measured by ONIQ and not a production gate"
CHAR-ENG-0234,torso_ribcage,waist_width_04,59.5,mm,CANDIDATE_TARGET,UNVALIDATED,False,Not measured/supported by latest report; candidate engineering reference only,"CANDIDATE_TARGET: engineering candidate only, not measured by ONIQ and not a production gate"
CHAR-ENG-0235,torso_ribcage,waist_depth_04,68.0,mm,CANDIDATE_TARGET,UNVALIDATED,False,Not measured/supported by latest report; candidate engineering reference only,"CANDIDATE_TARGET: engineering candidate only, not measured by ONIQ and not a production gate"
CHAR-ENG-0236,torso_ribcage,sternum_length_04,76.5,mm,CANDIDATE_TARGET,UNVALIDATED,False,Not measured/supported by latest report; candidate engineering reference only,"CANDIDATE_TARGET: engineering candidate only, not measured by ONIQ and not a production gate"
CHAR-ENG-0237,torso_ribcage,abdomen_length_04,85.0,mm,CANDIDATE_TARGET,UNVALIDATED,False,Not measured/supported by latest report; candidate engineering reference only,"CANDIDATE_TARGET: engineering candidate only, not measured by ONIQ and not a production gate"
CHAR-ENG-0238,torso_ribcage,thorax_height_04,93.5,mm,CANDIDATE_TARGET,UNVALIDATED,False,Not measured/supported by latest report; candidate engineering reference only,"CANDIDATE_TARGET: engineering candidate only, not measured by ONIQ and not a production gate"
CHAR-ENG-0239,torso_ribcage,thorax_tilt_04,102.0,mm,CANDIDATE_TARGET,UNVALIDATED,False,Not measured/supported by latest report; candidate engineering reference only,"CANDIDATE_TARGET: engineering candidate only, not measured by ONIQ and not a production gate"
CHAR-ENG-0240,torso_ribcage,rib_asymmetry_04,20.0,mm,CANDIDATE_TARGET,UNVALIDATED,False,Not measured/supported by latest report; candidate engineering reference only,"CANDIDATE_TARGET: engineering candidate only, not measured by ONIQ and not a production gate"
CHAR-ENG-0241,torso_ribcage,chest_width_05,28.5,mm,CANDIDATE_TARGET,UNVALIDATED,False,Not measured/supported by latest report; candidate engineering reference only,"CANDIDATE_TARGET: engineering candidate only, not measured by ONIQ and not a production gate"
CHAR-ENG-0242,torso_ribcage,chest_depth_05,37.0,mm,CANDIDATE_TARGET,UNVALIDATED,False,Not measured/supported by latest report; candidate engineering reference only,"CANDIDATE_TARGET: engineering candidate only, not measured by ONIQ and not a production gate"
CHAR-ENG-0243,torso_ribcage,rib_height_05,45.5,mm,CANDIDATE_TARGET,UNVALIDATED,False,Not measured/supported by latest report; candidate engineering reference only,"CANDIDATE_TARGET: engineering candidate only, not measured by ONIQ and not a production gate"
CHAR-ENG-0244,torso_ribcage,waist_width_05,54.0,mm,CANDIDATE_TARGET,UNVALIDATED,False,Not measured/supported by latest report; candidate engineering reference only,"CANDIDATE_TARGET: engineering candidate only, not measured by ONIQ and not a production gate"
CHAR-ENG-0245,torso_ribcage,waist_depth_05,62.5,mm,CANDIDATE_TARGET,UNVALIDATED,False,Not measured/supported by latest report; candidate engineering reference only,"CANDIDATE_TARGET: engineering candidate only, not measured by ONIQ and not a production gate"
CHAR-ENG-0246,torso_ribcage,sternum_length_05,71.0,mm,CANDIDATE_TARGET,UNVALIDATED,False,Not measured/supported by latest report; candidate engineering reference only,"CANDIDATE_TARGET: engineering candidate only, not measured by ONIQ and not a production gate"
CHAR-ENG-0247,torso_ribcage,abdomen_length_05,79.5,mm,CANDIDATE_TARGET,UNVALIDATED,False,Not measured/supported by latest report; candidate engineering reference only,"CANDIDATE_TARGET: engineering candidate only, not measured by ONIQ and not a production gate"
CHAR-ENG-0248,torso_ribcage,thorax_height_05,88.0,mm,CANDIDATE_TARGET,UNVALIDATED,False,Not measured/supported by latest report; candidate engineering reference only,"CANDIDATE_TARGET: engineering candidate only, not measured by ONIQ and not a production gate"
CHAR-ENG-0249,torso_ribcage,thorax_tilt_05,96.5,mm,CANDIDATE_TARGET,UNVALIDATED,False,Not measured/supported by latest report; candidate engineering reference only,"CANDIDATE_TARGET: engineering candidate only, not measured by ONIQ and not a production gate"
CHAR-ENG-0250,torso_ribcage,rib_asymmetry_05,105.0,mm,CANDIDATE_TARGET,UNVALIDATED,False,Not measured/supported by latest report; candidate engineering reference only,"CANDIDATE_TARGET: engineering candidate only, not measured by ONIQ and not a production gate"
CHAR-ENG-0251,pelvis_hips,pelvis_width_01,56.0,mm,CANDIDATE_TARGET,UNVALIDATED,False,Not measured/supported by latest report; candidate engineering reference only,"CANDIDATE_TARGET: engineering candidate only, not measured by ONIQ and not a production gate"
CHAR-ENG-0252,pelvis_hips,pelvis_depth_01,64.5,mm,CANDIDATE_TARGET,UNVALIDATED,False,Not measured/supported by latest report; candidate engineering reference only,"CANDIDATE_TARGET: engineering candidate only, not measured by ONIQ and not a production gate"
CHAR-ENG-0253,pelvis_hips,pelvis_height_01,73.0,mm,CANDIDATE_TARGET,UNVALIDATED,False,Not measured/supported by latest report; candidate engineering reference only,"CANDIDATE_TARGET: engineering candidate only, not measured by ONIQ and not a production gate"
CHAR-ENG-0254,pelvis_hips,iliac_span_01,81.5,mm,CANDIDATE_TARGET,UNVALIDATED,False,Not measured/supported by latest report; candidate engineering reference only,"CANDIDATE_TARGET: engineering candidate only, not measured by ONIQ and not a production gate"
CHAR-ENG-0255,pelvis_hips,hip_center_spacing_01,90.0,mm,CANDIDATE_TARGET,UNVALIDATED,False,Not measured/supported by latest report; candidate engineering reference only,"CANDIDATE_TARGET: engineering candidate only, not measured by ONIQ and not a production gate"
CHAR-ENG-0256,pelvis_hips,sacrum_depth_01,98.5,mm,CANDIDATE_TARGET,UNVALIDATED,False,Not measured/supported by latest report; candidate engineering reference only,"CANDIDATE_TARGET: engineering candidate only, not measured by ONIQ and not a production gate"
CHAR-ENG-0257,pelvis_hips,pelvic_tilt_01,107.0,mm,CANDIDATE_TARGET,UNVALIDATED,False,Not measured/supported by latest report; candidate engineering reference only,"CANDIDATE_TARGET: engineering candidate only, not measured by ONIQ and not a production gate"
CHAR-ENG-0258,pelvis_hips,hip_offset_L_01,25.0,mm,CANDIDATE_TARGET,UNVALIDATED,False,Not measured/supported by latest report; candidate engineering reference only,"CANDIDATE_TARGET: engineering candidate only, not measured by ONIQ and not a production gate"
CHAR-ENG-0259,pelvis_hips,hip_offset_R_01,33.5,mm,CANDIDATE_TARGET,UNVALIDATED,False,Not measured/supported by latest report; candidate engineering reference only,"CANDIDATE_TARGET: engineering candidate only, not measured by ONIQ and not a production gate"
CHAR-ENG-0260,pelvis_hips,glute_depth_01,42.0,mm,CANDIDATE_TARGET,UNVALIDATED,False,Not measured/supported by latest report; candidate engineering reference only,"CANDIDATE_TARGET: engineering candidate only, not measured by ONIQ and not a production gate"
CHAR-ENG-0261,pelvis_hips,pelvis_width_02,50.5,mm,CANDIDATE_TARGET,UNVALIDATED,False,Not measured/supported by latest report; candidate engineering reference only,"CANDIDATE_TARGET: engineering candidate only, not measured by ONIQ and not a production gate"
CHAR-ENG-0262,pelvis_hips,pelvis_depth_02,59.0,mm,CANDIDATE_TARGET,UNVALIDATED,False,Not measured/supported by latest report; candidate engineering reference only,"CANDIDATE_TARGET: engineering candidate only, not measured by ONIQ and not a production gate"
CHAR-ENG-0263,pelvis_hips,pelvis_height_02,67.5,mm,CANDIDATE_TARGET,UNVALIDATED,False,Not measured/supported by latest report; candidate engineering reference only,"CANDIDATE_TARGET: engineering candidate only, not measured by ONIQ and not a production gate"
CHAR-ENG-0264,pelvis_hips,iliac_span_02,76.0,mm,CANDIDATE_TARGET,UNVALIDATED,False,Not measured/supported by latest report; candidate engineering reference only,"CANDIDATE_TARGET: engineering candidate only, not measured by ONIQ and not a production gate"
CHAR-ENG-0265,pelvis_hips,hip_center_spacing_02,84.5,mm,CANDIDATE_TARGET,UNVALIDATED,False,Not measured/supported by latest report; candidate engineering reference only,"CANDIDATE_TARGET: engineering candidate only, not measured by ONIQ and not a production gate"
CHAR-ENG-0266,pelvis_hips,sacrum_depth_02,93.0,mm,CANDIDATE_TARGET,UNVALIDATED,False,Not measured/supported by latest report; candidate engineering reference only,"CANDIDATE_TARGET: engineering candidate only, not measured by ONIQ and not a production gate"
CHAR-ENG-0267,pelvis_hips,pelvic_tilt_02,101.5,mm,CANDIDATE_TARGET,UNVALIDATED,False,Not measured/supported by latest report; candidate engineering reference only,"CANDIDATE_TARGET: engineering candidate only, not measured by ONIQ and not a production gate"
CHAR-ENG-0268,pelvis_hips,hip_offset_L_02,110.0,mm,CANDIDATE_TARGET,UNVALIDATED,False,Not measured/supported by latest report; candidate engineering reference only,"CANDIDATE_TARGET: engineering candidate only, not measured by ONIQ and not a production gate"
CHAR-ENG-0269,pelvis_hips,hip_offset_R_02,28.0,mm,CANDIDATE_TARGET,UNVALIDATED,False,Not measured/supported by latest report; candidate engineering reference only,"CANDIDATE_TARGET: engineering candidate only, not measured by ONIQ and not a production gate"
CHAR-ENG-0270,pelvis_hips,glute_depth_02,36.5,mm,CANDIDATE_TARGET,UNVALIDATED,False,Not measured/supported by latest report; candidate engineering reference only,"CANDIDATE_TARGET: engineering candidate only, not measured by ONIQ and not a production gate"
CHAR-ENG-0271,pelvis_hips,pelvis_width_03,45.0,mm,CANDIDATE_TARGET,UNVALIDATED,False,Not measured/supported by latest report; candidate engineering reference only,"CANDIDATE_TARGET: engineering candidate only, not measured by ONIQ and not a production gate"
CHAR-ENG-0272,pelvis_hips,pelvis_depth_03,53.5,mm,CANDIDATE_TARGET,UNVALIDATED,False,Not measured/supported by latest report; candidate engineering reference only,"CANDIDATE_TARGET: engineering candidate only, not measured by ONIQ and not a production gate"
CHAR-ENG-0273,pelvis_hips,pelvis_height_03,62.0,mm,CANDIDATE_TARGET,UNVALIDATED,False,Not measured/supported by latest report; candidate engineering reference only,"CANDIDATE_TARGET: engineering candidate only, not measured by ONIQ and not a production gate"
CHAR-ENG-0274,pelvis_hips,iliac_span_03,70.5,mm,CANDIDATE_TARGET,UNVALIDATED,False,Not measured/supported by latest report; candidate engineering reference only,"CANDIDATE_TARGET: engineering candidate only, not measured by ONIQ and not a production gate"
CHAR-ENG-0275,pelvis_hips,hip_center_spacing_03,79.0,mm,CANDIDATE_TARGET,UNVALIDATED,False,Not measured/supported by latest report; candidate engineering reference only,"CANDIDATE_TARGET: engineering candidate only, not measured by ONIQ and not a production gate"
CHAR-ENG-0276,pelvis_hips,sacrum_depth_03,87.5,mm,CANDIDATE_TARGET,UNVALIDATED,False,Not measured/supported by latest report; candidate engineering reference only,"CANDIDATE_TARGET: engineering candidate only, not measured by ONIQ and not a production gate"
CHAR-ENG-0277,pelvis_hips,pelvic_tilt_03,96.0,mm,CANDIDATE_TARGET,UNVALIDATED,False,Not measured/supported by latest report; candidate engineering reference only,"CANDIDATE_TARGET: engineering candidate only, not measured by ONIQ and not a production gate"
CHAR-ENG-0278,pelvis_hips,hip_offset_L_03,104.5,mm,CANDIDATE_TARGET,UNVALIDATED,False,Not measured/supported by latest report; candidate engineering reference only,"CANDIDATE_TARGET: engineering candidate only, not measured by ONIQ and not a production gate"
CHAR-ENG-0279,pelvis_hips,hip_offset_R_03,22.5,mm,CANDIDATE_TARGET,UNVALIDATED,False,Not measured/supported by latest report; candidate engineering reference only,"CANDIDATE_TARGET: engineering candidate only, not measured by ONIQ and not a production gate"
CHAR-ENG-0280,pelvis_hips,glute_depth_03,31.0,mm,CANDIDATE_TARGET,UNVALIDATED,False,Not measured/supported by latest report; candidate engineering reference only,"CANDIDATE_TARGET: engineering candidate only, not measured by ONIQ and not a production gate"
CHAR-ENG-0281,pelvis_hips,pelvis_width_04,39.5,mm,CANDIDATE_TARGET,UNVALIDATED,False,Not measured/supported by latest report; candidate engineering reference only,"CANDIDATE_TARGET: engineering candidate only, not measured by ONIQ and not a production gate"
CHAR-ENG-0282,pelvis_hips,pelvis_depth_04,48.0,mm,CANDIDATE_TARGET,UNVALIDATED,False,Not measured/supported by latest report; candidate engineering reference only,"CANDIDATE_TARGET: engineering candidate only, not measured by ONIQ and not a production gate"
CHAR-ENG-0283,pelvis_hips,pelvis_height_04,56.5,mm,CANDIDATE_TARGET,UNVALIDATED,False,Not measured/supported by latest report; candidate engineering reference only,"CANDIDATE_TARGET: engineering candidate only, not measured by ONIQ and not a production gate"
CHAR-ENG-0284,pelvis_hips,iliac_span_04,65.0,mm,CANDIDATE_TARGET,UNVALIDATED,False,Not measured/supported by latest report; candidate engineering reference only,"CANDIDATE_TARGET: engineering candidate only, not measured by ONIQ and not a production gate"
CHAR-ENG-0285,pelvis_hips,hip_center_spacing_04,73.5,mm,CANDIDATE_TARGET,UNVALIDATED,False,Not measured/supported by latest report; candidate engineering reference only,"CANDIDATE_TARGET: engineering candidate only, not measured by ONIQ and not a production gate"
CHAR-ENG-0286,pelvis_hips,sacrum_depth_04,82.0,mm,CANDIDATE_TARGET,UNVALIDATED,False,Not measured/supported by latest report; candidate engineering reference only,"CANDIDATE_TARGET: engineering candidate only, not measured by ONIQ and not a production gate"
CHAR-ENG-0287,pelvis_hips,pelvic_tilt_04,90.5,mm,CANDIDATE_TARGET,UNVALIDATED,False,Not measured/supported by latest report; candidate engineering reference only,"CANDIDATE_TARGET: engineering candidate only, not measured by ONIQ and not a production gate"
CHAR-ENG-0288,pelvis_hips,hip_offset_L_04,99.0,mm,CANDIDATE_TARGET,UNVALIDATED,False,Not measured/supported by latest report; candidate engineering reference only,"CANDIDATE_TARGET: engineering candidate only, not measured by ONIQ and not a production gate"
CHAR-ENG-0289,pelvis_hips,hip_offset_R_04,107.5,mm,CANDIDATE_TARGET,UNVALIDATED,False,Not measured/supported by latest report; candidate engineering reference only,"CANDIDATE_TARGET: engineering candidate only, not measured by ONIQ and not a production gate"
CHAR-ENG-0290,pelvis_hips,glute_depth_04,25.5,mm,CANDIDATE_TARGET,UNVALIDATED,False,Not measured/supported by latest report; candidate engineering reference only,"CANDIDATE_TARGET: engineering candidate only, not measured by ONIQ and not a production gate"
CHAR-ENG-0291,pelvis_hips,pelvis_width_05,34.0,mm,CANDIDATE_TARGET,UNVALIDATED,False,Not measured/supported by latest report; candidate engineering reference only,"CANDIDATE_TARGET: engineering candidate only, not measured by ONIQ and not a production gate"
CHAR-ENG-0292,pelvis_hips,pelvis_depth_05,42.5,mm,CANDIDATE_TARGET,UNVALIDATED,False,Not measured/supported by latest report; candidate engineering reference only,"CANDIDATE_TARGET: engineering candidate only, not measured by ONIQ and not a production gate"
CHAR-ENG-0293,pelvis_hips,pelvis_height_05,51.0,mm,CANDIDATE_TARGET,UNVALIDATED,False,Not measured/supported by latest report; candidate engineering reference only,"CANDIDATE_TARGET: engineering candidate only, not measured by ONIQ and not a production gate"
CHAR-ENG-0294,pelvis_hips,iliac_span_05,59.5,mm,CANDIDATE_TARGET,UNVALIDATED,False,Not measured/supported by latest report; candidate engineering reference only,"CANDIDATE_TARGET: engineering candidate only, not measured by ONIQ and not a production gate"
CHAR-ENG-0295,pelvis_hips,hip_center_spacing_05,68.0,mm,CANDIDATE_TARGET,UNVALIDATED,False,Not measured/supported by latest report; candidate engineering reference only,"CANDIDATE_TARGET: engineering candidate only, not measured by ONIQ and not a production gate"
CHAR-ENG-0296,pelvis_hips,sacrum_depth_05,76.5,mm,CANDIDATE_TARGET,UNVALIDATED,False,Not measured/supported by latest report; candidate engineering reference only,"CANDIDATE_TARGET: engineering candidate only, not measured by ONIQ and not a production gate"
CHAR-ENG-0297,pelvis_hips,pelvic_tilt_05,85.0,mm,CANDIDATE_TARGET,UNVALIDATED,False,Not measured/supported by latest report; candidate engineering reference only,"CANDIDATE_TARGET: engineering candidate only, not measured by ONIQ and not a production gate"
CHAR-ENG-0298,pelvis_hips,hip_offset_L_05,93.5,mm,CANDIDATE_TARGET,UNVALIDATED,False,Not measured/supported by latest report; candidate engineering reference only,"CANDIDATE_TARGET: engineering candidate only, not measured by ONIQ and not a production gate"
CHAR-ENG-0299,pelvis_hips,hip_offset_R_05,102.0,mm,CANDIDATE_TARGET,UNVALIDATED,False,Not measured/supported by latest report; candidate engineering reference only,"CANDIDATE_TARGET: engineering candidate only, not measured by ONIQ and not a production gate"
CHAR-ENG-0300,pelvis_hips,glute_depth_05,20.0,mm,CANDIDATE_TARGET,UNVALIDATED,False,Not measured/supported by latest report; candidate engineering reference only,"CANDIDATE_TARGET: engineering candidate only, not measured by ONIQ and not a production gate"
CHAR-ENG-0301,upper_arm,humerus_length_01,61.5,mm,CANDIDATE_TARGET,UNVALIDATED,False,Not measured/supported by latest report; candidate engineering reference only,"CANDIDATE_TARGET: engineering candidate only, not measured by ONIQ and not a production gate"
CHAR-ENG-0302,upper_arm,humerus_width_01,70.0,mm,CANDIDATE_TARGET,UNVALIDATED,False,Not measured/supported by latest report; candidate engineering reference only,"CANDIDATE_TARGET: engineering candidate only, not measured by ONIQ and not a production gate"
CHAR-ENG-0303,upper_arm,upperarm_depth_01,78.5,mm,CANDIDATE_TARGET,UNVALIDATED,False,Not measured/supported by latest report; candidate engineering reference only,"CANDIDATE_TARGET: engineering candidate only, not measured by ONIQ and not a production gate"
CHAR-ENG-0304,upper_arm,shoulder_axis_01,87.0,mm,CANDIDATE_TARGET,UNVALIDATED,False,Not measured/supported by latest report; candidate engineering reference only,"CANDIDATE_TARGET: engineering candidate only, not measured by ONIQ and not a production gate"
CHAR-ENG-0305,upper_arm,elbow_axis_01,95.5,mm,CANDIDATE_TARGET,UNVALIDATED,False,Not measured/supported by latest report; candidate engineering reference only,"CANDIDATE_TARGET: engineering candidate only, not measured by ONIQ and not a production gate"
CHAR-ENG-0306,upper_arm,bicep_circumference_01,104.0,mm,CANDIDATE_TARGET,UNVALIDATED,False,Not measured/supported by latest report; candidate engineering reference only,"CANDIDATE_TARGET: engineering candidate only, not measured by ONIQ and not a production gate"
CHAR-ENG-0307,upper_arm,tricep_circumference_01,22.0,mm,CANDIDATE_TARGET,UNVALIDATED,False,Not measured/supported by latest report; candidate engineering reference only,"CANDIDATE_TARGET: engineering candidate only, not measured by ONIQ and not a production gate"
CHAR-ENG-0308,upper_arm,arm_mass_ratio_01,30.5,mm,CANDIDATE_TARGET,UNVALIDATED,False,Not measured/supported by latest report; candidate engineering reference only,"CANDIDATE_TARGET: engineering candidate only, not measured by ONIQ and not a production gate"
CHAR-ENG-0309,upper_arm,arm_swing_amp_01,39.0,mm,CANDIDATE_TARGET,UNVALIDATED,False,Not measured/supported by latest report; candidate engineering reference only,"CANDIDATE_TARGET: engineering candidate only, not measured by ONIQ and not a production gate"
CHAR-ENG-0310,upper_arm,arm_rest_angle_01,47.5,mm,CANDIDATE_TARGET,UNVALIDATED,False,Not measured/supported by latest report; candidate engineering reference only,"CANDIDATE_TARGET: engineering candidate only, not measured by ONIQ and not a production gate"
CHAR-ENG-0311,upper_arm,humerus_length_02,56.0,mm,CANDIDATE_TARGET,UNVALIDATED,False,Not measured/supported by latest report; candidate engineering reference only,"CANDIDATE_TARGET: engineering candidate only, not measured by ONIQ and not a production gate"
CHAR-ENG-0312,upper_arm,humerus_width_02,64.5,mm,CANDIDATE_TARGET,UNVALIDATED,False,Not measured/supported by latest report; candidate engineering reference only,"CANDIDATE_TARGET: engineering candidate only, not measured by ONIQ and not a production gate"
CHAR-ENG-0313,upper_arm,upperarm_depth_02,73.0,mm,CANDIDATE_TARGET,UNVALIDATED,False,Not measured/supported by latest report; candidate engineering reference only,"CANDIDATE_TARGET: engineering candidate only, not measured by ONIQ and not a production gate"
CHAR-ENG-0314,upper_arm,shoulder_axis_02,81.5,mm,CANDIDATE_TARGET,UNVALIDATED,False,Not measured/supported by latest report; candidate engineering reference only,"CANDIDATE_TARGET: engineering candidate only, not measured by ONIQ and not a production gate"
CHAR-ENG-0315,upper_arm,elbow_axis_02,90.0,mm,CANDIDATE_TARGET,UNVALIDATED,False,Not measured/supported by latest report; candidate engineering reference only,"CANDIDATE_TARGET: engineering candidate only, not measured by ONIQ and not a production gate"
CHAR-ENG-0316,upper_arm,bicep_circumference_02,98.5,mm,CANDIDATE_TARGET,UNVALIDATED,False,Not measured/supported by latest report; candidate engineering reference only,"CANDIDATE_TARGET: engineering candidate only, not measured by ONIQ and not a production gate"
CHAR-ENG-0317,upper_arm,tricep_circumference_02,107.0,mm,CANDIDATE_TARGET,UNVALIDATED,False,Not measured/supported by latest report; candidate engineering reference only,"CANDIDATE_TARGET: engineering candidate only, not measured by ONIQ and not a production gate"
CHAR-ENG-0318,upper_arm,arm_mass_ratio_02,25.0,mm,CANDIDATE_TARGET,UNVALIDATED,False,Not measured/supported by latest report; candidate engineering reference only,"CANDIDATE_TARGET: engineering candidate only, not measured by ONIQ and not a production gate"
CHAR-ENG-0319,upper_arm,arm_swing_amp_02,33.5,mm,CANDIDATE_TARGET,UNVALIDATED,False,Not measured/supported by latest report; candidate engineering reference only,"CANDIDATE_TARGET: engineering candidate only, not measured by ONIQ and not a production gate"
CHAR-ENG-0320,upper_arm,arm_rest_angle_02,42.0,mm,CANDIDATE_TARGET,UNVALIDATED,False,Not measured/supported by latest report; candidate engineering reference only,"CANDIDATE_TARGET: engineering candidate only, not measured by ONIQ and not a production gate"
CHAR-ENG-0321,upper_arm,humerus_length_03,50.5,mm,CANDIDATE_TARGET,UNVALIDATED,False,Not measured/supported by latest report; candidate engineering reference only,"CANDIDATE_TARGET: engineering candidate only, not measured by ONIQ and not a production gate"
CHAR-ENG-0322,upper_arm,humerus_width_03,59.0,mm,CANDIDATE_TARGET,UNVALIDATED,False,Not measured/supported by latest report; candidate engineering reference only,"CANDIDATE_TARGET: engineering candidate only, not measured by ONIQ and not a production gate"
CHAR-ENG-0323,upper_arm,upperarm_depth_03,67.5,mm,CANDIDATE_TARGET,UNVALIDATED,False,Not measured/supported by latest report; candidate engineering reference only,"CANDIDATE_TARGET: engineering candidate only, not measured by ONIQ and not a production gate"
CHAR-ENG-0324,upper_arm,shoulder_axis_03,76.0,mm,CANDIDATE_TARGET,UNVALIDATED,False,Not measured/supported by latest report; candidate engineering reference only,"CANDIDATE_TARGET: engineering candidate only, not measured by ONIQ and not a production gate"
CHAR-ENG-0325,upper_arm,elbow_axis_03,84.5,mm,CANDIDATE_TARGET,UNVALIDATED,False,Not measured/supported by latest report; candidate engineering reference only,"CANDIDATE_TARGET: engineering candidate only, not measured by ONIQ and not a production gate"
CHAR-ENG-0326,upper_arm,bicep_circumference_03,93.0,mm,CANDIDATE_TARGET,UNVALIDATED,False,Not measured/supported by latest report; candidate engineering reference only,"CANDIDATE_TARGET: engineering candidate only, not measured by ONIQ and not a production gate"
CHAR-ENG-0327,upper_arm,tricep_circumference_03,101.5,mm,CANDIDATE_TARGET,UNVALIDATED,False,Not measured/supported by latest report; candidate engineering reference only,"CANDIDATE_TARGET: engineering candidate only, not measured by ONIQ and not a production gate"
CHAR-ENG-0328,upper_arm,arm_mass_ratio_03,110.0,mm,CANDIDATE_TARGET,UNVALIDATED,False,Not measured/supported by latest report; candidate engineering reference only,"CANDIDATE_TARGET: engineering candidate only, not measured by ONIQ and not a production gate"
CHAR-ENG-0329,upper_arm,arm_swing_amp_03,28.0,mm,CANDIDATE_TARGET,UNVALIDATED,False,Not measured/supported by latest report; candidate engineering reference only,"CANDIDATE_TARGET: engineering candidate only, not measured by ONIQ and not a production gate"
CHAR-ENG-0330,upper_arm,arm_rest_angle_03,36.5,mm,CANDIDATE_TARGET,UNVALIDATED,False,Not measured/supported by latest report; candidate engineering reference only,"CANDIDATE_TARGET: engineering candidate only, not measured by ONIQ and not a production gate"
CHAR-ENG-0331,upper_arm,humerus_length_04,45.0,mm,CANDIDATE_TARGET,UNVALIDATED,False,Not measured/supported by latest report; candidate engineering reference only,"CANDIDATE_TARGET: engineering candidate only, not measured by ONIQ and not a production gate"
CHAR-ENG-0332,upper_arm,humerus_width_04,53.5,mm,CANDIDATE_TARGET,UNVALIDATED,False,Not measured/supported by latest report; candidate engineering reference only,"CANDIDATE_TARGET: engineering candidate only, not measured by ONIQ and not a production gate"
CHAR-ENG-0333,upper_arm,upperarm_depth_04,62.0,mm,CANDIDATE_TARGET,UNVALIDATED,False,Not measured/supported by latest report; candidate engineering reference only,"CANDIDATE_TARGET: engineering candidate only, not measured by ONIQ and not a production gate"
CHAR-ENG-0334,upper_arm,shoulder_axis_04,70.5,mm,CANDIDATE_TARGET,UNVALIDATED,False,Not measured/supported by latest report; candidate engineering reference only,"CANDIDATE_TARGET: engineering candidate only, not measured by ONIQ and not a production gate"
CHAR-ENG-0335,upper_arm,elbow_axis_04,79.0,mm,CANDIDATE_TARGET,UNVALIDATED,False,Not measured/supported by latest report; candidate engineering reference only,"CANDIDATE_TARGET: engineering candidate only, not measured by ONIQ and not a production gate"
CHAR-ENG-0336,upper_arm,bicep_circumference_04,87.5,mm,CANDIDATE_TARGET,UNVALIDATED,False,Not measured/supported by latest report; candidate engineering reference only,"CANDIDATE_TARGET: engineering candidate only, not measured by ONIQ and not a production gate"
CHAR-ENG-0337,upper_arm,tricep_circumference_04,96.0,mm,CANDIDATE_TARGET,UNVALIDATED,False,Not measured/supported by latest report; candidate engineering reference only,"CANDIDATE_TARGET: engineering candidate only, not measured by ONIQ and not a production gate"
CHAR-ENG-0338,upper_arm,arm_mass_ratio_04,104.5,mm,CANDIDATE_TARGET,UNVALIDATED,False,Not measured/supported by latest report; candidate engineering reference only,"CANDIDATE_TARGET: engineering candidate only, not measured by ONIQ and not a production gate"
CHAR-ENG-0339,upper_arm,arm_swing_amp_04,22.5,mm,CANDIDATE_TARGET,UNVALIDATED,False,Not measured/supported by latest report; candidate engineering reference only,"CANDIDATE_TARGET: engineering candidate only, not measured by ONIQ and not a production gate"
CHAR-ENG-0340,upper_arm,arm_rest_angle_04,31.0,mm,CANDIDATE_TARGET,UNVALIDATED,False,Not measured/supported by latest report; candidate engineering reference only,"CANDIDATE_TARGET: engineering candidate only, not measured by ONIQ and not a production gate"
CHAR-ENG-0341,upper_arm,humerus_length_05,39.5,mm,CANDIDATE_TARGET,UNVALIDATED,False,Not measured/supported by latest report; candidate engineering reference only,"CANDIDATE_TARGET: engineering candidate only, not measured by ONIQ and not a production gate"
CHAR-ENG-0342,upper_arm,humerus_width_05,48.0,mm,CANDIDATE_TARGET,UNVALIDATED,False,Not measured/supported by latest report; candidate engineering reference only,"CANDIDATE_TARGET: engineering candidate only, not measured by ONIQ and not a production gate"
CHAR-ENG-0343,upper_arm,upperarm_depth_05,56.5,mm,CANDIDATE_TARGET,UNVALIDATED,False,Not measured/supported by latest report; candidate engineering reference only,"CANDIDATE_TARGET: engineering candidate only, not measured by ONIQ and not a production gate"
CHAR-ENG-0344,upper_arm,shoulder_axis_05,65.0,mm,CANDIDATE_TARGET,UNVALIDATED,False,Not measured/supported by latest report; candidate engineering reference only,"CANDIDATE_TARGET: engineering candidate only, not measured by ONIQ and not a production gate"
CHAR-ENG-0345,upper_arm,elbow_axis_05,73.5,mm,CANDIDATE_TARGET,UNVALIDATED,False,Not measured/supported by latest report; candidate engineering reference only,"CANDIDATE_TARGET: engineering candidate only, not measured by ONIQ and not a production gate"
CHAR-ENG-0346,upper_arm,bicep_circumference_05,82.0,mm,CANDIDATE_TARGET,UNVALIDATED,False,Not measured/supported by latest report; candidate engineering reference only,"CANDIDATE_TARGET: engineering candidate only, not measured by ONIQ and not a production gate"
CHAR-ENG-0347,upper_arm,tricep_circumference_05,90.5,mm,CANDIDATE_TARGET,UNVALIDATED,False,Not measured/supported by latest report; candidate engineering reference only,"CANDIDATE_TARGET: engineering candidate only, not measured by ONIQ and not a production gate"
CHAR-ENG-0348,upper_arm,arm_mass_ratio_05,99.0,mm,CANDIDATE_TARGET,UNVALIDATED,False,Not measured/supported by latest report; candidate engineering reference only,"CANDIDATE_TARGET: engineering candidate only, not measured by ONIQ and not a production gate"
CHAR-ENG-0349,upper_arm,arm_swing_amp_05,107.5,mm,CANDIDATE_TARGET,UNVALIDATED,False,Not measured/supported by latest report; candidate engineering reference only,"CANDIDATE_TARGET: engineering candidate only, not measured by ONIQ and not a production gate"
CHAR-ENG-0350,upper_arm,arm_rest_angle_05,25.5,mm,CANDIDATE_TARGET,UNVALIDATED,False,Not measured/supported by latest report; candidate engineering reference only,"CANDIDATE_TARGET: engineering candidate only, not measured by ONIQ and not a production gate"
CHAR-ENG-0351,forearm,radius_length_01,67.0,mm,CANDIDATE_TARGET,UNVALIDATED,False,Not measured/supported by latest report; candidate engineering reference only,"CANDIDATE_TARGET: engineering candidate only, not measured by ONIQ and not a production gate"
CHAR-ENG-0352,forearm,ulna_length_01,75.5,mm,CANDIDATE_TARGET,UNVALIDATED,False,Not measured/supported by latest report; candidate engineering reference only,"CANDIDATE_TARGET: engineering candidate only, not measured by ONIQ and not a production gate"
CHAR-ENG-0353,forearm,forearm_width_01,84.0,mm,CANDIDATE_TARGET,UNVALIDATED,False,Not measured/supported by latest report; candidate engineering reference only,"CANDIDATE_TARGET: engineering candidate only, not measured by ONIQ and not a production gate"
CHAR-ENG-0354,forearm,forearm_depth_01,92.5,mm,CANDIDATE_TARGET,UNVALIDATED,False,Not measured/supported by latest report; candidate engineering reference only,"CANDIDATE_TARGET: engineering candidate only, not measured by ONIQ and not a production gate"
CHAR-ENG-0355,forearm,wrist_width_01,101.0,mm,CANDIDATE_TARGET,UNVALIDATED,False,Not measured/supported by latest report; candidate engineering reference only,"CANDIDATE_TARGET: engineering candidate only, not measured by ONIQ and not a production gate"
CHAR-ENG-0356,forearm,wrist_depth_01,109.5,mm,CANDIDATE_TARGET,UNVALIDATED,False,Not measured/supported by latest report; candidate engineering reference only,"CANDIDATE_TARGET: engineering candidate only, not measured by ONIQ and not a production gate"
CHAR-ENG-0357,forearm,forearm_mass_ratio_01,27.5,mm,CANDIDATE_TARGET,UNVALIDATED,False,Not measured/supported by latest report; candidate engineering reference only,"CANDIDATE_TARGET: engineering candidate only, not measured by ONIQ and not a production gate"
CHAR-ENG-0358,forearm,elbow_flex_rest_01,36.0,mm,CANDIDATE_TARGET,UNVALIDATED,False,Not measured/supported by latest report; candidate engineering reference only,"CANDIDATE_TARGET: engineering candidate only, not measured by ONIQ and not a production gate"
CHAR-ENG-0359,forearm,elbow_flex_walk_01,44.5,mm,CANDIDATE_TARGET,UNVALIDATED,False,Not measured/supported by latest report; candidate engineering reference only,"CANDIDATE_TARGET: engineering candidate only, not measured by ONIQ and not a production gate"
CHAR-ENG-0360,forearm,forearm_rotation_01,53.0,mm,CANDIDATE_TARGET,UNVALIDATED,False,Not measured/supported by latest report; candidate engineering reference only,"CANDIDATE_TARGET: engineering candidate only, not measured by ONIQ and not a production gate"
CHAR-ENG-0361,forearm,radius_length_02,61.5,mm,CANDIDATE_TARGET,UNVALIDATED,False,Not measured/supported by latest report; candidate engineering reference only,"CANDIDATE_TARGET: engineering candidate only, not measured by ONIQ and not a production gate"
CHAR-ENG-0362,forearm,ulna_length_02,70.0,mm,CANDIDATE_TARGET,UNVALIDATED,False,Not measured/supported by latest report; candidate engineering reference only,"CANDIDATE_TARGET: engineering candidate only, not measured by ONIQ and not a production gate"
CHAR-ENG-0363,forearm,forearm_width_02,78.5,mm,CANDIDATE_TARGET,UNVALIDATED,False,Not measured/supported by latest report; candidate engineering reference only,"CANDIDATE_TARGET: engineering candidate only, not measured by ONIQ and not a production gate"
CHAR-ENG-0364,forearm,forearm_depth_02,87.0,mm,CANDIDATE_TARGET,UNVALIDATED,False,Not measured/supported by latest report; candidate engineering reference only,"CANDIDATE_TARGET: engineering candidate only, not measured by ONIQ and not a production gate"
CHAR-ENG-0365,forearm,wrist_width_02,95.5,mm,CANDIDATE_TARGET,UNVALIDATED,False,Not measured/supported by latest report; candidate engineering reference only,"CANDIDATE_TARGET: engineering candidate only, not measured by ONIQ and not a production gate"
CHAR-ENG-0366,forearm,wrist_depth_02,104.0,mm,CANDIDATE_TARGET,UNVALIDATED,False,Not measured/supported by latest report; candidate engineering reference only,"CANDIDATE_TARGET: engineering candidate only, not measured by ONIQ and not a production gate"
CHAR-ENG-0367,forearm,forearm_mass_ratio_02,22.0,mm,CANDIDATE_TARGET,UNVALIDATED,False,Not measured/supported by latest report; candidate engineering reference only,"CANDIDATE_TARGET: engineering candidate only, not measured by ONIQ and not a production gate"
CHAR-ENG-0368,forearm,elbow_flex_rest_02,30.5,mm,CANDIDATE_TARGET,UNVALIDATED,False,Not measured/supported by latest report; candidate engineering reference only,"CANDIDATE_TARGET: engineering candidate only, not measured by ONIQ and not a production gate"
CHAR-ENG-0369,forearm,elbow_flex_walk_02,39.0,mm,CANDIDATE_TARGET,UNVALIDATED,False,Not measured/supported by latest report; candidate engineering reference only,"CANDIDATE_TARGET: engineering candidate only, not measured by ONIQ and not a production gate"
CHAR-ENG-0370,forearm,forearm_rotation_02,47.5,mm,CANDIDATE_TARGET,UNVALIDATED,False,Not measured/supported by latest report; candidate engineering reference only,"CANDIDATE_TARGET: engineering candidate only, not measured by ONIQ and not a production gate"
CHAR-ENG-0371,forearm,radius_length_03,56.0,mm,CANDIDATE_TARGET,UNVALIDATED,False,Not measured/supported by latest report; candidate engineering reference only,"CANDIDATE_TARGET: engineering candidate only, not measured by ONIQ and not a production gate"
CHAR-ENG-0372,forearm,ulna_length_03,64.5,mm,CANDIDATE_TARGET,UNVALIDATED,False,Not measured/supported by latest report; candidate engineering reference only,"CANDIDATE_TARGET: engineering candidate only, not measured by ONIQ and not a production gate"
CHAR-ENG-0373,forearm,forearm_width_03,73.0,mm,CANDIDATE_TARGET,UNVALIDATED,False,Not measured/supported by latest report; candidate engineering reference only,"CANDIDATE_TARGET: engineering candidate only, not measured by ONIQ and not a production gate"
CHAR-ENG-0374,forearm,forearm_depth_03,81.5,mm,CANDIDATE_TARGET,UNVALIDATED,False,Not measured/supported by latest report; candidate engineering reference only,"CANDIDATE_TARGET: engineering candidate only, not measured by ONIQ and not a production gate"
CHAR-ENG-0375,forearm,wrist_width_03,90.0,mm,CANDIDATE_TARGET,UNVALIDATED,False,Not measured/supported by latest report; candidate engineering reference only,"CANDIDATE_TARGET: engineering candidate only, not measured by ONIQ and not a production gate"
CHAR-ENG-0376,forearm,wrist_depth_03,98.5,mm,CANDIDATE_TARGET,UNVALIDATED,False,Not measured/supported by latest report; candidate engineering reference only,"CANDIDATE_TARGET: engineering candidate only, not measured by ONIQ and not a production gate"
CHAR-ENG-0377,forearm,forearm_mass_ratio_03,107.0,mm,CANDIDATE_TARGET,UNVALIDATED,False,Not measured/supported by latest report; candidate engineering reference only,"CANDIDATE_TARGET: engineering candidate only, not measured by ONIQ and not a production gate"
CHAR-ENG-0378,forearm,elbow_flex_rest_03,25.0,mm,CANDIDATE_TARGET,UNVALIDATED,False,Not measured/supported by latest report; candidate engineering reference only,"CANDIDATE_TARGET: engineering candidate only, not measured by ONIQ and not a production gate"
CHAR-ENG-0379,forearm,elbow_flex_walk_03,33.5,mm,CANDIDATE_TARGET,UNVALIDATED,False,Not measured/supported by latest report; candidate engineering reference only,"CANDIDATE_TARGET: engineering candidate only, not measured by ONIQ and not a production gate"
CHAR-ENG-0380,forearm,forearm_rotation_03,42.0,mm,CANDIDATE_TARGET,UNVALIDATED,False,Not measured/supported by latest report; candidate engineering reference only,"CANDIDATE_TARGET: engineering candidate only, not measured by ONIQ and not a production gate"
CHAR-ENG-0381,forearm,radius_length_04,50.5,mm,CANDIDATE_TARGET,UNVALIDATED,False,Not measured/supported by latest report; candidate engineering reference only,"CANDIDATE_TARGET: engineering candidate only, not measured by ONIQ and not a production gate"
CHAR-ENG-0382,forearm,ulna_length_04,59.0,mm,CANDIDATE_TARGET,UNVALIDATED,False,Not measured/supported by latest report; candidate engineering reference only,"CANDIDATE_TARGET: engineering candidate only, not measured by ONIQ and not a production gate"
CHAR-ENG-0383,forearm,forearm_width_04,67.5,mm,CANDIDATE_TARGET,UNVALIDATED,False,Not measured/supported by latest report; candidate engineering reference only,"CANDIDATE_TARGET: engineering candidate only, not measured by ONIQ and not a production gate"
CHAR-ENG-0384,forearm,forearm_depth_04,76.0,mm,CANDIDATE_TARGET,UNVALIDATED,False,Not measured/supported by latest report; candidate engineering reference only,"CANDIDATE_TARGET: engineering candidate only, not measured by ONIQ and not a production gate"
CHAR-ENG-0385,forearm,wrist_width_04,84.5,mm,CANDIDATE_TARGET,UNVALIDATED,False,Not measured/supported by latest report; candidate engineering reference only,"CANDIDATE_TARGET: engineering candidate only, not measured by ONIQ and not a production gate"
CHAR-ENG-0386,forearm,wrist_depth_04,93.0,mm,CANDIDATE_TARGET,UNVALIDATED,False,Not measured/supported by latest report; candidate engineering reference only,"CANDIDATE_TARGET: engineering candidate only, not measured by ONIQ and not a production gate"
CHAR-ENG-0387,forearm,forearm_mass_ratio_04,101.5,mm,CANDIDATE_TARGET,UNVALIDATED,False,Not measured/supported by latest report; candidate engineering reference only,"CANDIDATE_TARGET: engineering candidate only, not measured by ONIQ and not a production gate"
CHAR-ENG-0388,forearm,elbow_flex_rest_04,110.0,mm,CANDIDATE_TARGET,UNVALIDATED,False,Not measured/supported by latest report; candidate engineering reference only,"CANDIDATE_TARGET: engineering candidate only, not measured by ONIQ and not a production gate"
CHAR-ENG-0389,forearm,elbow_flex_walk_04,28.0,mm,CANDIDATE_TARGET,UNVALIDATED,False,Not measured/supported by latest report; candidate engineering reference only,"CANDIDATE_TARGET: engineering candidate only, not measured by ONIQ and not a production gate"
CHAR-ENG-0390,forearm,forearm_rotation_04,36.5,mm,CANDIDATE_TARGET,UNVALIDATED,False,Not measured/supported by latest report; candidate engineering reference only,"CANDIDATE_TARGET: engineering candidate only, not measured by ONIQ and not a production gate"
CHAR-ENG-0391,forearm,radius_length_05,45.0,mm,CANDIDATE_TARGET,UNVALIDATED,False,Not measured/supported by latest report; candidate engineering reference only,"CANDIDATE_TARGET: engineering candidate only, not measured by ONIQ and not a production gate"
CHAR-ENG-0392,forearm,ulna_length_05,53.5,mm,CANDIDATE_TARGET,UNVALIDATED,False,Not measured/supported by latest report; candidate engineering reference only,"CANDIDATE_TARGET: engineering candidate only, not measured by ONIQ and not a production gate"
CHAR-ENG-0393,forearm,forearm_width_05,62.0,mm,CANDIDATE_TARGET,UNVALIDATED,False,Not measured/supported by latest report; candidate engineering reference only,"CANDIDATE_TARGET: engineering candidate only, not measured by ONIQ and not a production gate"
CHAR-ENG-0394,forearm,forearm_depth_05,70.5,mm,CANDIDATE_TARGET,UNVALIDATED,False,Not measured/supported by latest report; candidate engineering reference only,"CANDIDATE_TARGET: engineering candidate only, not measured by ONIQ and not a production gate"
CHAR-ENG-0395,forearm,wrist_width_05,79.0,mm,CANDIDATE_TARGET,UNVALIDATED,False,Not measured/supported by latest report; candidate engineering reference only,"CANDIDATE_TARGET: engineering candidate only, not measured by ONIQ and not a production gate"
CHAR-ENG-0396,forearm,wrist_depth_05,87.5,mm,CANDIDATE_TARGET,UNVALIDATED,False,Not measured/supported by latest report; candidate engineering reference only,"CANDIDATE_TARGET: engineering candidate only, not measured by ONIQ and not a production gate"
CHAR-ENG-0397,forearm,forearm_mass_ratio_05,96.0,mm,CANDIDATE_TARGET,UNVALIDATED,False,Not measured/supported by latest report; candidate engineering reference only,"CANDIDATE_TARGET: engineering candidate only, not measured by ONIQ and not a production gate"
CHAR-ENG-0398,forearm,elbow_flex_rest_05,104.5,mm,CANDIDATE_TARGET,UNVALIDATED,False,Not measured/supported by latest report; candidate engineering reference only,"CANDIDATE_TARGET: engineering candidate only, not measured by ONIQ and not a production gate"
CHAR-ENG-0399,forearm,elbow_flex_walk_05,22.5,mm,CANDIDATE_TARGET,UNVALIDATED,False,Not measured/supported by latest report; candidate engineering reference only,"CANDIDATE_TARGET: engineering candidate only, not measured by ONIQ and not a production gate"
CHAR-ENG-0400,forearm,forearm_rotation_05,31.0,mm,CANDIDATE_TARGET,UNVALIDATED,False,Not measured/supported by latest report; candidate engineering reference only,"CANDIDATE_TARGET: engineering candidate only, not measured by ONIQ and not a production gate"
CHAR-ENG-0401,hand,palm_length_01,72.5,mm,CANDIDATE_TARGET,UNVALIDATED,False,Not measured/supported by latest report; candidate engineering reference only,"CANDIDATE_TARGET: engineering candidate only, not measured by ONIQ and not a production gate"
CHAR-ENG-0402,hand,palm_width_01,81.0,mm,CANDIDATE_TARGET,UNVALIDATED,False,Not measured/supported by latest report; candidate engineering reference only,"CANDIDATE_TARGET: engineering candidate only, not measured by ONIQ and not a production gate"
CHAR-ENG-0403,hand,palm_depth_01,89.5,mm,CANDIDATE_TARGET,UNVALIDATED,False,Not measured/supported by latest report; candidate engineering reference only,"CANDIDATE_TARGET: engineering candidate only, not measured by ONIQ and not a production gate"
CHAR-ENG-0404,hand,wrist_to_knuckle_01,98.0,mm,CANDIDATE_TARGET,UNVALIDATED,False,Not measured/supported by latest report; candidate engineering reference only,"CANDIDATE_TARGET: engineering candidate only, not measured by ONIQ and not a production gate"
CHAR-ENG-0405,hand,thumb_base_width_01,106.5,mm,CANDIDATE_TARGET,UNVALIDATED,False,Not measured/supported by latest report; candidate engineering reference only,"CANDIDATE_TARGET: engineering candidate only, not measured by ONIQ and not a production gate"
CHAR-ENG-0406,hand,thumb_reach_01,24.5,mm,CANDIDATE_TARGET,UNVALIDATED,False,Not measured/supported by latest report; candidate engineering reference only,"CANDIDATE_TARGET: engineering candidate only, not measured by ONIQ and not a production gate"
CHAR-ENG-0407,hand,hand_mass_ratio_01,33.0,mm,CANDIDATE_TARGET,UNVALIDATED,False,Not measured/supported by latest report; candidate engineering reference only,"CANDIDATE_TARGET: engineering candidate only, not measured by ONIQ and not a production gate"
CHAR-ENG-0408,hand,palm_cup_01,41.5,mm,CANDIDATE_TARGET,UNVALIDATED,False,Not measured/supported by latest report; candidate engineering reference only,"CANDIDATE_TARGET: engineering candidate only, not measured by ONIQ and not a production gate"
CHAR-ENG-0409,hand,wrist_flex_01,50.0,mm,CANDIDATE_TARGET,UNVALIDATED,False,Not measured/supported by latest report; candidate engineering reference only,"CANDIDATE_TARGET: engineering candidate only, not measured by ONIQ and not a production gate"
CHAR-ENG-0410,hand,wrist_ext_01,58.5,mm,CANDIDATE_TARGET,UNVALIDATED,False,Not measured/supported by latest report; candidate engineering reference only,"CANDIDATE_TARGET: engineering candidate only, not measured by ONIQ and not a production gate"
CHAR-ENG-0411,hand,palm_length_02,67.0,mm,CANDIDATE_TARGET,UNVALIDATED,False,Not measured/supported by latest report; candidate engineering reference only,"CANDIDATE_TARGET: engineering candidate only, not measured by ONIQ and not a production gate"
CHAR-ENG-0412,hand,palm_width_02,75.5,mm,CANDIDATE_TARGET,UNVALIDATED,False,Not measured/supported by latest report; candidate engineering reference only,"CANDIDATE_TARGET: engineering candidate only, not measured by ONIQ and not a production gate"
CHAR-ENG-0413,hand,palm_depth_02,84.0,mm,CANDIDATE_TARGET,UNVALIDATED,False,Not measured/supported by latest report; candidate engineering reference only,"CANDIDATE_TARGET: engineering candidate only, not measured by ONIQ and not a production gate"
CHAR-ENG-0414,hand,wrist_to_knuckle_02,92.5,mm,CANDIDATE_TARGET,UNVALIDATED,False,Not measured/supported by latest report; candidate engineering reference only,"CANDIDATE_TARGET: engineering candidate only, not measured by ONIQ and not a production gate"
CHAR-ENG-0415,hand,thumb_base_width_02,101.0,mm,CANDIDATE_TARGET,UNVALIDATED,False,Not measured/supported by latest report; candidate engineering reference only,"CANDIDATE_TARGET: engineering candidate only, not measured by ONIQ and not a production gate"
CHAR-ENG-0416,hand,thumb_reach_02,109.5,mm,CANDIDATE_TARGET,UNVALIDATED,False,Not measured/supported by latest report; candidate engineering reference only,"CANDIDATE_TARGET: engineering candidate only, not measured by ONIQ and not a production gate"
CHAR-ENG-0417,hand,hand_mass_ratio_02,27.5,mm,CANDIDATE_TARGET,UNVALIDATED,False,Not measured/supported by latest report; candidate engineering reference only,"CANDIDATE_TARGET: engineering candidate only, not measured by ONIQ and not a production gate"
CHAR-ENG-0418,hand,palm_cup_02,36.0,mm,CANDIDATE_TARGET,UNVALIDATED,False,Not measured/supported by latest report; candidate engineering reference only,"CANDIDATE_TARGET: engineering candidate only, not measured by ONIQ and not a production gate"
CHAR-ENG-0419,hand,wrist_flex_02,44.5,mm,CANDIDATE_TARGET,UNVALIDATED,False,Not measured/supported by latest report; candidate engineering reference only,"CANDIDATE_TARGET: engineering candidate only, not measured by ONIQ and not a production gate"
CHAR-ENG-0420,hand,wrist_ext_02,53.0,mm,CANDIDATE_TARGET,UNVALIDATED,False,Not measured/supported by latest report; candidate engineering reference only,"CANDIDATE_TARGET: engineering candidate only, not measured by ONIQ and not a production gate"
CHAR-ENG-0421,hand,palm_length_03,61.5,mm,CANDIDATE_TARGET,UNVALIDATED,False,Not measured/supported by latest report; candidate engineering reference only,"CANDIDATE_TARGET: engineering candidate only, not measured by ONIQ and not a production gate"
CHAR-ENG-0422,hand,palm_width_03,70.0,mm,CANDIDATE_TARGET,UNVALIDATED,False,Not measured/supported by latest report; candidate engineering reference only,"CANDIDATE_TARGET: engineering candidate only, not measured by ONIQ and not a production gate"
CHAR-ENG-0423,hand,palm_depth_03,78.5,mm,CANDIDATE_TARGET,UNVALIDATED,False,Not measured/supported by latest report; candidate engineering reference only,"CANDIDATE_TARGET: engineering candidate only, not measured by ONIQ and not a production gate"
CHAR-ENG-0424,hand,wrist_to_knuckle_03,87.0,mm,CANDIDATE_TARGET,UNVALIDATED,False,Not measured/supported by latest report; candidate engineering reference only,"CANDIDATE_TARGET: engineering candidate only, not measured by ONIQ and not a production gate"
CHAR-ENG-0425,hand,thumb_base_width_03,95.5,mm,CANDIDATE_TARGET,UNVALIDATED,False,Not measured/supported by latest report; candidate engineering reference only,"CANDIDATE_TARGET: engineering candidate only, not measured by ONIQ and not a production gate"
CHAR-ENG-0426,hand,thumb_reach_03,104.0,mm,CANDIDATE_TARGET,UNVALIDATED,False,Not measured/supported by latest report; candidate engineering reference only,"CANDIDATE_TARGET: engineering candidate only, not measured by ONIQ and not a production gate"
CHAR-ENG-0427,hand,hand_mass_ratio_03,22.0,mm,CANDIDATE_TARGET,UNVALIDATED,False,Not measured/supported by latest report; candidate engineering reference only,"CANDIDATE_TARGET: engineering candidate only, not measured by ONIQ and not a production gate"
CHAR-ENG-0428,hand,palm_cup_03,30.5,mm,CANDIDATE_TARGET,UNVALIDATED,False,Not measured/supported by latest report; candidate engineering reference only,"CANDIDATE_TARGET: engineering candidate only, not measured by ONIQ and not a production gate"
CHAR-ENG-0429,hand,wrist_flex_03,39.0,mm,CANDIDATE_TARGET,UNVALIDATED,False,Not measured/supported by latest report; candidate engineering reference only,"CANDIDATE_TARGET: engineering candidate only, not measured by ONIQ and not a production gate"
CHAR-ENG-0430,hand,wrist_ext_03,47.5,mm,CANDIDATE_TARGET,UNVALIDATED,False,Not measured/supported by latest report; candidate engineering reference only,"CANDIDATE_TARGET: engineering candidate only, not measured by ONIQ and not a production gate"
CHAR-ENG-0431,hand,palm_length_04,56.0,mm,CANDIDATE_TARGET,UNVALIDATED,False,Not measured/supported by latest report; candidate engineering reference only,"CANDIDATE_TARGET: engineering candidate only, not measured by ONIQ and not a production gate"
CHAR-ENG-0432,hand,palm_width_04,64.5,mm,CANDIDATE_TARGET,UNVALIDATED,False,Not measured/supported by latest report; candidate engineering reference only,"CANDIDATE_TARGET: engineering candidate only, not measured by ONIQ and not a production gate"
CHAR-ENG-0433,hand,palm_depth_04,73.0,mm,CANDIDATE_TARGET,UNVALIDATED,False,Not measured/supported by latest report; candidate engineering reference only,"CANDIDATE_TARGET: engineering candidate only, not measured by ONIQ and not a production gate"
CHAR-ENG-0434,hand,wrist_to_knuckle_04,81.5,mm,CANDIDATE_TARGET,UNVALIDATED,False,Not measured/supported by latest report; candidate engineering reference only,"CANDIDATE_TARGET: engineering candidate only, not measured by ONIQ and not a production gate"
CHAR-ENG-0435,hand,thumb_base_width_04,90.0,mm,CANDIDATE_TARGET,UNVALIDATED,False,Not measured/supported by latest report; candidate engineering reference only,"CANDIDATE_TARGET: engineering candidate only, not measured by ONIQ and not a production gate"
CHAR-ENG-0436,hand,thumb_reach_04,98.5,mm,CANDIDATE_TARGET,UNVALIDATED,False,Not measured/supported by latest report; candidate engineering reference only,"CANDIDATE_TARGET: engineering candidate only, not measured by ONIQ and not a production gate"
CHAR-ENG-0437,hand,hand_mass_ratio_04,107.0,mm,CANDIDATE_TARGET,UNVALIDATED,False,Not measured/supported by latest report; candidate engineering reference only,"CANDIDATE_TARGET: engineering candidate only, not measured by ONIQ and not a production gate"
CHAR-ENG-0438,hand,palm_cup_04,25.0,mm,CANDIDATE_TARGET,UNVALIDATED,False,Not measured/supported by latest report; candidate engineering reference only,"CANDIDATE_TARGET: engineering candidate only, not measured by ONIQ and not a production gate"
CHAR-ENG-0439,hand,wrist_flex_04,33.5,mm,CANDIDATE_TARGET,UNVALIDATED,False,Not measured/supported by latest report; candidate engineering reference only,"CANDIDATE_TARGET: engineering candidate only, not measured by ONIQ and not a production gate"
CHAR-ENG-0440,hand,wrist_ext_04,42.0,mm,CANDIDATE_TARGET,UNVALIDATED,False,Not measured/supported by latest report; candidate engineering reference only,"CANDIDATE_TARGET: engineering candidate only, not measured by ONIQ and not a production gate"
CHAR-ENG-0441,hand,palm_length_05,50.5,mm,CANDIDATE_TARGET,UNVALIDATED,False,Not measured/supported by latest report; candidate engineering reference only,"CANDIDATE_TARGET: engineering candidate only, not measured by ONIQ and not a production gate"
CHAR-ENG-0442,hand,palm_width_05,59.0,mm,CANDIDATE_TARGET,UNVALIDATED,False,Not measured/supported by latest report; candidate engineering reference only,"CANDIDATE_TARGET: engineering candidate only, not measured by ONIQ and not a production gate"
CHAR-ENG-0443,hand,palm_depth_05,67.5,mm,CANDIDATE_TARGET,UNVALIDATED,False,Not measured/supported by latest report; candidate engineering reference only,"CANDIDATE_TARGET: engineering candidate only, not measured by ONIQ and not a production gate"
CHAR-ENG-0444,hand,wrist_to_knuckle_05,76.0,mm,CANDIDATE_TARGET,UNVALIDATED,False,Not measured/supported by latest report; candidate engineering reference only,"CANDIDATE_TARGET: engineering candidate only, not measured by ONIQ and not a production gate"
CHAR-ENG-0445,hand,thumb_base_width_05,84.5,mm,CANDIDATE_TARGET,UNVALIDATED,False,Not measured/supported by latest report; candidate engineering reference only,"CANDIDATE_TARGET: engineering candidate only, not measured by ONIQ and not a production gate"
CHAR-ENG-0446,hand,thumb_reach_05,93.0,mm,CANDIDATE_TARGET,UNVALIDATED,False,Not measured/supported by latest report; candidate engineering reference only,"CANDIDATE_TARGET: engineering candidate only, not measured by ONIQ and not a production gate"
CHAR-ENG-0447,hand,hand_mass_ratio_05,101.5,mm,CANDIDATE_TARGET,UNVALIDATED,False,Not measured/supported by latest report; candidate engineering reference only,"CANDIDATE_TARGET: engineering candidate only, not measured by ONIQ and not a production gate"
CHAR-ENG-0448,hand,palm_cup_05,110.0,mm,CANDIDATE_TARGET,UNVALIDATED,False,Not measured/supported by latest report; candidate engineering reference only,"CANDIDATE_TARGET: engineering candidate only, not measured by ONIQ and not a production gate"
CHAR-ENG-0449,hand,wrist_flex_05,28.0,mm,CANDIDATE_TARGET,UNVALIDATED,False,Not measured/supported by latest report; candidate engineering reference only,"CANDIDATE_TARGET: engineering candidate only, not measured by ONIQ and not a production gate"
CHAR-ENG-0450,hand,wrist_ext_05,36.5,mm,CANDIDATE_TARGET,UNVALIDATED,False,Not measured/supported by latest report; candidate engineering reference only,"CANDIDATE_TARGET: engineering candidate only, not measured by ONIQ and not a production gate"
CHAR-ENG-0451,fingers,index_length_01,78.0,mm,CANDIDATE_TARGET,UNVALIDATED,False,Not measured/supported by latest report; candidate engineering reference only,"CANDIDATE_TARGET: engineering candidate only, not measured by ONIQ and not a production gate"
CHAR-ENG-0452,fingers,middle_length_01,86.5,mm,CANDIDATE_TARGET,UNVALIDATED,False,Not measured/supported by latest report; candidate engineering reference only,"CANDIDATE_TARGET: engineering candidate only, not measured by ONIQ and not a production gate"
CHAR-ENG-0453,fingers,ring_length_01,95.0,mm,CANDIDATE_TARGET,UNVALIDATED,False,Not measured/supported by latest report; candidate engineering reference only,"CANDIDATE_TARGET: engineering candidate only, not measured by ONIQ and not a production gate"
CHAR-ENG-0454,fingers,little_length_01,103.5,mm,CANDIDATE_TARGET,UNVALIDATED,False,Not measured/supported by latest report; candidate engineering reference only,"CANDIDATE_TARGET: engineering candidate only, not measured by ONIQ and not a production gate"
CHAR-ENG-0455,fingers,index_width_01,21.5,mm,CANDIDATE_TARGET,UNVALIDATED,False,Not measured/supported by latest report; candidate engineering reference only,"CANDIDATE_TARGET: engineering candidate only, not measured by ONIQ and not a production gate"
CHAR-ENG-0456,fingers,middle_width_01,30.0,mm,CANDIDATE_TARGET,UNVALIDATED,False,Not measured/supported by latest report; candidate engineering reference only,"CANDIDATE_TARGET: engineering candidate only, not measured by ONIQ and not a production gate"
CHAR-ENG-0457,fingers,ring_width_01,38.5,mm,CANDIDATE_TARGET,UNVALIDATED,False,Not measured/supported by latest report; candidate engineering reference only,"CANDIDATE_TARGET: engineering candidate only, not measured by ONIQ and not a production gate"
CHAR-ENG-0458,fingers,little_width_01,47.0,mm,CANDIDATE_TARGET,UNVALIDATED,False,Not measured/supported by latest report; candidate engineering reference only,"CANDIDATE_TARGET: engineering candidate only, not measured by ONIQ and not a production gate"
CHAR-ENG-0459,fingers,finger_spread_01,55.5,mm,CANDIDATE_TARGET,UNVALIDATED,False,Not measured/supported by latest report; candidate engineering reference only,"CANDIDATE_TARGET: engineering candidate only, not measured by ONIQ and not a production gate"
CHAR-ENG-0460,fingers,finger_curl_01,64.0,mm,CANDIDATE_TARGET,UNVALIDATED,False,Not measured/supported by latest report; candidate engineering reference only,"CANDIDATE_TARGET: engineering candidate only, not measured by ONIQ and not a production gate"
CHAR-ENG-0461,fingers,index_length_02,72.5,mm,CANDIDATE_TARGET,UNVALIDATED,False,Not measured/supported by latest report; candidate engineering reference only,"CANDIDATE_TARGET: engineering candidate only, not measured by ONIQ and not a production gate"
CHAR-ENG-0462,fingers,middle_length_02,81.0,mm,CANDIDATE_TARGET,UNVALIDATED,False,Not measured/supported by latest report; candidate engineering reference only,"CANDIDATE_TARGET: engineering candidate only, not measured by ONIQ and not a production gate"
CHAR-ENG-0463,fingers,ring_length_02,89.5,mm,CANDIDATE_TARGET,UNVALIDATED,False,Not measured/supported by latest report; candidate engineering reference only,"CANDIDATE_TARGET: engineering candidate only, not measured by ONIQ and not a production gate"
CHAR-ENG-0464,fingers,little_length_02,98.0,mm,CANDIDATE_TARGET,UNVALIDATED,False,Not measured/supported by latest report; candidate engineering reference only,"CANDIDATE_TARGET: engineering candidate only, not measured by ONIQ and not a production gate"
CHAR-ENG-0465,fingers,index_width_02,106.5,mm,CANDIDATE_TARGET,UNVALIDATED,False,Not measured/supported by latest report; candidate engineering reference only,"CANDIDATE_TARGET: engineering candidate only, not measured by ONIQ and not a production gate"
CHAR-ENG-0466,fingers,middle_width_02,24.5,mm,CANDIDATE_TARGET,UNVALIDATED,False,Not measured/supported by latest report; candidate engineering reference only,"CANDIDATE_TARGET: engineering candidate only, not measured by ONIQ and not a production gate"
CHAR-ENG-0467,fingers,ring_width_02,33.0,mm,CANDIDATE_TARGET,UNVALIDATED,False,Not measured/supported by latest report; candidate engineering reference only,"CANDIDATE_TARGET: engineering candidate only, not measured by ONIQ and not a production gate"
CHAR-ENG-0468,fingers,little_width_02,41.5,mm,CANDIDATE_TARGET,UNVALIDATED,False,Not measured/supported by latest report; candidate engineering reference only,"CANDIDATE_TARGET: engineering candidate only, not measured by ONIQ and not a production gate"
CHAR-ENG-0469,fingers,finger_spread_02,50.0,mm,CANDIDATE_TARGET,UNVALIDATED,False,Not measured/supported by latest report; candidate engineering reference only,"CANDIDATE_TARGET: engineering candidate only, not measured by ONIQ and not a production gate"
CHAR-ENG-0470,fingers,finger_curl_02,58.5,mm,CANDIDATE_TARGET,UNVALIDATED,False,Not measured/supported by latest report; candidate engineering reference only,"CANDIDATE_TARGET: engineering candidate only, not measured by ONIQ and not a production gate"
CHAR-ENG-0471,fingers,index_length_03,67.0,mm,CANDIDATE_TARGET,UNVALIDATED,False,Not measured/supported by latest report; candidate engineering reference only,"CANDIDATE_TARGET: engineering candidate only, not measured by ONIQ and not a production gate"
CHAR-ENG-0472,fingers,middle_length_03,75.5,mm,CANDIDATE_TARGET,UNVALIDATED,False,Not measured/supported by latest report; candidate engineering reference only,"CANDIDATE_TARGET: engineering candidate only, not measured by ONIQ and not a production gate"
CHAR-ENG-0473,fingers,ring_length_03,84.0,mm,CANDIDATE_TARGET,UNVALIDATED,False,Not measured/supported by latest report; candidate engineering reference only,"CANDIDATE_TARGET: engineering candidate only, not measured by ONIQ and not a production gate"
CHAR-ENG-0474,fingers,little_length_03,92.5,mm,CANDIDATE_TARGET,UNVALIDATED,False,Not measured/supported by latest report; candidate engineering reference only,"CANDIDATE_TARGET: engineering candidate only, not measured by ONIQ and not a production gate"
CHAR-ENG-0475,fingers,index_width_03,101.0,mm,CANDIDATE_TARGET,UNVALIDATED,False,Not measured/supported by latest report; candidate engineering reference only,"CANDIDATE_TARGET: engineering candidate only, not measured by ONIQ and not a production gate"
CHAR-ENG-0476,fingers,middle_width_03,109.5,mm,CANDIDATE_TARGET,UNVALIDATED,False,Not measured/supported by latest report; candidate engineering reference only,"CANDIDATE_TARGET: engineering candidate only, not measured by ONIQ and not a production gate"
CHAR-ENG-0477,fingers,ring_width_03,27.5,mm,CANDIDATE_TARGET,UNVALIDATED,False,Not measured/supported by latest report; candidate engineering reference only,"CANDIDATE_TARGET: engineering candidate only, not measured by ONIQ and not a production gate"
CHAR-ENG-0478,fingers,little_width_03,36.0,mm,CANDIDATE_TARGET,UNVALIDATED,False,Not measured/supported by latest report; candidate engineering reference only,"CANDIDATE_TARGET: engineering candidate only, not measured by ONIQ and not a production gate"
CHAR-ENG-0479,fingers,finger_spread_03,44.5,mm,CANDIDATE_TARGET,UNVALIDATED,False,Not measured/supported by latest report; candidate engineering reference only,"CANDIDATE_TARGET: engineering candidate only, not measured by ONIQ and not a production gate"
CHAR-ENG-0480,fingers,finger_curl_03,53.0,mm,CANDIDATE_TARGET,UNVALIDATED,False,Not measured/supported by latest report; candidate engineering reference only,"CANDIDATE_TARGET: engineering candidate only, not measured by ONIQ and not a production gate"
CHAR-ENG-0481,fingers,index_length_04,61.5,mm,CANDIDATE_TARGET,UNVALIDATED,False,Not measured/supported by latest report; candidate engineering reference only,"CANDIDATE_TARGET: engineering candidate only, not measured by ONIQ and not a production gate"
CHAR-ENG-0482,fingers,middle_length_04,70.0,mm,CANDIDATE_TARGET,UNVALIDATED,False,Not measured/supported by latest report; candidate engineering reference only,"CANDIDATE_TARGET: engineering candidate only, not measured by ONIQ and not a production gate"
CHAR-ENG-0483,fingers,ring_length_04,78.5,mm,CANDIDATE_TARGET,UNVALIDATED,False,Not measured/supported by latest report; candidate engineering reference only,"CANDIDATE_TARGET: engineering candidate only, not measured by ONIQ and not a production gate"
CHAR-ENG-0484,fingers,little_length_04,87.0,mm,CANDIDATE_TARGET,UNVALIDATED,False,Not measured/supported by latest report; candidate engineering reference only,"CANDIDATE_TARGET: engineering candidate only, not measured by ONIQ and not a production gate"
CHAR-ENG-0485,fingers,index_width_04,95.5,mm,CANDIDATE_TARGET,UNVALIDATED,False,Not measured/supported by latest report; candidate engineering reference only,"CANDIDATE_TARGET: engineering candidate only, not measured by ONIQ and not a production gate"
CHAR-ENG-0486,fingers,middle_width_04,104.0,mm,CANDIDATE_TARGET,UNVALIDATED,False,Not measured/supported by latest report; candidate engineering reference only,"CANDIDATE_TARGET: engineering candidate only, not measured by ONIQ and not a production gate"
CHAR-ENG-0487,fingers,ring_width_04,22.0,mm,CANDIDATE_TARGET,UNVALIDATED,False,Not measured/supported by latest report; candidate engineering reference only,"CANDIDATE_TARGET: engineering candidate only, not measured by ONIQ and not a production gate"
CHAR-ENG-0488,fingers,little_width_04,30.5,mm,CANDIDATE_TARGET,UNVALIDATED,False,Not measured/supported by latest report; candidate engineering reference only,"CANDIDATE_TARGET: engineering candidate only, not measured by ONIQ and not a production gate"
CHAR-ENG-0489,fingers,finger_spread_04,39.0,mm,CANDIDATE_TARGET,UNVALIDATED,False,Not measured/supported by latest report; candidate engineering reference only,"CANDIDATE_TARGET: engineering candidate only, not measured by ONIQ and not a production gate"
CHAR-ENG-0490,fingers,finger_curl_04,47.5,mm,CANDIDATE_TARGET,UNVALIDATED,False,Not measured/supported by latest report; candidate engineering reference only,"CANDIDATE_TARGET: engineering candidate only, not measured by ONIQ and not a production gate"
CHAR-ENG-0491,fingers,index_length_05,56.0,mm,CANDIDATE_TARGET,UNVALIDATED,False,Not measured/supported by latest report; candidate engineering reference only,"CANDIDATE_TARGET: engineering candidate only, not measured by ONIQ and not a production gate"
CHAR-ENG-0492,fingers,middle_length_05,64.5,mm,CANDIDATE_TARGET,UNVALIDATED,False,Not measured/supported by latest report; candidate engineering reference only,"CANDIDATE_TARGET: engineering candidate only, not measured by ONIQ and not a production gate"
CHAR-ENG-0493,fingers,ring_length_05,73.0,mm,CANDIDATE_TARGET,UNVALIDATED,False,Not measured/supported by latest report; candidate engineering reference only,"CANDIDATE_TARGET: engineering candidate only, not measured by ONIQ and not a production gate"
CHAR-ENG-0494,fingers,little_length_05,81.5,mm,CANDIDATE_TARGET,UNVALIDATED,False,Not measured/supported by latest report; candidate engineering reference only,"CANDIDATE_TARGET: engineering candidate only, not measured by ONIQ and not a production gate"
CHAR-ENG-0495,fingers,index_width_05,90.0,mm,CANDIDATE_TARGET,UNVALIDATED,False,Not measured/supported by latest report; candidate engineering reference only,"CANDIDATE_TARGET: engineering candidate only, not measured by ONIQ and not a production gate"
CHAR-ENG-0496,fingers,middle_width_05,98.5,mm,CANDIDATE_TARGET,UNVALIDATED,False,Not measured/supported by latest report; candidate engineering reference only,"CANDIDATE_TARGET: engineering candidate only, not measured by ONIQ and not a production gate"
CHAR-ENG-0497,fingers,ring_width_05,107.0,mm,CANDIDATE_TARGET,UNVALIDATED,False,Not measured/supported by latest report; candidate engineering reference only,"CANDIDATE_TARGET: engineering candidate only, not measured by ONIQ and not a production gate"
CHAR-ENG-0498,fingers,little_width_05,25.0,mm,CANDIDATE_TARGET,UNVALIDATED,False,Not measured/supported by latest report; candidate engineering reference only,"CANDIDATE_TARGET: engineering candidate only, not measured by ONIQ and not a production gate"
CHAR-ENG-0499,fingers,finger_spread_05,33.5,mm,CANDIDATE_TARGET,UNVALIDATED,False,Not measured/supported by latest report; candidate engineering reference only,"CANDIDATE_TARGET: engineering candidate only, not measured by ONIQ and not a production gate"
CHAR-ENG-0500,fingers,finger_curl_05,42.0,mm,CANDIDATE_TARGET,UNVALIDATED,False,Not measured/supported by latest report; candidate engineering reference only,"CANDIDATE_TARGET: engineering candidate only, not measured by ONIQ and not a production gate"
CHAR-ENG-0501,thigh,femur_length_01,83.5,mm,CANDIDATE_TARGET,UNVALIDATED,False,Not measured/supported by latest report; candidate engineering reference only,"CANDIDATE_TARGET: engineering candidate only, not measured by ONIQ and not a production gate"
CHAR-ENG-0502,thigh,thigh_width_01,92.0,mm,CANDIDATE_TARGET,UNVALIDATED,False,Not measured/supported by latest report; candidate engineering reference only,"CANDIDATE_TARGET: engineering candidate only, not measured by ONIQ and not a production gate"
CHAR-ENG-0503,thigh,thigh_depth_01,100.5,mm,CANDIDATE_TARGET,UNVALIDATED,False,Not measured/supported by latest report; candidate engineering reference only,"CANDIDATE_TARGET: engineering candidate only, not measured by ONIQ and not a production gate"
CHAR-ENG-0504,thigh,knee_to_hip_01,109.0,mm,CANDIDATE_TARGET,UNVALIDATED,False,Not measured/supported by latest report; candidate engineering reference only,"CANDIDATE_TARGET: engineering candidate only, not measured by ONIQ and not a production gate"
CHAR-ENG-0505,thigh,quadriceps_circ_01,27.0,mm,CANDIDATE_TARGET,UNVALIDATED,False,Not measured/supported by latest report; candidate engineering reference only,"CANDIDATE_TARGET: engineering candidate only, not measured by ONIQ and not a production gate"
CHAR-ENG-0506,thigh,hamstring_circ_01,35.5,mm,CANDIDATE_TARGET,UNVALIDATED,False,Not measured/supported by latest report; candidate engineering reference only,"CANDIDATE_TARGET: engineering candidate only, not measured by ONIQ and not a production gate"
CHAR-ENG-0507,thigh,thigh_mass_ratio_01,44.0,mm,CANDIDATE_TARGET,UNVALIDATED,False,Not measured/supported by latest report; candidate engineering reference only,"CANDIDATE_TARGET: engineering candidate only, not measured by ONIQ and not a production gate"
CHAR-ENG-0508,thigh,femur_angle_01,52.5,mm,CANDIDATE_TARGET,UNVALIDATED,False,Not measured/supported by latest report; candidate engineering reference only,"CANDIDATE_TARGET: engineering candidate only, not measured by ONIQ and not a production gate"
CHAR-ENG-0509,thigh,thigh_twist_01,61.0,mm,CANDIDATE_TARGET,UNVALIDATED,False,Not measured/supported by latest report; candidate engineering reference only,"CANDIDATE_TARGET: engineering candidate only, not measured by ONIQ and not a production gate"
CHAR-ENG-0510,thigh,stance_thigh_angle_01,69.5,mm,CANDIDATE_TARGET,UNVALIDATED,False,Not measured/supported by latest report; candidate engineering reference only,"CANDIDATE_TARGET: engineering candidate only, not measured by ONIQ and not a production gate"
CHAR-ENG-0511,thigh,femur_length_02,78.0,mm,CANDIDATE_TARGET,UNVALIDATED,False,Not measured/supported by latest report; candidate engineering reference only,"CANDIDATE_TARGET: engineering candidate only, not measured by ONIQ and not a production gate"
CHAR-ENG-0512,thigh,thigh_width_02,86.5,mm,CANDIDATE_TARGET,UNVALIDATED,False,Not measured/supported by latest report; candidate engineering reference only,"CANDIDATE_TARGET: engineering candidate only, not measured by ONIQ and not a production gate"
CHAR-ENG-0513,thigh,thigh_depth_02,95.0,mm,CANDIDATE_TARGET,UNVALIDATED,False,Not measured/supported by latest report; candidate engineering reference only,"CANDIDATE_TARGET: engineering candidate only, not measured by ONIQ and not a production gate"
CHAR-ENG-0514,thigh,knee_to_hip_02,103.5,mm,CANDIDATE_TARGET,UNVALIDATED,False,Not measured/supported by latest report; candidate engineering reference only,"CANDIDATE_TARGET: engineering candidate only, not measured by ONIQ and not a production gate"
CHAR-ENG-0515,thigh,quadriceps_circ_02,21.5,mm,CANDIDATE_TARGET,UNVALIDATED,False,Not measured/supported by latest report; candidate engineering reference only,"CANDIDATE_TARGET: engineering candidate only, not measured by ONIQ and not a production gate"
CHAR-ENG-0516,thigh,hamstring_circ_02,30.0,mm,CANDIDATE_TARGET,UNVALIDATED,False,Not measured/supported by latest report; candidate engineering reference only,"CANDIDATE_TARGET: engineering candidate only, not measured by ONIQ and not a production gate"
CHAR-ENG-0517,thigh,thigh_mass_ratio_02,38.5,mm,CANDIDATE_TARGET,UNVALIDATED,False,Not measured/supported by latest report; candidate engineering reference only,"CANDIDATE_TARGET: engineering candidate only, not measured by ONIQ and not a production gate"
CHAR-ENG-0518,thigh,femur_angle_02,47.0,mm,CANDIDATE_TARGET,UNVALIDATED,False,Not measured/supported by latest report; candidate engineering reference only,"CANDIDATE_TARGET: engineering candidate only, not measured by ONIQ and not a production gate"
CHAR-ENG-0519,thigh,thigh_twist_02,55.5,mm,CANDIDATE_TARGET,UNVALIDATED,False,Not measured/supported by latest report; candidate engineering reference only,"CANDIDATE_TARGET: engineering candidate only, not measured by ONIQ and not a production gate"
CHAR-ENG-0520,thigh,stance_thigh_angle_02,64.0,mm,CANDIDATE_TARGET,UNVALIDATED,False,Not measured/supported by latest report; candidate engineering reference only,"CANDIDATE_TARGET: engineering candidate only, not measured by ONIQ and not a production gate"
CHAR-ENG-0521,thigh,femur_length_03,72.5,mm,CANDIDATE_TARGET,UNVALIDATED,False,Not measured/supported by latest report; candidate engineering reference only,"CANDIDATE_TARGET: engineering candidate only, not measured by ONIQ and not a production gate"
CHAR-ENG-0522,thigh,thigh_width_03,81.0,mm,CANDIDATE_TARGET,UNVALIDATED,False,Not measured/supported by latest report; candidate engineering reference only,"CANDIDATE_TARGET: engineering candidate only, not measured by ONIQ and not a production gate"
CHAR-ENG-0523,thigh,thigh_depth_03,89.5,mm,CANDIDATE_TARGET,UNVALIDATED,False,Not measured/supported by latest report; candidate engineering reference only,"CANDIDATE_TARGET: engineering candidate only, not measured by ONIQ and not a production gate"
CHAR-ENG-0524,thigh,knee_to_hip_03,98.0,mm,CANDIDATE_TARGET,UNVALIDATED,False,Not measured/supported by latest report; candidate engineering reference only,"CANDIDATE_TARGET: engineering candidate only, not measured by ONIQ and not a production gate"
CHAR-ENG-0525,thigh,quadriceps_circ_03,106.5,mm,CANDIDATE_TARGET,UNVALIDATED,False,Not measured/supported by latest report; candidate engineering reference only,"CANDIDATE_TARGET: engineering candidate only, not measured by ONIQ and not a production gate"
CHAR-ENG-0526,thigh,hamstring_circ_03,24.5,mm,CANDIDATE_TARGET,UNVALIDATED,False,Not measured/supported by latest report; candidate engineering reference only,"CANDIDATE_TARGET: engineering candidate only, not measured by ONIQ and not a production gate"
CHAR-ENG-0527,thigh,thigh_mass_ratio_03,33.0,mm,CANDIDATE_TARGET,UNVALIDATED,False,Not measured/supported by latest report; candidate engineering reference only,"CANDIDATE_TARGET: engineering candidate only, not measured by ONIQ and not a production gate"
CHAR-ENG-0528,thigh,femur_angle_03,41.5,mm,CANDIDATE_TARGET,UNVALIDATED,False,Not measured/supported by latest report; candidate engineering reference only,"CANDIDATE_TARGET: engineering candidate only, not measured by ONIQ and not a production gate"
CHAR-ENG-0529,thigh,thigh_twist_03,50.0,mm,CANDIDATE_TARGET,UNVALIDATED,False,Not measured/supported by latest report; candidate engineering reference only,"CANDIDATE_TARGET: engineering candidate only, not measured by ONIQ and not a production gate"
CHAR-ENG-0530,thigh,stance_thigh_angle_03,58.5,mm,CANDIDATE_TARGET,UNVALIDATED,False,Not measured/supported by latest report; candidate engineering reference only,"CANDIDATE_TARGET: engineering candidate only, not measured by ONIQ and not a production gate"
CHAR-ENG-0531,thigh,femur_length_04,67.0,mm,CANDIDATE_TARGET,UNVALIDATED,False,Not measured/supported by latest report; candidate engineering reference only,"CANDIDATE_TARGET: engineering candidate only, not measured by ONIQ and not a production gate"
CHAR-ENG-0532,thigh,thigh_width_04,75.5,mm,CANDIDATE_TARGET,UNVALIDATED,False,Not measured/supported by latest report; candidate engineering reference only,"CANDIDATE_TARGET: engineering candidate only, not measured by ONIQ and not a production gate"
CHAR-ENG-0533,thigh,thigh_depth_04,84.0,mm,CANDIDATE_TARGET,UNVALIDATED,False,Not measured/supported by latest report; candidate engineering reference only,"CANDIDATE_TARGET: engineering candidate only, not measured by ONIQ and not a production gate"
CHAR-ENG-0534,thigh,knee_to_hip_04,92.5,mm,CANDIDATE_TARGET,UNVALIDATED,False,Not measured/supported by latest report; candidate engineering reference only,"CANDIDATE_TARGET: engineering candidate only, not measured by ONIQ and not a production gate"
CHAR-ENG-0535,thigh,quadriceps_circ_04,101.0,mm,CANDIDATE_TARGET,UNVALIDATED,False,Not measured/supported by latest report; candidate engineering reference only,"CANDIDATE_TARGET: engineering candidate only, not measured by ONIQ and not a production gate"
CHAR-ENG-0536,thigh,hamstring_circ_04,109.5,mm,CANDIDATE_TARGET,UNVALIDATED,False,Not measured/supported by latest report; candidate engineering reference only,"CANDIDATE_TARGET: engineering candidate only, not measured by ONIQ and not a production gate"
CHAR-ENG-0537,thigh,thigh_mass_ratio_04,27.5,mm,CANDIDATE_TARGET,UNVALIDATED,False,Not measured/supported by latest report; candidate engineering reference only,"CANDIDATE_TARGET: engineering candidate only, not measured by ONIQ and not a production gate"
CHAR-ENG-0538,thigh,femur_angle_04,36.0,mm,CANDIDATE_TARGET,UNVALIDATED,False,Not measured/supported by latest report; candidate engineering reference only,"CANDIDATE_TARGET: engineering candidate only, not measured by ONIQ and not a production gate"
CHAR-ENG-0539,thigh,thigh_twist_04,44.5,mm,CANDIDATE_TARGET,UNVALIDATED,False,Not measured/supported by latest report; candidate engineering reference only,"CANDIDATE_TARGET: engineering candidate only, not measured by ONIQ and not a production gate"
CHAR-ENG-0540,thigh,stance_thigh_angle_04,53.0,mm,CANDIDATE_TARGET,UNVALIDATED,False,Not measured/supported by latest report; candidate engineering reference only,"CANDIDATE_TARGET: engineering candidate only, not measured by ONIQ and not a production gate"
CHAR-ENG-0541,thigh,femur_length_05,61.5,mm,CANDIDATE_TARGET,UNVALIDATED,False,Not measured/supported by latest report; candidate engineering reference only,"CANDIDATE_TARGET: engineering candidate only, not measured by ONIQ and not a production gate"
CHAR-ENG-0542,thigh,thigh_width_05,70.0,mm,CANDIDATE_TARGET,UNVALIDATED,False,Not measured/supported by latest report; candidate engineering reference only,"CANDIDATE_TARGET: engineering candidate only, not measured by ONIQ and not a production gate"
CHAR-ENG-0543,thigh,thigh_depth_05,78.5,mm,CANDIDATE_TARGET,UNVALIDATED,False,Not measured/supported by latest report; candidate engineering reference only,"CANDIDATE_TARGET: engineering candidate only, not measured by ONIQ and not a production gate"
CHAR-ENG-0544,thigh,knee_to_hip_05,87.0,mm,CANDIDATE_TARGET,UNVALIDATED,False,Not measured/supported by latest report; candidate engineering reference only,"CANDIDATE_TARGET: engineering candidate only, not measured by ONIQ and not a production gate"
CHAR-ENG-0545,thigh,quadriceps_circ_05,95.5,mm,CANDIDATE_TARGET,UNVALIDATED,False,Not measured/supported by latest report; candidate engineering reference only,"CANDIDATE_TARGET: engineering candidate only, not measured by ONIQ and not a production gate"
CHAR-ENG-0546,thigh,hamstring_circ_05,104.0,mm,CANDIDATE_TARGET,UNVALIDATED,False,Not measured/supported by latest report; candidate engineering reference only,"CANDIDATE_TARGET: engineering candidate only, not measured by ONIQ and not a production gate"
CHAR-ENG-0547,thigh,thigh_mass_ratio_05,22.0,mm,CANDIDATE_TARGET,UNVALIDATED,False,Not measured/supported by latest report; candidate engineering reference only,"CANDIDATE_TARGET: engineering candidate only, not measured by ONIQ and not a production gate"
CHAR-ENG-0548,thigh,femur_angle_05,30.5,mm,CANDIDATE_TARGET,UNVALIDATED,False,Not measured/supported by latest report; candidate engineering reference only,"CANDIDATE_TARGET: engineering candidate only, not measured by ONIQ and not a production gate"
CHAR-ENG-0549,thigh,thigh_twist_05,39.0,mm,CANDIDATE_TARGET,UNVALIDATED,False,Not measured/supported by latest report; candidate engineering reference only,"CANDIDATE_TARGET: engineering candidate only, not measured by ONIQ and not a production gate"
CHAR-ENG-0550,thigh,stance_thigh_angle_05,47.5,mm,CANDIDATE_TARGET,UNVALIDATED,False,Not measured/supported by latest report; candidate engineering reference only,"CANDIDATE_TARGET: engineering candidate only, not measured by ONIQ and not a production gate"
CHAR-ENG-0551,lower_leg,tibia_length_01,89.0,mm,CANDIDATE_TARGET,UNVALIDATED,False,Not measured/supported by latest report; candidate engineering reference only,"CANDIDATE_TARGET: engineering candidate only, not measured by ONIQ and not a production gate"
CHAR-ENG-0552,lower_leg,fibula_length_01,97.5,mm,CANDIDATE_TARGET,UNVALIDATED,False,Not measured/supported by latest report; candidate engineering reference only,"CANDIDATE_TARGET: engineering candidate only, not measured by ONIQ and not a production gate"
CHAR-ENG-0553,lower_leg,shin_width_01,106.0,mm,CANDIDATE_TARGET,UNVALIDATED,False,Not measured/supported by latest report; candidate engineering reference only,"CANDIDATE_TARGET: engineering candidate only, not measured by ONIQ and not a production gate"
CHAR-ENG-0554,lower_leg,shin_depth_01,24.0,mm,CANDIDATE_TARGET,UNVALIDATED,False,Not measured/supported by latest report; candidate engineering reference only,"CANDIDATE_TARGET: engineering candidate only, not measured by ONIQ and not a production gate"
CHAR-ENG-0555,lower_leg,calf_circumference_01,32.5,mm,CANDIDATE_TARGET,UNVALIDATED,False,Not measured/supported by latest report; candidate engineering reference only,"CANDIDATE_TARGET: engineering candidate only, not measured by ONIQ and not a production gate"
CHAR-ENG-0556,lower_leg,ankle_width_01,41.0,mm,CANDIDATE_TARGET,UNVALIDATED,False,Not measured/supported by latest report; candidate engineering reference only,"CANDIDATE_TARGET: engineering candidate only, not measured by ONIQ and not a production gate"
CHAR-ENG-0557,lower_leg,ankle_depth_01,49.5,mm,CANDIDATE_TARGET,UNVALIDATED,False,Not measured/supported by latest report; candidate engineering reference only,"CANDIDATE_TARGET: engineering candidate only, not measured by ONIQ and not a production gate"
CHAR-ENG-0558,lower_leg,lowerleg_mass_ratio_01,58.0,mm,CANDIDATE_TARGET,UNVALIDATED,False,Not measured/supported by latest report; candidate engineering reference only,"CANDIDATE_TARGET: engineering candidate only, not measured by ONIQ and not a production gate"
CHAR-ENG-0559,lower_leg,tibia_angle_01,66.5,mm,CANDIDATE_TARGET,UNVALIDATED,False,Not measured/supported by latest report; candidate engineering reference only,"CANDIDATE_TARGET: engineering candidate only, not measured by ONIQ and not a production gate"
CHAR-ENG-0560,lower_leg,shin_coverage_01,75.0,mm,CANDIDATE_TARGET,UNVALIDATED,False,Not measured/supported by latest report; candidate engineering reference only,"CANDIDATE_TARGET: engineering candidate only, not measured by ONIQ and not a production gate"
CHAR-ENG-0561,lower_leg,tibia_length_02,83.5,mm,CANDIDATE_TARGET,UNVALIDATED,False,Not measured/supported by latest report; candidate engineering reference only,"CANDIDATE_TARGET: engineering candidate only, not measured by ONIQ and not a production gate"
CHAR-ENG-0562,lower_leg,fibula_length_02,92.0,mm,CANDIDATE_TARGET,UNVALIDATED,False,Not measured/supported by latest report; candidate engineering reference only,"CANDIDATE_TARGET: engineering candidate only, not measured by ONIQ and not a production gate"
CHAR-ENG-0563,lower_leg,shin_width_02,100.5,mm,CANDIDATE_TARGET,UNVALIDATED,False,Not measured/supported by latest report; candidate engineering reference only,"CANDIDATE_TARGET: engineering candidate only, not measured by ONIQ and not a production gate"
CHAR-ENG-0564,lower_leg,shin_depth_02,109.0,mm,CANDIDATE_TARGET,UNVALIDATED,False,Not measured/supported by latest report; candidate engineering reference only,"CANDIDATE_TARGET: engineering candidate only, not measured by ONIQ and not a production gate"
CHAR-ENG-0565,lower_leg,calf_circumference_02,27.0,mm,CANDIDATE_TARGET,UNVALIDATED,False,Not measured/supported by latest report; candidate engineering reference only,"CANDIDATE_TARGET: engineering candidate only, not measured by ONIQ and not a production gate"
CHAR-ENG-0566,lower_leg,ankle_width_02,35.5,mm,CANDIDATE_TARGET,UNVALIDATED,False,Not measured/supported by latest report; candidate engineering reference only,"CANDIDATE_TARGET: engineering candidate only, not measured by ONIQ and not a production gate"
CHAR-ENG-0567,lower_leg,ankle_depth_02,44.0,mm,CANDIDATE_TARGET,UNVALIDATED,False,Not measured/supported by latest report; candidate engineering reference only,"CANDIDATE_TARGET: engineering candidate only, not measured by ONIQ and not a production gate"
CHAR-ENG-0568,lower_leg,lowerleg_mass_ratio_02,52.5,mm,CANDIDATE_TARGET,UNVALIDATED,False,Not measured/supported by latest report; candidate engineering reference only,"CANDIDATE_TARGET: engineering candidate only, not measured by ONIQ and not a production gate"
CHAR-ENG-0569,lower_leg,tibia_angle_02,61.0,mm,CANDIDATE_TARGET,UNVALIDATED,False,Not measured/supported by latest report; candidate engineering reference only,"CANDIDATE_TARGET: engineering candidate only, not measured by ONIQ and not a production gate"
CHAR-ENG-0570,lower_leg,shin_coverage_02,69.5,mm,CANDIDATE_TARGET,UNVALIDATED,False,Not measured/supported by latest report; candidate engineering reference only,"CANDIDATE_TARGET: engineering candidate only, not measured by ONIQ and not a production gate"
CHAR-ENG-0571,lower_leg,tibia_length_03,78.0,mm,CANDIDATE_TARGET,UNVALIDATED,False,Not measured/supported by latest report; candidate engineering reference only,"CANDIDATE_TARGET: engineering candidate only, not measured by ONIQ and not a production gate"
CHAR-ENG-0572,lower_leg,fibula_length_03,86.5,mm,CANDIDATE_TARGET,UNVALIDATED,False,Not measured/supported by latest report; candidate engineering reference only,"CANDIDATE_TARGET: engineering candidate only, not measured by ONIQ and not a production gate"
CHAR-ENG-0573,lower_leg,shin_width_03,95.0,mm,CANDIDATE_TARGET,UNVALIDATED,False,Not measured/supported by latest report; candidate engineering reference only,"CANDIDATE_TARGET: engineering candidate only, not measured by ONIQ and not a production gate"
CHAR-ENG-0574,lower_leg,shin_depth_03,103.5,mm,CANDIDATE_TARGET,UNVALIDATED,False,Not measured/supported by latest report; candidate engineering reference only,"CANDIDATE_TARGET: engineering candidate only, not measured by ONIQ and not a production gate"
CHAR-ENG-0575,lower_leg,calf_circumference_03,21.5,mm,CANDIDATE_TARGET,UNVALIDATED,False,Not measured/supported by latest report; candidate engineering reference only,"CANDIDATE_TARGET: engineering candidate only, not measured by ONIQ and not a production gate"
CHAR-ENG-0576,lower_leg,ankle_width_03,30.0,mm,CANDIDATE_TARGET,UNVALIDATED,False,Not measured/supported by latest report; candidate engineering reference only,"CANDIDATE_TARGET: engineering candidate only, not measured by ONIQ and not a production gate"
CHAR-ENG-0577,lower_leg,ankle_depth_03,38.5,mm,CANDIDATE_TARGET,UNVALIDATED,False,Not measured/supported by latest report; candidate engineering reference only,"CANDIDATE_TARGET: engineering candidate only, not measured by ONIQ and not a production gate"
CHAR-ENG-0578,lower_leg,lowerleg_mass_ratio_03,47.0,mm,CANDIDATE_TARGET,UNVALIDATED,False,Not measured/supported by latest report; candidate engineering reference only,"CANDIDATE_TARGET: engineering candidate only, not measured by ONIQ and not a production gate"
CHAR-ENG-0579,lower_leg,tibia_angle_03,55.5,mm,CANDIDATE_TARGET,UNVALIDATED,False,Not measured/supported by latest report; candidate engineering reference only,"CANDIDATE_TARGET: engineering candidate only, not measured by ONIQ and not a production gate"
CHAR-ENG-0580,lower_leg,shin_coverage_03,64.0,mm,CANDIDATE_TARGET,UNVALIDATED,False,Not measured/supported by latest report; candidate engineering reference only,"CANDIDATE_TARGET: engineering candidate only, not measured by ONIQ and not a production gate"
CHAR-ENG-0581,lower_leg,tibia_length_04,72.5,mm,CANDIDATE_TARGET,UNVALIDATED,False,Not measured/supported by latest report; candidate engineering reference only,"CANDIDATE_TARGET: engineering candidate only, not measured by ONIQ and not a production gate"
CHAR-ENG-0582,lower_leg,fibula_length_04,81.0,mm,CANDIDATE_TARGET,UNVALIDATED,False,Not measured/supported by latest report; candidate engineering reference only,"CANDIDATE_TARGET: engineering candidate only, not measured by ONIQ and not a production gate"
CHAR-ENG-0583,lower_leg,shin_width_04,89.5,mm,CANDIDATE_TARGET,UNVALIDATED,False,Not measured/supported by latest report; candidate engineering reference only,"CANDIDATE_TARGET: engineering candidate only, not measured by ONIQ and not a production gate"
CHAR-ENG-0584,lower_leg,shin_depth_04,98.0,mm,CANDIDATE_TARGET,UNVALIDATED,False,Not measured/supported by latest report; candidate engineering reference only,"CANDIDATE_TARGET: engineering candidate only, not measured by ONIQ and not a production gate"
CHAR-ENG-0585,lower_leg,calf_circumference_04,106.5,mm,CANDIDATE_TARGET,UNVALIDATED,False,Not measured/supported by latest report; candidate engineering reference only,"CANDIDATE_TARGET: engineering candidate only, not measured by ONIQ and not a production gate"
CHAR-ENG-0586,lower_leg,ankle_width_04,24.5,mm,CANDIDATE_TARGET,UNVALIDATED,False,Not measured/supported by latest report; candidate engineering reference only,"CANDIDATE_TARGET: engineering candidate only, not measured by ONIQ and not a production gate"
CHAR-ENG-0587,lower_leg,ankle_depth_04,33.0,mm,CANDIDATE_TARGET,UNVALIDATED,False,Not measured/supported by latest report; candidate engineering reference only,"CANDIDATE_TARGET: engineering candidate only, not measured by ONIQ and not a production gate"
CHAR-ENG-0588,lower_leg,lowerleg_mass_ratio_04,41.5,mm,CANDIDATE_TARGET,UNVALIDATED,False,Not measured/supported by latest report; candidate engineering reference only,"CANDIDATE_TARGET: engineering candidate only, not measured by ONIQ and not a production gate"
CHAR-ENG-0589,lower_leg,tibia_angle_04,50.0,mm,CANDIDATE_TARGET,UNVALIDATED,False,Not measured/supported by latest report; candidate engineering reference only,"CANDIDATE_TARGET: engineering candidate only, not measured by ONIQ and not a production gate"
CHAR-ENG-0590,lower_leg,shin_coverage_04,58.5,mm,CANDIDATE_TARGET,UNVALIDATED,False,Not measured/supported by latest report; candidate engineering reference only,"CANDIDATE_TARGET: engineering candidate only, not measured by ONIQ and not a production gate"
CHAR-ENG-0591,lower_leg,tibia_length_05,67.0,mm,CANDIDATE_TARGET,UNVALIDATED,False,Not measured/supported by latest report; candidate engineering reference only,"CANDIDATE_TARGET: engineering candidate only, not measured by ONIQ and not a production gate"
CHAR-ENG-0592,lower_leg,fibula_length_05,75.5,mm,CANDIDATE_TARGET,UNVALIDATED,False,Not measured/supported by latest report; candidate engineering reference only,"CANDIDATE_TARGET: engineering candidate only, not measured by ONIQ and not a production gate"
CHAR-ENG-0593,lower_leg,shin_width_05,84.0,mm,CANDIDATE_TARGET,UNVALIDATED,False,Not measured/supported by latest report; candidate engineering reference only,"CANDIDATE_TARGET: engineering candidate only, not measured by ONIQ and not a production gate"
CHAR-ENG-0594,lower_leg,shin_depth_05,92.5,mm,CANDIDATE_TARGET,UNVALIDATED,False,Not measured/supported by latest report; candidate engineering reference only,"CANDIDATE_TARGET: engineering candidate only, not measured by ONIQ and not a production gate"
CHAR-ENG-0595,lower_leg,calf_circumference_05,101.0,mm,CANDIDATE_TARGET,UNVALIDATED,False,Not measured/supported by latest report; candidate engineering reference only,"CANDIDATE_TARGET: engineering candidate only, not measured by ONIQ and not a production gate"
CHAR-ENG-0596,lower_leg,ankle_width_05,109.5,mm,CANDIDATE_TARGET,UNVALIDATED,False,Not measured/supported by latest report; candidate engineering reference only,"CANDIDATE_TARGET: engineering candidate only, not measured by ONIQ and not a production gate"
CHAR-ENG-0597,lower_leg,ankle_depth_05,27.5,mm,CANDIDATE_TARGET,UNVALIDATED,False,Not measured/supported by latest report; candidate engineering reference only,"CANDIDATE_TARGET: engineering candidate only, not measured by ONIQ and not a production gate"
CHAR-ENG-0598,lower_leg,lowerleg_mass_ratio_05,36.0,mm,CANDIDATE_TARGET,UNVALIDATED,False,Not measured/supported by latest report; candidate engineering reference only,"CANDIDATE_TARGET: engineering candidate only, not measured by ONIQ and not a production gate"
CHAR-ENG-0599,lower_leg,tibia_angle_05,44.5,mm,CANDIDATE_TARGET,UNVALIDATED,False,Not measured/supported by latest report; candidate engineering reference only,"CANDIDATE_TARGET: engineering candidate only, not measured by ONIQ and not a production gate"
CHAR-ENG-0600,lower_leg,shin_coverage_05,53.0,mm,CANDIDATE_TARGET,UNVALIDATED,False,Not measured/supported by latest report; candidate engineering reference only,"CANDIDATE_TARGET: engineering candidate only, not measured by ONIQ and not a production gate"
CHAR-ENG-0601,foot,foot_length_01,94.5,mm,CANDIDATE_TARGET,UNVALIDATED,False,Not measured/supported by latest report; candidate engineering reference only,"CANDIDATE_TARGET: engineering candidate only, not measured by ONIQ and not a production gate"
CHAR-ENG-0602,foot,foot_width_01,103.0,mm,CANDIDATE_TARGET,UNVALIDATED,False,Not measured/supported by latest report; candidate engineering reference only,"CANDIDATE_TARGET: engineering candidate only, not measured by ONIQ and not a production gate"
CHAR-ENG-0603,foot,heel_width_01,21.0,mm,CANDIDATE_TARGET,UNVALIDATED,False,Not measured/supported by latest report; candidate engineering reference only,"CANDIDATE_TARGET: engineering candidate only, not measured by ONIQ and not a production gate"
CHAR-ENG-0604,foot,toe_box_width_01,29.5,mm,CANDIDATE_TARGET,UNVALIDATED,False,Not measured/supported by latest report; candidate engineering reference only,"CANDIDATE_TARGET: engineering candidate only, not measured by ONIQ and not a production gate"
CHAR-ENG-0605,foot,arch_height_01,38.0,mm,CANDIDATE_TARGET,UNVALIDATED,False,Not measured/supported by latest report; candidate engineering reference only,"CANDIDATE_TARGET: engineering candidate only, not measured by ONIQ and not a production gate"
CHAR-ENG-0606,foot,ankle_to_floor_01,46.5,mm,CANDIDATE_TARGET,UNVALIDATED,False,Not measured/supported by latest report; candidate engineering reference only,"CANDIDATE_TARGET: engineering candidate only, not measured by ONIQ and not a production gate"
CHAR-ENG-0607,foot,heel_height_01,55.0,mm,CANDIDATE_TARGET,UNVALIDATED,False,Not measured/supported by latest report; candidate engineering reference only,"CANDIDATE_TARGET: engineering candidate only, not measured by ONIQ and not a production gate"
CHAR-ENG-0608,foot,toe_length_01,63.5,mm,CANDIDATE_TARGET,UNVALIDATED,False,Not measured/supported by latest report; candidate engineering reference only,"CANDIDATE_TARGET: engineering candidate only, not measured by ONIQ and not a production gate"
CHAR-ENG-0609,foot,foot_angle_rest_01,72.0,mm,CANDIDATE_TARGET,UNVALIDATED,False,Not measured/supported by latest report; candidate engineering reference only,"CANDIDATE_TARGET: engineering candidate only, not measured by ONIQ and not a production gate"
CHAR-ENG-0610,foot,foot_angle_walk_01,80.5,mm,CANDIDATE_TARGET,UNVALIDATED,False,Not measured/supported by latest report; candidate engineering reference only,"CANDIDATE_TARGET: engineering candidate only, not measured by ONIQ and not a production gate"
CHAR-ENG-0611,foot,foot_length_02,89.0,mm,CANDIDATE_TARGET,UNVALIDATED,False,Not measured/supported by latest report; candidate engineering reference only,"CANDIDATE_TARGET: engineering candidate only, not measured by ONIQ and not a production gate"
CHAR-ENG-0612,foot,foot_width_02,97.5,mm,CANDIDATE_TARGET,UNVALIDATED,False,Not measured/supported by latest report; candidate engineering reference only,"CANDIDATE_TARGET: engineering candidate only, not measured by ONIQ and not a production gate"
CHAR-ENG-0613,foot,heel_width_02,106.0,mm,CANDIDATE_TARGET,UNVALIDATED,False,Not measured/supported by latest report; candidate engineering reference only,"CANDIDATE_TARGET: engineering candidate only, not measured by ONIQ and not a production gate"
CHAR-ENG-0614,foot,toe_box_width_02,24.0,mm,CANDIDATE_TARGET,UNVALIDATED,False,Not measured/supported by latest report; candidate engineering reference only,"CANDIDATE_TARGET: engineering candidate only, not measured by ONIQ and not a production gate"
CHAR-ENG-0615,foot,arch_height_02,32.5,mm,CANDIDATE_TARGET,UNVALIDATED,False,Not measured/supported by latest report; candidate engineering reference only,"CANDIDATE_TARGET: engineering candidate only, not measured by ONIQ and not a production gate"
CHAR-ENG-0616,foot,ankle_to_floor_02,41.0,mm,CANDIDATE_TARGET,UNVALIDATED,False,Not measured/supported by latest report; candidate engineering reference only,"CANDIDATE_TARGET: engineering candidate only, not measured by ONIQ and not a production gate"
CHAR-ENG-0617,foot,heel_height_02,49.5,mm,CANDIDATE_TARGET,UNVALIDATED,False,Not measured/supported by latest report; candidate engineering reference only,"CANDIDATE_TARGET: engineering candidate only, not measured by ONIQ and not a production gate"
CHAR-ENG-0618,foot,toe_length_02,58.0,mm,CANDIDATE_TARGET,UNVALIDATED,False,Not measured/supported by latest report; candidate engineering reference only,"CANDIDATE_TARGET: engineering candidate only, not measured by ONIQ and not a production gate"
CHAR-ENG-0619,foot,foot_angle_rest_02,66.5,mm,CANDIDATE_TARGET,UNVALIDATED,False,Not measured/supported by latest report; candidate engineering reference only,"CANDIDATE_TARGET: engineering candidate only, not measured by ONIQ and not a production gate"
CHAR-ENG-0620,foot,foot_angle_walk_02,75.0,mm,CANDIDATE_TARGET,UNVALIDATED,False,Not measured/supported by latest report; candidate engineering reference only,"CANDIDATE_TARGET: engineering candidate only, not measured by ONIQ and not a production gate"
CHAR-ENG-0621,foot,foot_length_03,83.5,mm,CANDIDATE_TARGET,UNVALIDATED,False,Not measured/supported by latest report; candidate engineering reference only,"CANDIDATE_TARGET: engineering candidate only, not measured by ONIQ and not a production gate"
CHAR-ENG-0622,foot,foot_width_03,92.0,mm,CANDIDATE_TARGET,UNVALIDATED,False,Not measured/supported by latest report; candidate engineering reference only,"CANDIDATE_TARGET: engineering candidate only, not measured by ONIQ and not a production gate"
CHAR-ENG-0623,foot,heel_width_03,100.5,mm,CANDIDATE_TARGET,UNVALIDATED,False,Not measured/supported by latest report; candidate engineering reference only,"CANDIDATE_TARGET: engineering candidate only, not measured by ONIQ and not a production gate"
CHAR-ENG-0624,foot,toe_box_width_03,109.0,mm,CANDIDATE_TARGET,UNVALIDATED,False,Not measured/supported by latest report; candidate engineering reference only,"CANDIDATE_TARGET: engineering candidate only, not measured by ONIQ and not a production gate"
CHAR-ENG-0625,foot,arch_height_03,27.0,mm,CANDIDATE_TARGET,UNVALIDATED,False,Not measured/supported by latest report; candidate engineering reference only,"CANDIDATE_TARGET: engineering candidate only, not measured by ONIQ and not a production gate"
CHAR-ENG-0626,foot,ankle_to_floor_03,35.5,mm,CANDIDATE_TARGET,UNVALIDATED,False,Not measured/supported by latest report; candidate engineering reference only,"CANDIDATE_TARGET: engineering candidate only, not measured by ONIQ and not a production gate"
CHAR-ENG-0627,foot,heel_height_03,44.0,mm,CANDIDATE_TARGET,UNVALIDATED,False,Not measured/supported by latest report; candidate engineering reference only,"CANDIDATE_TARGET: engineering candidate only, not measured by ONIQ and not a production gate"
CHAR-ENG-0628,foot,toe_length_03,52.5,mm,CANDIDATE_TARGET,UNVALIDATED,False,Not measured/supported by latest report; candidate engineering reference only,"CANDIDATE_TARGET: engineering candidate only, not measured by ONIQ and not a production gate"
CHAR-ENG-0629,foot,foot_angle_rest_03,61.0,mm,CANDIDATE_TARGET,UNVALIDATED,False,Not measured/supported by latest report; candidate engineering reference only,"CANDIDATE_TARGET: engineering candidate only, not measured by ONIQ and not a production gate"
CHAR-ENG-0630,foot,foot_angle_walk_03,69.5,mm,CANDIDATE_TARGET,UNVALIDATED,False,Not measured/supported by latest report; candidate engineering reference only,"CANDIDATE_TARGET: engineering candidate only, not measured by ONIQ and not a production gate"
CHAR-ENG-0631,foot,foot_length_04,78.0,mm,CANDIDATE_TARGET,UNVALIDATED,False,Not measured/supported by latest report; candidate engineering reference only,"CANDIDATE_TARGET: engineering candidate only, not measured by ONIQ and not a production gate"
CHAR-ENG-0632,foot,foot_width_04,86.5,mm,CANDIDATE_TARGET,UNVALIDATED,False,Not measured/supported by latest report; candidate engineering reference only,"CANDIDATE_TARGET: engineering candidate only, not measured by ONIQ and not a production gate"
CHAR-ENG-0633,foot,heel_width_04,95.0,mm,CANDIDATE_TARGET,UNVALIDATED,False,Not measured/supported by latest report; candidate engineering reference only,"CANDIDATE_TARGET: engineering candidate only, not measured by ONIQ and not a production gate"
CHAR-ENG-0634,foot,toe_box_width_04,103.5,mm,CANDIDATE_TARGET,UNVALIDATED,False,Not measured/supported by latest report; candidate engineering reference only,"CANDIDATE_TARGET: engineering candidate only, not measured by ONIQ and not a production gate"
CHAR-ENG-0635,foot,arch_height_04,21.5,mm,CANDIDATE_TARGET,UNVALIDATED,False,Not measured/supported by latest report; candidate engineering reference only,"CANDIDATE_TARGET: engineering candidate only, not measured by ONIQ and not a production gate"
CHAR-ENG-0636,foot,ankle_to_floor_04,30.0,mm,CANDIDATE_TARGET,UNVALIDATED,False,Not measured/supported by latest report; candidate engineering reference only,"CANDIDATE_TARGET: engineering candidate only, not measured by ONIQ and not a production gate"
CHAR-ENG-0637,foot,heel_height_04,38.5,mm,CANDIDATE_TARGET,UNVALIDATED,False,Not measured/supported by latest report; candidate engineering reference only,"CANDIDATE_TARGET: engineering candidate only, not measured by ONIQ and not a production gate"
CHAR-ENG-0638,foot,toe_length_04,47.0,mm,CANDIDATE_TARGET,UNVALIDATED,False,Not measured/supported by latest report; candidate engineering reference only,"CANDIDATE_TARGET: engineering candidate only, not measured by ONIQ and not a production gate"
CHAR-ENG-0639,foot,foot_angle_rest_04,55.5,mm,CANDIDATE_TARGET,UNVALIDATED,False,Not measured/supported by latest report; candidate engineering reference only,"CANDIDATE_TARGET: engineering candidate only, not measured by ONIQ and not a production gate"
CHAR-ENG-0640,foot,foot_angle_walk_04,64.0,mm,CANDIDATE_TARGET,UNVALIDATED,False,Not measured/supported by latest report; candidate engineering reference only,"CANDIDATE_TARGET: engineering candidate only, not measured by ONIQ and not a production gate"
CHAR-ENG-0641,foot,foot_length_05,72.5,mm,CANDIDATE_TARGET,UNVALIDATED,False,Not measured/supported by latest report; candidate engineering reference only,"CANDIDATE_TARGET: engineering candidate only, not measured by ONIQ and not a production gate"
CHAR-ENG-0642,foot,foot_width_05,81.0,mm,CANDIDATE_TARGET,UNVALIDATED,False,Not measured/supported by latest report; candidate engineering reference only,"CANDIDATE_TARGET: engineering candidate only, not measured by ONIQ and not a production gate"
CHAR-ENG-0643,foot,heel_width_05,89.5,mm,CANDIDATE_TARGET,UNVALIDATED,False,Not measured/supported by latest report; candidate engineering reference only,"CANDIDATE_TARGET: engineering candidate only, not measured by ONIQ and not a production gate"
CHAR-ENG-0644,foot,toe_box_width_05,98.0,mm,CANDIDATE_TARGET,UNVALIDATED,False,Not measured/supported by latest report; candidate engineering reference only,"CANDIDATE_TARGET: engineering candidate only, not measured by ONIQ and not a production gate"
CHAR-ENG-0645,foot,arch_height_05,106.5,mm,CANDIDATE_TARGET,UNVALIDATED,False,Not measured/supported by latest report; candidate engineering reference only,"CANDIDATE_TARGET: engineering candidate only, not measured by ONIQ and not a production gate"
CHAR-ENG-0646,foot,ankle_to_floor_05,24.5,mm,CANDIDATE_TARGET,UNVALIDATED,False,Not measured/supported by latest report; candidate engineering reference only,"CANDIDATE_TARGET: engineering candidate only, not measured by ONIQ and not a production gate"
CHAR-ENG-0647,foot,heel_height_05,33.0,mm,CANDIDATE_TARGET,UNVALIDATED,False,Not measured/supported by latest report; candidate engineering reference only,"CANDIDATE_TARGET: engineering candidate only, not measured by ONIQ and not a production gate"
CHAR-ENG-0648,foot,toe_length_05,41.5,mm,CANDIDATE_TARGET,UNVALIDATED,False,Not measured/supported by latest report; candidate engineering reference only,"CANDIDATE_TARGET: engineering candidate only, not measured by ONIQ and not a production gate"
CHAR-ENG-0649,foot,foot_angle_rest_05,50.0,mm,CANDIDATE_TARGET,UNVALIDATED,False,Not measured/supported by latest report; candidate engineering reference only,"CANDIDATE_TARGET: engineering candidate only, not measured by ONIQ and not a production gate"
CHAR-ENG-0650,foot,foot_angle_walk_05,58.5,mm,CANDIDATE_TARGET,UNVALIDATED,False,Not measured/supported by latest report; candidate engineering reference only,"CANDIDATE_TARGET: engineering candidate only, not measured by ONIQ and not a production gate"
CHAR-ENG-0651,joints,hip_flex_01,-8,deg,CANDIDATE_TARGET,UNVALIDATED,False,Not measured/supported by latest report; candidate engineering reference only,"CANDIDATE_TARGET: engineering candidate only, not measured by ONIQ and not a production gate"
CHAR-ENG-0652,joints,hip_ext_01,11,deg,CANDIDATE_TARGET,UNVALIDATED,False,Not measured/supported by latest report; candidate engineering reference only,"CANDIDATE_TARGET: engineering candidate only, not measured by ONIQ and not a production gate"
CHAR-ENG-0653,joints,hip_abduct_01,30,deg,CANDIDATE_TARGET,UNVALIDATED,False,Not measured/supported by latest report; candidate engineering reference only,"CANDIDATE_TARGET: engineering candidate only, not measured by ONIQ and not a production gate"
CHAR-ENG-0654,joints,hip_adduct_01,49,deg,CANDIDATE_TARGET,UNVALIDATED,False,Not measured/supported by latest report; candidate engineering reference only,"CANDIDATE_TARGET: engineering candidate only, not measured by ONIQ and not a production gate"
CHAR-ENG-0655,joints,knee_flex_01,68,deg,CANDIDATE_TARGET,UNVALIDATED,False,Not measured/supported by latest report; candidate engineering reference only,"CANDIDATE_TARGET: engineering candidate only, not measured by ONIQ and not a production gate"
CHAR-ENG-0656,joints,knee_ext_01,87,deg,CANDIDATE_TARGET,UNVALIDATED,False,Not measured/supported by latest report; candidate engineering reference only,"CANDIDATE_TARGET: engineering candidate only, not measured by ONIQ and not a production gate"
CHAR-ENG-0657,joints,ankle_dorsi_01,106,deg,CANDIDATE_TARGET,UNVALIDATED,False,Not measured/supported by latest report; candidate engineering reference only,"CANDIDATE_TARGET: engineering candidate only, not measured by ONIQ and not a production gate"
CHAR-ENG-0658,joints,ankle_plantar_01,125,deg,CANDIDATE_TARGET,UNVALIDATED,False,Not measured/supported by latest report; candidate engineering reference only,"CANDIDATE_TARGET: engineering candidate only, not measured by ONIQ and not a production gate"
CHAR-ENG-0659,joints,shoulder_flex_01,144,deg,CANDIDATE_TARGET,UNVALIDATED,False,Not measured/supported by latest report; candidate engineering reference only,"CANDIDATE_TARGET: engineering candidate only, not measured by ONIQ and not a production gate"
CHAR-ENG-0660,joints,elbow_flex_01,163,deg,CANDIDATE_TARGET,UNVALIDATED,False,Not measured/supported by latest report; candidate engineering reference only,"CANDIDATE_TARGET: engineering candidate only, not measured by ONIQ and not a production gate"
CHAR-ENG-0661,joints,hip_flex_02,1,deg,CANDIDATE_TARGET,UNVALIDATED,False,Not measured/supported by latest report; candidate engineering reference only,"CANDIDATE_TARGET: engineering candidate only, not measured by ONIQ and not a production gate"
CHAR-ENG-0662,joints,hip_ext_02,20,deg,CANDIDATE_TARGET,UNVALIDATED,False,Not measured/supported by latest report; candidate engineering reference only,"CANDIDATE_TARGET: engineering candidate only, not measured by ONIQ and not a production gate"
CHAR-ENG-0663,joints,hip_abduct_02,39,deg,CANDIDATE_TARGET,UNVALIDATED,False,Not measured/supported by latest report; candidate engineering reference only,"CANDIDATE_TARGET: engineering candidate only, not measured by ONIQ and not a production gate"
CHAR-ENG-0664,joints,hip_adduct_02,58,deg,CANDIDATE_TARGET,UNVALIDATED,False,Not measured/supported by latest report; candidate engineering reference only,"CANDIDATE_TARGET: engineering candidate only, not measured by ONIQ and not a production gate"
CHAR-ENG-0665,joints,knee_flex_02,77,deg,CANDIDATE_TARGET,UNVALIDATED,False,Not measured/supported by latest report; candidate engineering reference only,"CANDIDATE_TARGET: engineering candidate only, not measured by ONIQ and not a production gate"
CHAR-ENG-0666,joints,knee_ext_02,96,deg,CANDIDATE_TARGET,UNVALIDATED,False,Not measured/supported by latest report; candidate engineering reference only,"CANDIDATE_TARGET: engineering candidate only, not measured by ONIQ and not a production gate"
CHAR-ENG-0667,joints,ankle_dorsi_02,115,deg,CANDIDATE_TARGET,UNVALIDATED,False,Not measured/supported by latest report; candidate engineering reference only,"CANDIDATE_TARGET: engineering candidate only, not measured by ONIQ and not a production gate"
CHAR-ENG-0668,joints,ankle_plantar_02,134,deg,CANDIDATE_TARGET,UNVALIDATED,False,Not measured/supported by latest report; candidate engineering reference only,"CANDIDATE_TARGET: engineering candidate only, not measured by ONIQ and not a production gate"
CHAR-ENG-0669,joints,shoulder_flex_02,153,deg,CANDIDATE_TARGET,UNVALIDATED,False,Not measured/supported by latest report; candidate engineering reference only,"CANDIDATE_TARGET: engineering candidate only, not measured by ONIQ and not a production gate"
CHAR-ENG-0670,joints,elbow_flex_02,-9,deg,CANDIDATE_TARGET,UNVALIDATED,False,Not measured/supported by latest report; candidate engineering reference only,"CANDIDATE_TARGET: engineering candidate only, not measured by ONIQ and not a production gate"
CHAR-ENG-0671,joints,hip_flex_03,10,deg,CANDIDATE_TARGET,UNVALIDATED,False,Not measured/supported by latest report; candidate engineering reference only,"CANDIDATE_TARGET: engineering candidate only, not measured by ONIQ and not a production gate"
CHAR-ENG-0672,joints,hip_ext_03,29,deg,CANDIDATE_TARGET,UNVALIDATED,False,Not measured/supported by latest report; candidate engineering reference only,"CANDIDATE_TARGET: engineering candidate only, not measured by ONIQ and not a production gate"
CHAR-ENG-0673,joints,hip_abduct_03,48,deg,CANDIDATE_TARGET,UNVALIDATED,False,Not measured/supported by latest report; candidate engineering reference only,"CANDIDATE_TARGET: engineering candidate only, not measured by ONIQ and not a production gate"
CHAR-ENG-0674,joints,hip_adduct_03,67,deg,CANDIDATE_TARGET,UNVALIDATED,False,Not measured/supported by latest report; candidate engineering reference only,"CANDIDATE_TARGET: engineering candidate only, not measured by ONIQ and not a production gate"
CHAR-ENG-0675,joints,knee_flex_03,86,deg,CANDIDATE_TARGET,UNVALIDATED,False,Not measured/supported by latest report; candidate engineering reference only,"CANDIDATE_TARGET: engineering candidate only, not measured by ONIQ and not a production gate"
CHAR-ENG-0676,joints,knee_ext_03,105,deg,CANDIDATE_TARGET,UNVALIDATED,False,Not measured/supported by latest report; candidate engineering reference only,"CANDIDATE_TARGET: engineering candidate only, not measured by ONIQ and not a production gate"
CHAR-ENG-0677,joints,ankle_dorsi_03,124,deg,CANDIDATE_TARGET,UNVALIDATED,False,Not measured/supported by latest report; candidate engineering reference only,"CANDIDATE_TARGET: engineering candidate only, not measured by ONIQ and not a production gate"
CHAR-ENG-0678,joints,ankle_plantar_03,143,deg,CANDIDATE_TARGET,UNVALIDATED,False,Not measured/supported by latest report; candidate engineering reference only,"CANDIDATE_TARGET: engineering candidate only, not measured by ONIQ and not a production gate"
CHAR-ENG-0679,joints,shoulder_flex_03,162,deg,CANDIDATE_TARGET,UNVALIDATED,False,Not measured/supported by latest report; candidate engineering reference only,"CANDIDATE_TARGET: engineering candidate only, not measured by ONIQ and not a production gate"
CHAR-ENG-0680,joints,elbow_flex_03,0,deg,CANDIDATE_TARGET,UNVALIDATED,False,Not measured/supported by latest report; candidate engineering reference only,"CANDIDATE_TARGET: engineering candidate only, not measured by ONIQ and not a production gate"
CHAR-ENG-0681,joints,hip_flex_04,19,deg,CANDIDATE_TARGET,UNVALIDATED,False,Not measured/supported by latest report; candidate engineering reference only,"CANDIDATE_TARGET: engineering candidate only, not measured by ONIQ and not a production gate"
CHAR-ENG-0682,joints,hip_ext_04,38,deg,CANDIDATE_TARGET,UNVALIDATED,False,Not measured/supported by latest report; candidate engineering reference only,"CANDIDATE_TARGET: engineering candidate only, not measured by ONIQ and not a production gate"
CHAR-ENG-0683,joints,hip_abduct_04,57,deg,CANDIDATE_TARGET,UNVALIDATED,False,Not measured/supported by latest report; candidate engineering reference only,"CANDIDATE_TARGET: engineering candidate only, not measured by ONIQ and not a production gate"
CHAR-ENG-0684,joints,hip_adduct_04,76,deg,CANDIDATE_TARGET,UNVALIDATED,False,Not measured/supported by latest report; candidate engineering reference only,"CANDIDATE_TARGET: engineering candidate only, not measured by ONIQ and not a production gate"
CHAR-ENG-0685,joints,knee_flex_04,95,deg,CANDIDATE_TARGET,UNVALIDATED,False,Not measured/supported by latest report; candidate engineering reference only,"CANDIDATE_TARGET: engineering candidate only, not measured by ONIQ and not a production gate"
CHAR-ENG-0686,joints,knee_ext_04,114,deg,CANDIDATE_TARGET,UNVALIDATED,False,Not measured/supported by latest report; candidate engineering reference only,"CANDIDATE_TARGET: engineering candidate only, not measured by ONIQ and not a production gate"
CHAR-ENG-0687,joints,ankle_dorsi_04,133,deg,CANDIDATE_TARGET,UNVALIDATED,False,Not measured/supported by latest report; candidate engineering reference only,"CANDIDATE_TARGET: engineering candidate only, not measured by ONIQ and not a production gate"
CHAR-ENG-0688,joints,ankle_plantar_04,152,deg,CANDIDATE_TARGET,UNVALIDATED,False,Not measured/supported by latest report; candidate engineering reference only,"CANDIDATE_TARGET: engineering candidate only, not measured by ONIQ and not a production gate"
CHAR-ENG-0689,joints,shoulder_flex_04,-10,deg,CANDIDATE_TARGET,UNVALIDATED,False,Not measured/supported by latest report; candidate engineering reference only,"CANDIDATE_TARGET: engineering candidate only, not measured by ONIQ and not a production gate"
CHAR-ENG-0690,joints,elbow_flex_04,9,deg,CANDIDATE_TARGET,UNVALIDATED,False,Not measured/supported by latest report; candidate engineering reference only,"CANDIDATE_TARGET: engineering candidate only, not measured by ONIQ and not a production gate"
CHAR-ENG-0691,joints,hip_flex_05,28,deg,CANDIDATE_TARGET,UNVALIDATED,False,Not measured/supported by latest report; candidate engineering reference only,"CANDIDATE_TARGET: engineering candidate only, not measured by ONIQ and not a production gate"
CHAR-ENG-0692,joints,hip_ext_05,47,deg,CANDIDATE_TARGET,UNVALIDATED,False,Not measured/supported by latest report; candidate engineering reference only,"CANDIDATE_TARGET: engineering candidate only, not measured by ONIQ and not a production gate"
CHAR-ENG-0693,joints,hip_abduct_05,66,deg,CANDIDATE_TARGET,UNVALIDATED,False,Not measured/supported by latest report; candidate engineering reference only,"CANDIDATE_TARGET: engineering candidate only, not measured by ONIQ and not a production gate"
CHAR-ENG-0694,joints,hip_adduct_05,85,deg,CANDIDATE_TARGET,UNVALIDATED,False,Not measured/supported by latest report; candidate engineering reference only,"CANDIDATE_TARGET: engineering candidate only, not measured by ONIQ and not a production gate"
CHAR-ENG-0695,joints,knee_flex_05,104,deg,CANDIDATE_TARGET,UNVALIDATED,False,Not measured/supported by latest report; candidate engineering reference only,"CANDIDATE_TARGET: engineering candidate only, not measured by ONIQ and not a production gate"
CHAR-ENG-0696,joints,knee_ext_05,123,deg,CANDIDATE_TARGET,UNVALIDATED,False,Not measured/supported by latest report; candidate engineering reference only,"CANDIDATE_TARGET: engineering candidate only, not measured by ONIQ and not a production gate"
CHAR-ENG-0697,joints,ankle_dorsi_05,142,deg,CANDIDATE_TARGET,UNVALIDATED,False,Not measured/supported by latest report; candidate engineering reference only,"CANDIDATE_TARGET: engineering candidate only, not measured by ONIQ and not a production gate"
CHAR-ENG-0698,joints,ankle_plantar_05,161,deg,CANDIDATE_TARGET,UNVALIDATED,False,Not measured/supported by latest report; candidate engineering reference only,"CANDIDATE_TARGET: engineering candidate only, not measured by ONIQ and not a production gate"
CHAR-ENG-0699,joints,shoulder_flex_05,-1,deg,CANDIDATE_TARGET,UNVALIDATED,False,Not measured/supported by latest report; candidate engineering reference only,"CANDIDATE_TARGET: engineering candidate only, not measured by ONIQ and not a production gate"
CHAR-ENG-0700,joints,elbow_flex_05,18,deg,CANDIDATE_TARGET,UNVALIDATED,False,Not measured/supported by latest report; candidate engineering reference only,"CANDIDATE_TARGET: engineering candidate only, not measured by ONIQ and not a production gate"
CHAR-ENG-0701,spine_posture,pelvis_tilt_01,5,deg,CANDIDATE_TARGET,UNVALIDATED,False,Not measured/supported by latest report; candidate engineering reference only,"CANDIDATE_TARGET: engineering candidate only, not measured by ONIQ and not a production gate"
CHAR-ENG-0702,spine_posture,lumbar_curve_01,24,deg,CANDIDATE_TARGET,UNVALIDATED,False,Not measured/supported by latest report; candidate engineering reference only,"CANDIDATE_TARGET: engineering candidate only, not measured by ONIQ and not a production gate"
CHAR-ENG-0703,spine_posture,thoracic_curve_01,43,deg,CANDIDATE_TARGET,UNVALIDATED,False,Not measured/supported by latest report; candidate engineering reference only,"CANDIDATE_TARGET: engineering candidate only, not measured by ONIQ and not a production gate"
CHAR-ENG-0704,spine_posture,cervical_curve_01,62,deg,CANDIDATE_TARGET,UNVALIDATED,False,Not measured/supported by latest report; candidate engineering reference only,"CANDIDATE_TARGET: engineering candidate only, not measured by ONIQ and not a production gate"
CHAR-ENG-0705,spine_posture,head_pitch_01,81,deg,CANDIDATE_TARGET,UNVALIDATED,False,Not measured/supported by latest report; candidate engineering reference only,"CANDIDATE_TARGET: engineering candidate only, not measured by ONIQ and not a production gate"
CHAR-ENG-0706,spine_posture,head_yaw_01,100,deg,CANDIDATE_TARGET,UNVALIDATED,False,Not measured/supported by latest report; candidate engineering reference only,"CANDIDATE_TARGET: engineering candidate only, not measured by ONIQ and not a production gate"
CHAR-ENG-0707,spine_posture,head_roll_01,119,deg,CANDIDATE_TARGET,UNVALIDATED,False,Not measured/supported by latest report; candidate engineering reference only,"CANDIDATE_TARGET: engineering candidate only, not measured by ONIQ and not a production gate"
CHAR-ENG-0708,spine_posture,trunk_pitch_01,138,deg,CANDIDATE_TARGET,UNVALIDATED,False,Not measured/supported by latest report; candidate engineering reference only,"CANDIDATE_TARGET: engineering candidate only, not measured by ONIQ and not a production gate"
CHAR-ENG-0709,spine_posture,trunk_yaw_01,157,deg,CANDIDATE_TARGET,UNVALIDATED,False,Not measured/supported by latest report; candidate engineering reference only,"CANDIDATE_TARGET: engineering candidate only, not measured by ONIQ and not a production gate"
CHAR-ENG-0710,spine_posture,trunk_roll_01,-5,deg,CANDIDATE_TARGET,UNVALIDATED,False,Not measured/supported by latest report; candidate engineering reference only,"CANDIDATE_TARGET: engineering candidate only, not measured by ONIQ and not a production gate"
CHAR-ENG-0711,spine_posture,pelvis_tilt_02,14,deg,CANDIDATE_TARGET,UNVALIDATED,False,Not measured/supported by latest report; candidate engineering reference only,"CANDIDATE_TARGET: engineering candidate only, not measured by ONIQ and not a production gate"
CHAR-ENG-0712,spine_posture,lumbar_curve_02,33,deg,CANDIDATE_TARGET,UNVALIDATED,False,Not measured/supported by latest report; candidate engineering reference only,"CANDIDATE_TARGET: engineering candidate only, not measured by ONIQ and not a production gate"
CHAR-ENG-0713,spine_posture,thoracic_curve_02,52,deg,CANDIDATE_TARGET,UNVALIDATED,False,Not measured/supported by latest report; candidate engineering reference only,"CANDIDATE_TARGET: engineering candidate only, not measured by ONIQ and not a production gate"
CHAR-ENG-0714,spine_posture,cervical_curve_02,71,deg,CANDIDATE_TARGET,UNVALIDATED,False,Not measured/supported by latest report; candidate engineering reference only,"CANDIDATE_TARGET: engineering candidate only, not measured by ONIQ and not a production gate"
CHAR-ENG-0715,spine_posture,head_pitch_02,90,deg,CANDIDATE_TARGET,UNVALIDATED,False,Not measured/supported by latest report; candidate engineering reference only,"CANDIDATE_TARGET: engineering candidate only, not measured by ONIQ and not a production gate"
CHAR-ENG-0716,spine_posture,head_yaw_02,109,deg,CANDIDATE_TARGET,UNVALIDATED,False,Not measured/supported by latest report; candidate engineering reference only,"CANDIDATE_TARGET: engineering candidate only, not measured by ONIQ and not a production gate"
CHAR-ENG-0717,spine_posture,head_roll_02,128,deg,CANDIDATE_TARGET,UNVALIDATED,False,Not measured/supported by latest report; candidate engineering reference only,"CANDIDATE_TARGET: engineering candidate only, not measured by ONIQ and not a production gate"
CHAR-ENG-0718,spine_posture,trunk_pitch_02,147,deg,CANDIDATE_TARGET,UNVALIDATED,False,Not measured/supported by latest report; candidate engineering reference only,"CANDIDATE_TARGET: engineering candidate only, not measured by ONIQ and not a production gate"
CHAR-ENG-0719,spine_posture,trunk_yaw_02,-15,deg,CANDIDATE_TARGET,UNVALIDATED,False,Not measured/supported by latest report; candidate engineering reference only,"CANDIDATE_TARGET: engineering candidate only, not measured by ONIQ and not a production gate"
CHAR-ENG-0720,spine_posture,trunk_roll_02,4,deg,CANDIDATE_TARGET,UNVALIDATED,False,Not measured/supported by latest report; candidate engineering reference only,"CANDIDATE_TARGET: engineering candidate only, not measured by ONIQ and not a production gate"
CHAR-ENG-0721,spine_posture,pelvis_tilt_03,23,deg,CANDIDATE_TARGET,UNVALIDATED,False,Not measured/supported by latest report; candidate engineering reference only,"CANDIDATE_TARGET: engineering candidate only, not measured by ONIQ and not a production gate"
CHAR-ENG-0722,spine_posture,lumbar_curve_03,42,deg,CANDIDATE_TARGET,UNVALIDATED,False,Not measured/supported by latest report; candidate engineering reference only,"CANDIDATE_TARGET: engineering candidate only, not measured by ONIQ and not a production gate"
CHAR-ENG-0723,spine_posture,thoracic_curve_03,61,deg,CANDIDATE_TARGET,UNVALIDATED,False,Not measured/supported by latest report; candidate engineering reference only,"CANDIDATE_TARGET: engineering candidate only, not measured by ONIQ and not a production gate"
CHAR-ENG-0724,spine_posture,cervical_curve_03,80,deg,CANDIDATE_TARGET,UNVALIDATED,False,Not measured/supported by latest report; candidate engineering reference only,"CANDIDATE_TARGET: engineering candidate only, not measured by ONIQ and not a production gate"
CHAR-ENG-0725,spine_posture,head_pitch_03,99,deg,CANDIDATE_TARGET,UNVALIDATED,False,Not measured/supported by latest report; candidate engineering reference only,"CANDIDATE_TARGET: engineering candidate only, not measured by ONIQ and not a production gate"
CHAR-ENG-0726,spine_posture,head_yaw_03,118,deg,CANDIDATE_TARGET,UNVALIDATED,False,Not measured/supported by latest report; candidate engineering reference only,"CANDIDATE_TARGET: engineering candidate only, not measured by ONIQ and not a production gate"
CHAR-ENG-0727,spine_posture,head_roll_03,137,deg,CANDIDATE_TARGET,UNVALIDATED,False,Not measured/supported by latest report; candidate engineering reference only,"CANDIDATE_TARGET: engineering candidate only, not measured by ONIQ and not a production gate"
CHAR-ENG-0728,spine_posture,trunk_pitch_03,156,deg,CANDIDATE_TARGET,UNVALIDATED,False,Not measured/supported by latest report; candidate engineering reference only,"CANDIDATE_TARGET: engineering candidate only, not measured by ONIQ and not a production gate"
CHAR-ENG-0729,spine_posture,trunk_yaw_03,-6,deg,CANDIDATE_TARGET,UNVALIDATED,False,Not measured/supported by latest report; candidate engineering reference only,"CANDIDATE_TARGET: engineering candidate only, not measured by ONIQ and not a production gate"
CHAR-ENG-0730,spine_posture,trunk_roll_03,13,deg,CANDIDATE_TARGET,UNVALIDATED,False,Not measured/supported by latest report; candidate engineering reference only,"CANDIDATE_TARGET: engineering candidate only, not measured by ONIQ and not a production gate"
CHAR-ENG-0731,spine_posture,pelvis_tilt_04,32,deg,CANDIDATE_TARGET,UNVALIDATED,False,Not measured/supported by latest report; candidate engineering reference only,"CANDIDATE_TARGET: engineering candidate only, not measured by ONIQ and not a production gate"
CHAR-ENG-0732,spine_posture,lumbar_curve_04,51,deg,CANDIDATE_TARGET,UNVALIDATED,False,Not measured/supported by latest report; candidate engineering reference only,"CANDIDATE_TARGET: engineering candidate only, not measured by ONIQ and not a production gate"
CHAR-ENG-0733,spine_posture,thoracic_curve_04,70,deg,CANDIDATE_TARGET,UNVALIDATED,False,Not measured/supported by latest report; candidate engineering reference only,"CANDIDATE_TARGET: engineering candidate only, not measured by ONIQ and not a production gate"
CHAR-ENG-0734,spine_posture,cervical_curve_04,89,deg,CANDIDATE_TARGET,UNVALIDATED,False,Not measured/supported by latest report; candidate engineering reference only,"CANDIDATE_TARGET: engineering candidate only, not measured by ONIQ and not a production gate"
CHAR-ENG-0735,spine_posture,head_pitch_04,108,deg,CANDIDATE_TARGET,UNVALIDATED,False,Not measured/supported by latest report; candidate engineering reference only,"CANDIDATE_TARGET: engineering candidate only, not measured by ONIQ and not a production gate"
CHAR-ENG-0736,spine_posture,head_yaw_04,127,deg,CANDIDATE_TARGET,UNVALIDATED,False,Not measured/supported by latest report; candidate engineering reference only,"CANDIDATE_TARGET: engineering candidate only, not measured by ONIQ and not a production gate"
CHAR-ENG-0737,spine_posture,head_roll_04,146,deg,CANDIDATE_TARGET,UNVALIDATED,False,Not measured/supported by latest report; candidate engineering reference only,"CANDIDATE_TARGET: engineering candidate only, not measured by ONIQ and not a production gate"
CHAR-ENG-0738,spine_posture,trunk_pitch_04,165,deg,CANDIDATE_TARGET,UNVALIDATED,False,Not measured/supported by latest report; candidate engineering reference only,"CANDIDATE_TARGET: engineering candidate only, not measured by ONIQ and not a production gate"
CHAR-ENG-0739,spine_posture,trunk_yaw_04,3,deg,CANDIDATE_TARGET,UNVALIDATED,False,Not measured/supported by latest report; candidate engineering reference only,"CANDIDATE_TARGET: engineering candidate only, not measured by ONIQ and not a production gate"
CHAR-ENG-0740,spine_posture,trunk_roll_04,22,deg,CANDIDATE_TARGET,UNVALIDATED,False,Not measured/supported by latest report; candidate engineering reference only,"CANDIDATE_TARGET: engineering candidate only, not measured by ONIQ and not a production gate"
CHAR-ENG-0741,spine_posture,pelvis_tilt_05,41,deg,CANDIDATE_TARGET,UNVALIDATED,False,Not measured/supported by latest report; candidate engineering reference only,"CANDIDATE_TARGET: engineering candidate only, not measured by ONIQ and not a production gate"
CHAR-ENG-0742,spine_posture,lumbar_curve_05,60,deg,CANDIDATE_TARGET,UNVALIDATED,False,Not measured/supported by latest report; candidate engineering reference only,"CANDIDATE_TARGET: engineering candidate only, not measured by ONIQ and not a production gate"
CHAR-ENG-0743,spine_posture,thoracic_curve_05,79,deg,CANDIDATE_TARGET,UNVALIDATED,False,Not measured/supported by latest report; candidate engineering reference only,"CANDIDATE_TARGET: engineering candidate only, not measured by ONIQ and not a production gate"
CHAR-ENG-0744,spine_posture,cervical_curve_05,98,deg,CANDIDATE_TARGET,UNVALIDATED,False,Not measured/supported by latest report; candidate engineering reference only,"CANDIDATE_TARGET: engineering candidate only, not measured by ONIQ and not a production gate"
CHAR-ENG-0745,spine_posture,head_pitch_05,117,deg,CANDIDATE_TARGET,UNVALIDATED,False,Not measured/supported by latest report; candidate engineering reference only,"CANDIDATE_TARGET: engineering candidate only, not measured by ONIQ and not a production gate"
CHAR-ENG-0746,spine_posture,head_yaw_05,136,deg,CANDIDATE_TARGET,UNVALIDATED,False,Not measured/supported by latest report; candidate engineering reference only,"CANDIDATE_TARGET: engineering candidate only, not measured by ONIQ and not a production gate"
CHAR-ENG-0747,spine_posture,head_roll_05,155,deg,CANDIDATE_TARGET,UNVALIDATED,False,Not measured/supported by latest report; candidate engineering reference only,"CANDIDATE_TARGET: engineering candidate only, not measured by ONIQ and not a production gate"
CHAR-ENG-0748,spine_posture,trunk_pitch_05,-7,deg,CANDIDATE_TARGET,UNVALIDATED,False,Not measured/supported by latest report; candidate engineering reference only,"CANDIDATE_TARGET: engineering candidate only, not measured by ONIQ and not a production gate"
CHAR-ENG-0749,spine_posture,trunk_yaw_05,12,deg,CANDIDATE_TARGET,UNVALIDATED,False,Not measured/supported by latest report; candidate engineering reference only,"CANDIDATE_TARGET: engineering candidate only, not measured by ONIQ and not a production gate"
CHAR-ENG-0750,spine_posture,trunk_roll_05,31,deg,CANDIDATE_TARGET,UNVALIDATED,False,Not measured/supported by latest report; candidate engineering reference only,"CANDIDATE_TARGET: engineering candidate only, not measured by ONIQ and not a production gate"
CHAR-ENG-0751,center_of_mass,com_height_01,20.5,mm,CANDIDATE_TARGET,UNVALIDATED,False,Not measured/supported by latest report; candidate engineering reference only,"CANDIDATE_TARGET: engineering candidate only, not measured by ONIQ and not a production gate"
CHAR-ENG-0752,center_of_mass,com_forward_01,29.0,mm,CANDIDATE_TARGET,UNVALIDATED,False,Not measured/supported by latest report; candidate engineering reference only,"CANDIDATE_TARGET: engineering candidate only, not measured by ONIQ and not a production gate"
CHAR-ENG-0753,center_of_mass,com_lateral_01,37.5,mm,CANDIDATE_TARGET,UNVALIDATED,False,Not measured/supported by latest report; candidate engineering reference only,"CANDIDATE_TARGET: engineering candidate only, not measured by ONIQ and not a production gate"
CHAR-ENG-0754,center_of_mass,com_walk_amp_01,46.0,mm,CANDIDATE_TARGET,UNVALIDATED,False,Not measured/supported by latest report; candidate engineering reference only,"CANDIDATE_TARGET: engineering candidate only, not measured by ONIQ and not a production gate"
CHAR-ENG-0755,center_of_mass,com_idle_amp_01,54.5,mm,CANDIDATE_TARGET,UNVALIDATED,False,Not measured/supported by latest report; candidate engineering reference only,"CANDIDATE_TARGET: engineering candidate only, not measured by ONIQ and not a production gate"
CHAR-ENG-0756,center_of_mass,com_peak_forward_01,63.0,mm,CANDIDATE_TARGET,UNVALIDATED,False,Not measured/supported by latest report; candidate engineering reference only,"CANDIDATE_TARGET: engineering candidate only, not measured by ONIQ and not a production gate"
CHAR-ENG-0757,center_of_mass,com_peak_backward_01,71.5,mm,CANDIDATE_TARGET,UNVALIDATED,False,Not measured/supported by latest report; candidate engineering reference only,"CANDIDATE_TARGET: engineering candidate only, not measured by ONIQ and not a production gate"
CHAR-ENG-0758,center_of_mass,com_peak_lateral_01,80.0,mm,CANDIDATE_TARGET,UNVALIDATED,False,Not measured/supported by latest report; candidate engineering reference only,"CANDIDATE_TARGET: engineering candidate only, not measured by ONIQ and not a production gate"
CHAR-ENG-0759,center_of_mass,com_recovery_01,88.5,mm,CANDIDATE_TARGET,UNVALIDATED,False,Not measured/supported by latest report; candidate engineering reference only,"CANDIDATE_TARGET: engineering candidate only, not measured by ONIQ and not a production gate"
CHAR-ENG-0760,center_of_mass,com_variance_01,97.0,mm,CANDIDATE_TARGET,UNVALIDATED,False,Not measured/supported by latest report; candidate engineering reference only,"CANDIDATE_TARGET: engineering candidate only, not measured by ONIQ and not a production gate"
CHAR-ENG-0761,center_of_mass,com_height_02,105.5,mm,CANDIDATE_TARGET,UNVALIDATED,False,Not measured/supported by latest report; candidate engineering reference only,"CANDIDATE_TARGET: engineering candidate only, not measured by ONIQ and not a production gate"
CHAR-ENG-0762,center_of_mass,com_forward_02,23.5,mm,CANDIDATE_TARGET,UNVALIDATED,False,Not measured/supported by latest report; candidate engineering reference only,"CANDIDATE_TARGET: engineering candidate only, not measured by ONIQ and not a production gate"
CHAR-ENG-0763,center_of_mass,com_lateral_02,32.0,mm,CANDIDATE_TARGET,UNVALIDATED,False,Not measured/supported by latest report; candidate engineering reference only,"CANDIDATE_TARGET: engineering candidate only, not measured by ONIQ and not a production gate"
CHAR-ENG-0764,center_of_mass,com_walk_amp_02,40.5,mm,CANDIDATE_TARGET,UNVALIDATED,False,Not measured/supported by latest report; candidate engineering reference only,"CANDIDATE_TARGET: engineering candidate only, not measured by ONIQ and not a production gate"
CHAR-ENG-0765,center_of_mass,com_idle_amp_02,49.0,mm,CANDIDATE_TARGET,UNVALIDATED,False,Not measured/supported by latest report; candidate engineering reference only,"CANDIDATE_TARGET: engineering candidate only, not measured by ONIQ and not a production gate"
CHAR-ENG-0766,center_of_mass,com_peak_forward_02,57.5,mm,CANDIDATE_TARGET,UNVALIDATED,False,Not measured/supported by latest report; candidate engineering reference only,"CANDIDATE_TARGET: engineering candidate only, not measured by ONIQ and not a production gate"
CHAR-ENG-0767,center_of_mass,com_peak_backward_02,66.0,mm,CANDIDATE_TARGET,UNVALIDATED,False,Not measured/supported by latest report; candidate engineering reference only,"CANDIDATE_TARGET: engineering candidate only, not measured by ONIQ and not a production gate"
CHAR-ENG-0768,center_of_mass,com_peak_lateral_02,74.5,mm,CANDIDATE_TARGET,UNVALIDATED,False,Not measured/supported by latest report; candidate engineering reference only,"CANDIDATE_TARGET: engineering candidate only, not measured by ONIQ and not a production gate"
CHAR-ENG-0769,center_of_mass,com_recovery_02,83.0,mm,CANDIDATE_TARGET,UNVALIDATED,False,Not measured/supported by latest report; candidate engineering reference only,"CANDIDATE_TARGET: engineering candidate only, not measured by ONIQ and not a production gate"
CHAR-ENG-0770,center_of_mass,com_variance_02,91.5,mm,CANDIDATE_TARGET,UNVALIDATED,False,Not measured/supported by latest report; candidate engineering reference only,"CANDIDATE_TARGET: engineering candidate only, not measured by ONIQ and not a production gate"
CHAR-ENG-0771,center_of_mass,com_height_03,100.0,mm,CANDIDATE_TARGET,UNVALIDATED,False,Not measured/supported by latest report; candidate engineering reference only,"CANDIDATE_TARGET: engineering candidate only, not measured by ONIQ and not a production gate"
CHAR-ENG-0772,center_of_mass,com_forward_03,108.5,mm,CANDIDATE_TARGET,UNVALIDATED,False,Not measured/supported by latest report; candidate engineering reference only,"CANDIDATE_TARGET: engineering candidate only, not measured by ONIQ and not a production gate"
CHAR-ENG-0773,center_of_mass,com_lateral_03,26.5,mm,CANDIDATE_TARGET,UNVALIDATED,False,Not measured/supported by latest report; candidate engineering reference only,"CANDIDATE_TARGET: engineering candidate only, not measured by ONIQ and not a production gate"
CHAR-ENG-0774,center_of_mass,com_walk_amp_03,35.0,mm,CANDIDATE_TARGET,UNVALIDATED,False,Not measured/supported by latest report; candidate engineering reference only,"CANDIDATE_TARGET: engineering candidate only, not measured by ONIQ and not a production gate"
CHAR-ENG-0775,center_of_mass,com_idle_amp_03,43.5,mm,CANDIDATE_TARGET,UNVALIDATED,False,Not measured/supported by latest report; candidate engineering reference only,"CANDIDATE_TARGET: engineering candidate only, not measured by ONIQ and not a production gate"
CHAR-ENG-0776,center_of_mass,com_peak_forward_03,52.0,mm,CANDIDATE_TARGET,UNVALIDATED,False,Not measured/supported by latest report; candidate engineering reference only,"CANDIDATE_TARGET: engineering candidate only, not measured by ONIQ and not a production gate"
CHAR-ENG-0777,center_of_mass,com_peak_backward_03,60.5,mm,CANDIDATE_TARGET,UNVALIDATED,False,Not measured/supported by latest report; candidate engineering reference only,"CANDIDATE_TARGET: engineering candidate only, not measured by ONIQ and not a production gate"
CHAR-ENG-0778,center_of_mass,com_peak_lateral_03,69.0,mm,CANDIDATE_TARGET,UNVALIDATED,False,Not measured/supported by latest report; candidate engineering reference only,"CANDIDATE_TARGET: engineering candidate only, not measured by ONIQ and not a production gate"
CHAR-ENG-0779,center_of_mass,com_recovery_03,77.5,mm,CANDIDATE_TARGET,UNVALIDATED,False,Not measured/supported by latest report; candidate engineering reference only,"CANDIDATE_TARGET: engineering candidate only, not measured by ONIQ and not a production gate"
CHAR-ENG-0780,center_of_mass,com_variance_03,86.0,mm,CANDIDATE_TARGET,UNVALIDATED,False,Not measured/supported by latest report; candidate engineering reference only,"CANDIDATE_TARGET: engineering candidate only, not measured by ONIQ and not a production gate"
CHAR-ENG-0781,center_of_mass,com_height_04,94.5,mm,CANDIDATE_TARGET,UNVALIDATED,False,Not measured/supported by latest report; candidate engineering reference only,"CANDIDATE_TARGET: engineering candidate only, not measured by ONIQ and not a production gate"
CHAR-ENG-0782,center_of_mass,com_forward_04,103.0,mm,CANDIDATE_TARGET,UNVALIDATED,False,Not measured/supported by latest report; candidate engineering reference only,"CANDIDATE_TARGET: engineering candidate only, not measured by ONIQ and not a production gate"
CHAR-ENG-0783,center_of_mass,com_lateral_04,21.0,mm,CANDIDATE_TARGET,UNVALIDATED,False,Not measured/supported by latest report; candidate engineering reference only,"CANDIDATE_TARGET: engineering candidate only, not measured by ONIQ and not a production gate"
CHAR-ENG-0784,center_of_mass,com_walk_amp_04,29.5,mm,CANDIDATE_TARGET,UNVALIDATED,False,Not measured/supported by latest report; candidate engineering reference only,"CANDIDATE_TARGET: engineering candidate only, not measured by ONIQ and not a production gate"
CHAR-ENG-0785,center_of_mass,com_idle_amp_04,38.0,mm,CANDIDATE_TARGET,UNVALIDATED,False,Not measured/supported by latest report; candidate engineering reference only,"CANDIDATE_TARGET: engineering candidate only, not measured by ONIQ and not a production gate"
CHAR-ENG-0786,center_of_mass,com_peak_forward_04,46.5,mm,CANDIDATE_TARGET,UNVALIDATED,False,Not measured/supported by latest report; candidate engineering reference only,"CANDIDATE_TARGET: engineering candidate only, not measured by ONIQ and not a production gate"
CHAR-ENG-0787,center_of_mass,com_peak_backward_04,55.0,mm,CANDIDATE_TARGET,UNVALIDATED,False,Not measured/supported by latest report; candidate engineering reference only,"CANDIDATE_TARGET: engineering candidate only, not measured by ONIQ and not a production gate"
CHAR-ENG-0788,center_of_mass,com_peak_lateral_04,63.5,mm,CANDIDATE_TARGET,UNVALIDATED,False,Not measured/supported by latest report; candidate engineering reference only,"CANDIDATE_TARGET: engineering candidate only, not measured by ONIQ and not a production gate"
CHAR-ENG-0789,center_of_mass,com_recovery_04,72.0,mm,CANDIDATE_TARGET,UNVALIDATED,False,Not measured/supported by latest report; candidate engineering reference only,"CANDIDATE_TARGET: engineering candidate only, not measured by ONIQ and not a production gate"
CHAR-ENG-0790,center_of_mass,com_variance_04,80.5,mm,CANDIDATE_TARGET,UNVALIDATED,False,Not measured/supported by latest report; candidate engineering reference only,"CANDIDATE_TARGET: engineering candidate only, not measured by ONIQ and not a production gate"
CHAR-ENG-0791,center_of_mass,com_height_05,89.0,mm,CANDIDATE_TARGET,UNVALIDATED,False,Not measured/supported by latest report; candidate engineering reference only,"CANDIDATE_TARGET: engineering candidate only, not measured by ONIQ and not a production gate"
CHAR-ENG-0792,center_of_mass,com_forward_05,97.5,mm,CANDIDATE_TARGET,UNVALIDATED,False,Not measured/supported by latest report; candidate engineering reference only,"CANDIDATE_TARGET: engineering candidate only, not measured by ONIQ and not a production gate"
CHAR-ENG-0793,center_of_mass,com_lateral_05,106.0,mm,CANDIDATE_TARGET,UNVALIDATED,False,Not measured/supported by latest report; candidate engineering reference only,"CANDIDATE_TARGET: engineering candidate only, not measured by ONIQ and not a production gate"
CHAR-ENG-0794,center_of_mass,com_walk_amp_05,24.0,mm,CANDIDATE_TARGET,UNVALIDATED,False,Not measured/supported by latest report; candidate engineering reference only,"CANDIDATE_TARGET: engineering candidate only, not measured by ONIQ and not a production gate"
CHAR-ENG-0795,center_of_mass,com_idle_amp_05,32.5,mm,CANDIDATE_TARGET,UNVALIDATED,False,Not measured/supported by latest report; candidate engineering reference only,"CANDIDATE_TARGET: engineering candidate only, not measured by ONIQ and not a production gate"
CHAR-ENG-0796,center_of_mass,com_peak_forward_05,41.0,mm,CANDIDATE_TARGET,UNVALIDATED,False,Not measured/supported by latest report; candidate engineering reference only,"CANDIDATE_TARGET: engineering candidate only, not measured by ONIQ and not a production gate"
CHAR-ENG-0797,center_of_mass,com_peak_backward_05,49.5,mm,CANDIDATE_TARGET,UNVALIDATED,False,Not measured/supported by latest report; candidate engineering reference only,"CANDIDATE_TARGET: engineering candidate only, not measured by ONIQ and not a production gate"
CHAR-ENG-0798,center_of_mass,com_peak_lateral_05,58.0,mm,CANDIDATE_TARGET,UNVALIDATED,False,Not measured/supported by latest report; candidate engineering reference only,"CANDIDATE_TARGET: engineering candidate only, not measured by ONIQ and not a production gate"
CHAR-ENG-0799,center_of_mass,com_recovery_05,66.5,mm,CANDIDATE_TARGET,UNVALIDATED,False,Not measured/supported by latest report; candidate engineering reference only,"CANDIDATE_TARGET: engineering candidate only, not measured by ONIQ and not a production gate"
CHAR-ENG-0800,center_of_mass,com_variance_05,75.0,mm,CANDIDATE_TARGET,UNVALIDATED,False,Not measured/supported by latest report; candidate engineering reference only,"CANDIDATE_TARGET: engineering candidate only, not measured by ONIQ and not a production gate"
CHAR-ENG-0801,balance_contact,support_width_01,1.36,BVH units,SOURCE_LOCKED,REJECTED,False,ENGINEERING_TRACE.json L403-L406,"value traces to a real measurement (foot-slide, left: max per-frame planted-foot travel 1.36 BVH units) but the parameter name does not describe it: filed as support_width; no support width was measured. Not renamed, not promoted."
CHAR-ENG-0802,balance_contact,support_length_01,0.39,BVH units,SOURCE_LOCKED,REJECTED,False,ENGINEERING_TRACE.json L403-L406,"value traces to a real measurement (foot-slide, right: max per-frame planted-foot travel 0.39 BVH units) but the parameter name does not describe it: filed as support_length; no support length was measured. Not renamed, not promoted."
CHAR-ENG-0803,balance_contact,foot_contact_area_01,16.2,px,SOURCE_LOCKED,REJECTED,False,ENGINEERING_TRACE.json L433-L435,"value traces to a real measurement (vertical centroid drift range 16.2 px over 129 frames) but the parameter name does not describe it: filed as foot_contact_area; no contact area was measured. Not renamed, not promoted."
CHAR-ENG-0804,balance_contact,heel_contact_01,51.5,mm,CANDIDATE_TARGET,UNVALIDATED,False,Not measured/supported by latest report; candidate engineering reference only,"CANDIDATE_TARGET: engineering candidate only, not measured by ONIQ and not a production gate"
CHAR-ENG-0805,balance_contact,toe_contact_01,60.0,mm,CANDIDATE_TARGET,UNVALIDATED,False,Not measured/supported by latest report; candidate engineering reference only,"CANDIDATE_TARGET: engineering candidate only, not measured by ONIQ and not a production gate"
CHAR-ENG-0806,balance_contact,stance_ratio_01,68.5,mm,CANDIDATE_TARGET,UNVALIDATED,False,Not measured/supported by latest report; candidate engineering reference only,"CANDIDATE_TARGET: engineering candidate only, not measured by ONIQ and not a production gate"
CHAR-ENG-0807,balance_contact,double_support_01,77.0,mm,CANDIDATE_TARGET,UNVALIDATED,False,Not measured/supported by latest report; candidate engineering reference only,"CANDIDATE_TARGET: engineering candidate only, not measured by ONIQ and not a production gate"
CHAR-ENG-0808,balance_contact,single_support_01,85.5,mm,CANDIDATE_TARGET,UNVALIDATED,False,Not measured/supported by latest report; candidate engineering reference only,"CANDIDATE_TARGET: engineering candidate only, not measured by ONIQ and not a production gate"
CHAR-ENG-0809,balance_contact,contact_tolerance_01,94.0,mm,CANDIDATE_TARGET,UNVALIDATED,False,Not measured/supported by latest report; candidate engineering reference only,"CANDIDATE_TARGET: engineering candidate only, not measured by ONIQ and not a production gate"
CHAR-ENG-0810,balance_contact,plant_threshold_01,102.5,mm,CANDIDATE_TARGET,UNVALIDATED,False,Not measured/supported by latest report; candidate engineering reference only,"CANDIDATE_TARGET: engineering candidate only, not measured by ONIQ and not a production gate"
CHAR-ENG-0811,balance_contact,support_width_02,20.5,mm,CANDIDATE_TARGET,UNVALIDATED,False,Not measured/supported by latest report; candidate engineering reference only,"CANDIDATE_TARGET: engineering candidate only, not measured by ONIQ and not a production gate"
CHAR-ENG-0812,balance_contact,support_length_02,29.0,mm,CANDIDATE_TARGET,UNVALIDATED,False,Not measured/supported by latest report; candidate engineering reference only,"CANDIDATE_TARGET: engineering candidate only, not measured by ONIQ and not a production gate"
CHAR-ENG-0813,balance_contact,foot_contact_area_02,37.5,mm,CANDIDATE_TARGET,UNVALIDATED,False,Not measured/supported by latest report; candidate engineering reference only,"CANDIDATE_TARGET: engineering candidate only, not measured by ONIQ and not a production gate"
CHAR-ENG-0814,balance_contact,heel_contact_02,46.0,mm,CANDIDATE_TARGET,UNVALIDATED,False,Not measured/supported by latest report; candidate engineering reference only,"CANDIDATE_TARGET: engineering candidate only, not measured by ONIQ and not a production gate"
CHAR-ENG-0815,balance_contact,toe_contact_02,54.5,mm,CANDIDATE_TARGET,UNVALIDATED,False,Not measured/supported by latest report; candidate engineering reference only,"CANDIDATE_TARGET: engineering candidate only, not measured by ONIQ and not a production gate"
CHAR-ENG-0816,balance_contact,stance_ratio_02,63.0,mm,CANDIDATE_TARGET,UNVALIDATED,False,Not measured/supported by latest report; candidate engineering reference only,"CANDIDATE_TARGET: engineering candidate only, not measured by ONIQ and not a production gate"
CHAR-ENG-0817,balance_contact,double_support_02,71.5,mm,CANDIDATE_TARGET,UNVALIDATED,False,Not measured/supported by latest report; candidate engineering reference only,"CANDIDATE_TARGET: engineering candidate only, not measured by ONIQ and not a production gate"
CHAR-ENG-0818,balance_contact,single_support_02,80.0,mm,CANDIDATE_TARGET,UNVALIDATED,False,Not measured/supported by latest report; candidate engineering reference only,"CANDIDATE_TARGET: engineering candidate only, not measured by ONIQ and not a production gate"
CHAR-ENG-0819,balance_contact,contact_tolerance_02,88.5,mm,CANDIDATE_TARGET,UNVALIDATED,False,Not measured/supported by latest report; candidate engineering reference only,"CANDIDATE_TARGET: engineering candidate only, not measured by ONIQ and not a production gate"
CHAR-ENG-0820,balance_contact,plant_threshold_02,97.0,mm,CANDIDATE_TARGET,UNVALIDATED,False,Not measured/supported by latest report; candidate engineering reference only,"CANDIDATE_TARGET: engineering candidate only, not measured by ONIQ and not a production gate"
CHAR-ENG-0821,balance_contact,support_width_03,105.5,mm,CANDIDATE_TARGET,UNVALIDATED,False,Not measured/supported by latest report; candidate engineering reference only,"CANDIDATE_TARGET: engineering candidate only, not measured by ONIQ and not a production gate"
CHAR-ENG-0822,balance_contact,support_length_03,23.5,mm,CANDIDATE_TARGET,UNVALIDATED,False,Not measured/supported by latest report; candidate engineering reference only,"CANDIDATE_TARGET: engineering candidate only, not measured by ONIQ and not a production gate"
CHAR-ENG-0823,balance_contact,foot_contact_area_03,32.0,mm,CANDIDATE_TARGET,UNVALIDATED,False,Not measured/supported by latest report; candidate engineering reference only,"CANDIDATE_TARGET: engineering candidate only, not measured by ONIQ and not a production gate"
CHAR-ENG-0824,balance_contact,heel_contact_03,40.5,mm,CANDIDATE_TARGET,UNVALIDATED,False,Not measured/supported by latest report; candidate engineering reference only,"CANDIDATE_TARGET: engineering candidate only, not measured by ONIQ and not a production gate"
CHAR-ENG-0825,balance_contact,toe_contact_03,49.0,mm,CANDIDATE_TARGET,UNVALIDATED,False,Not measured/supported by latest report; candidate engineering reference only,"CANDIDATE_TARGET: engineering candidate only, not measured by ONIQ and not a production gate"
CHAR-ENG-0826,balance_contact,stance_ratio_03,57.5,mm,CANDIDATE_TARGET,UNVALIDATED,False,Not measured/supported by latest report; candidate engineering reference only,"CANDIDATE_TARGET: engineering candidate only, not measured by ONIQ and not a production gate"
CHAR-ENG-0827,balance_contact,double_support_03,66.0,mm,CANDIDATE_TARGET,UNVALIDATED,False,Not measured/supported by latest report; candidate engineering reference only,"CANDIDATE_TARGET: engineering candidate only, not measured by ONIQ and not a production gate"
CHAR-ENG-0828,balance_contact,single_support_03,74.5,mm,CANDIDATE_TARGET,UNVALIDATED,False,Not measured/supported by latest report; candidate engineering reference only,"CANDIDATE_TARGET: engineering candidate only, not measured by ONIQ and not a production gate"
CHAR-ENG-0829,balance_contact,contact_tolerance_03,83.0,mm,CANDIDATE_TARGET,UNVALIDATED,False,Not measured/supported by latest report; candidate engineering reference only,"CANDIDATE_TARGET: engineering candidate only, not measured by ONIQ and not a production gate"
CHAR-ENG-0830,balance_contact,plant_threshold_03,91.5,mm,CANDIDATE_TARGET,UNVALIDATED,False,Not measured/supported by latest report; candidate engineering reference only,"CANDIDATE_TARGET: engineering candidate only, not measured by ONIQ and not a production gate"
CHAR-ENG-0831,balance_contact,support_width_04,100.0,mm,CANDIDATE_TARGET,UNVALIDATED,False,Not measured/supported by latest report; candidate engineering reference only,"CANDIDATE_TARGET: engineering candidate only, not measured by ONIQ and not a production gate"
CHAR-ENG-0832,balance_contact,support_length_04,108.5,mm,CANDIDATE_TARGET,UNVALIDATED,False,Not measured/supported by latest report; candidate engineering reference only,"CANDIDATE_TARGET: engineering candidate only, not measured by ONIQ and not a production gate"
CHAR-ENG-0833,balance_contact,foot_contact_area_04,26.5,mm,CANDIDATE_TARGET,UNVALIDATED,False,Not measured/supported by latest report; candidate engineering reference only,"CANDIDATE_TARGET: engineering candidate only, not measured by ONIQ and not a production gate"
CHAR-ENG-0834,balance_contact,heel_contact_04,35.0,mm,CANDIDATE_TARGET,UNVALIDATED,False,Not measured/supported by latest report; candidate engineering reference only,"CANDIDATE_TARGET: engineering candidate only, not measured by ONIQ and not a production gate"
CHAR-ENG-0835,balance_contact,toe_contact_04,43.5,mm,CANDIDATE_TARGET,UNVALIDATED,False,Not measured/supported by latest report; candidate engineering reference only,"CANDIDATE_TARGET: engineering candidate only, not measured by ONIQ and not a production gate"
CHAR-ENG-0836,balance_contact,stance_ratio_04,52.0,mm,CANDIDATE_TARGET,UNVALIDATED,False,Not measured/supported by latest report; candidate engineering reference only,"CANDIDATE_TARGET: engineering candidate only, not measured by ONIQ and not a production gate"
CHAR-ENG-0837,balance_contact,double_support_04,60.5,mm,CANDIDATE_TARGET,UNVALIDATED,False,Not measured/supported by latest report; candidate engineering reference only,"CANDIDATE_TARGET: engineering candidate only, not measured by ONIQ and not a production gate"
CHAR-ENG-0838,balance_contact,single_support_04,69.0,mm,CANDIDATE_TARGET,UNVALIDATED,False,Not measured/supported by latest report; candidate engineering reference only,"CANDIDATE_TARGET: engineering candidate only, not measured by ONIQ and not a production gate"
CHAR-ENG-0839,balance_contact,contact_tolerance_04,77.5,mm,CANDIDATE_TARGET,UNVALIDATED,False,Not measured/supported by latest report; candidate engineering reference only,"CANDIDATE_TARGET: engineering candidate only, not measured by ONIQ and not a production gate"
CHAR-ENG-0840,balance_contact,plant_threshold_04,86.0,mm,CANDIDATE_TARGET,UNVALIDATED,False,Not measured/supported by latest report; candidate engineering reference only,"CANDIDATE_TARGET: engineering candidate only, not measured by ONIQ and not a production gate"
CHAR-ENG-0841,balance_contact,support_width_05,94.5,mm,CANDIDATE_TARGET,UNVALIDATED,False,Not measured/supported by latest report; candidate engineering reference only,"CANDIDATE_TARGET: engineering candidate only, not measured by ONIQ and not a production gate"
CHAR-ENG-0842,balance_contact,support_length_05,103.0,mm,CANDIDATE_TARGET,UNVALIDATED,False,Not measured/supported by latest report; candidate engineering reference only,"CANDIDATE_TARGET: engineering candidate only, not measured by ONIQ and not a production gate"
CHAR-ENG-0843,balance_contact,foot_contact_area_05,21.0,mm,CANDIDATE_TARGET,UNVALIDATED,False,Not measured/supported by latest report; candidate engineering reference only,"CANDIDATE_TARGET: engineering candidate only, not measured by ONIQ and not a production gate"
CHAR-ENG-0844,balance_contact,heel_contact_05,29.5,mm,CANDIDATE_TARGET,UNVALIDATED,False,Not measured/supported by latest report; candidate engineering reference only,"CANDIDATE_TARGET: engineering candidate only, not measured by ONIQ and not a production gate"
CHAR-ENG-0845,balance_contact,toe_contact_05,38.0,mm,CANDIDATE_TARGET,UNVALIDATED,False,Not measured/supported by latest report; candidate engineering reference only,"CANDIDATE_TARGET: engineering candidate only, not measured by ONIQ and not a production gate"
CHAR-ENG-0846,balance_contact,stance_ratio_05,46.5,mm,CANDIDATE_TARGET,UNVALIDATED,False,Not measured/supported by latest report; candidate engineering reference only,"CANDIDATE_TARGET: engineering candidate only, not measured by ONIQ and not a production gate"
CHAR-ENG-0847,balance_contact,double_support_05,55.0,mm,CANDIDATE_TARGET,UNVALIDATED,False,Not measured/supported by latest report; candidate engineering reference only,"CANDIDATE_TARGET: engineering candidate only, not measured by ONIQ and not a production gate"
CHAR-ENG-0848,balance_contact,single_support_05,63.5,mm,CANDIDATE_TARGET,UNVALIDATED,False,Not measured/supported by latest report; candidate engineering reference only,"CANDIDATE_TARGET: engineering candidate only, not measured by ONIQ and not a production gate"
CHAR-ENG-0849,balance_contact,contact_tolerance_05,72.0,mm,CANDIDATE_TARGET,UNVALIDATED,False,Not measured/supported by latest report; candidate engineering reference only,"CANDIDATE_TARGET: engineering candidate only, not measured by ONIQ and not a production gate"
CHAR-ENG-0850,balance_contact,plant_threshold_05,80.5,mm,CANDIDATE_TARGET,UNVALIDATED,False,Not measured/supported by latest report; candidate engineering reference only,"CANDIDATE_TARGET: engineering candidate only, not measured by ONIQ and not a production gate"
CHAR-ENG-0851,gait_timing,cycle_frames_01,129,frames,SOURCE_LOCKED,MEASURED,False,Latest knee-pixel report: 129-frame window,matches measured evidence: configured/rendered frame window = 129
CHAR-ENG-0852,gait_timing,contact_frame_01,113,frames,CANDIDATE_TARGET,UNVALIDATED,False,Not measured/supported by latest report; candidate engineering reference only,"CANDIDATE_TARGET: engineering candidate only, not measured by ONIQ and not a production gate"
CHAR-ENG-0853,gait_timing,down_frame_01,6,frames,CANDIDATE_TARGET,UNVALIDATED,False,Not measured/supported by latest report; candidate engineering reference only,"CANDIDATE_TARGET: engineering candidate only, not measured by ONIQ and not a production gate"
CHAR-ENG-0854,gait_timing,passing_frame_01,19,frames,CANDIDATE_TARGET,UNVALIDATED,False,Not measured/supported by latest report; candidate engineering reference only,"CANDIDATE_TARGET: engineering candidate only, not measured by ONIQ and not a production gate"
CHAR-ENG-0855,gait_timing,up_frame_01,32,frames,CANDIDATE_TARGET,UNVALIDATED,False,Not measured/supported by latest report; candidate engineering reference only,"CANDIDATE_TARGET: engineering candidate only, not measured by ONIQ and not a production gate"
CHAR-ENG-0856,gait_timing,opposite_contact_01,45,frames,CANDIDATE_TARGET,UNVALIDATED,False,Not measured/supported by latest report; candidate engineering reference only,"CANDIDATE_TARGET: engineering candidate only, not measured by ONIQ and not a production gate"
CHAR-ENG-0857,gait_timing,step_interval_01,58,frames,CANDIDATE_TARGET,UNVALIDATED,False,Not measured/supported by latest report; candidate engineering reference only,"CANDIDATE_TARGET: engineering candidate only, not measured by ONIQ and not a production gate"
CHAR-ENG-0858,gait_timing,stride_interval_01,71,frames,CANDIDATE_TARGET,UNVALIDATED,False,Not measured/supported by latest report; candidate engineering reference only,"CANDIDATE_TARGET: engineering candidate only, not measured by ONIQ and not a production gate"
CHAR-ENG-0859,gait_timing,fps_01,84,frames,CANDIDATE_TARGET,UNVALIDATED,False,Not measured/supported by latest report; candidate engineering reference only,"CANDIDATE_TARGET: engineering candidate only, not measured by ONIQ and not a production gate"
CHAR-ENG-0860,gait_timing,duration_01,4.26,seconds,SOURCE_LOCKED,MEASURED,False,Latest knee-pixel report: corrected clip duration,"matches measured evidence: corrected clip duration, s = 4.26"
CHAR-ENG-0861,gait_timing,cycle_frames_02,110,frames,CANDIDATE_TARGET,UNVALIDATED,False,Not measured/supported by latest report; candidate engineering reference only,"CANDIDATE_TARGET: engineering candidate only, not measured by ONIQ and not a production gate"
CHAR-ENG-0862,gait_timing,contact_frame_02,3,frames,CANDIDATE_TARGET,UNVALIDATED,False,Not measured/supported by latest report; candidate engineering reference only,"CANDIDATE_TARGET: engineering candidate only, not measured by ONIQ and not a production gate"
CHAR-ENG-0863,gait_timing,down_frame_02,16,frames,CANDIDATE_TARGET,UNVALIDATED,False,Not measured/supported by latest report; candidate engineering reference only,"CANDIDATE_TARGET: engineering candidate only, not measured by ONIQ and not a production gate"
CHAR-ENG-0864,gait_timing,passing_frame_02,29,frames,CANDIDATE_TARGET,UNVALIDATED,False,Not measured/supported by latest report; candidate engineering reference only,"CANDIDATE_TARGET: engineering candidate only, not measured by ONIQ and not a production gate"
CHAR-ENG-0865,gait_timing,up_frame_02,42,frames,CANDIDATE_TARGET,UNVALIDATED,False,Not measured/supported by latest report; candidate engineering reference only,"CANDIDATE_TARGET: engineering candidate only, not measured by ONIQ and not a production gate"
CHAR-ENG-0866,gait_timing,opposite_contact_02,55,frames,CANDIDATE_TARGET,UNVALIDATED,False,Not measured/supported by latest report; candidate engineering reference only,"CANDIDATE_TARGET: engineering candidate only, not measured by ONIQ and not a production gate"
CHAR-ENG-0867,gait_timing,step_interval_02,68,frames,CANDIDATE_TARGET,UNVALIDATED,False,Not measured/supported by latest report; candidate engineering reference only,"CANDIDATE_TARGET: engineering candidate only, not measured by ONIQ and not a production gate"
CHAR-ENG-0868,gait_timing,stride_interval_02,81,frames,CANDIDATE_TARGET,UNVALIDATED,False,Not measured/supported by latest report; candidate engineering reference only,"CANDIDATE_TARGET: engineering candidate only, not measured by ONIQ and not a production gate"
CHAR-ENG-0869,gait_timing,fps_02,94,frames,CANDIDATE_TARGET,UNVALIDATED,False,Not measured/supported by latest report; candidate engineering reference only,"CANDIDATE_TARGET: engineering candidate only, not measured by ONIQ and not a production gate"
CHAR-ENG-0870,gait_timing,duration_02,107,frames,CANDIDATE_TARGET,UNVALIDATED,False,Not measured/supported by latest report; candidate engineering reference only,"CANDIDATE_TARGET: engineering candidate only, not measured by ONIQ and not a production gate"
CHAR-ENG-0871,gait_timing,cycle_frames_03,120,frames,CANDIDATE_TARGET,UNVALIDATED,False,Not measured/supported by latest report; candidate engineering reference only,"CANDIDATE_TARGET: engineering candidate only, not measured by ONIQ and not a production gate"
CHAR-ENG-0872,gait_timing,contact_frame_03,13,frames,CANDIDATE_TARGET,UNVALIDATED,False,Not measured/supported by latest report; candidate engineering reference only,"CANDIDATE_TARGET: engineering candidate only, not measured by ONIQ and not a production gate"
CHAR-ENG-0873,gait_timing,down_frame_03,26,frames,CANDIDATE_TARGET,UNVALIDATED,False,Not measured/supported by latest report; candidate engineering reference only,"CANDIDATE_TARGET: engineering candidate only, not measured by ONIQ and not a production gate"
CHAR-ENG-0874,gait_timing,passing_frame_03,39,frames,CANDIDATE_TARGET,UNVALIDATED,False,Not measured/supported by latest report; candidate engineering reference only,"CANDIDATE_TARGET: engineering candidate only, not measured by ONIQ and not a production gate"
CHAR-ENG-0875,gait_timing,up_frame_03,52,frames,CANDIDATE_TARGET,UNVALIDATED,False,Not measured/supported by latest report; candidate engineering reference only,"CANDIDATE_TARGET: engineering candidate only, not measured by ONIQ and not a production gate"
CHAR-ENG-0876,gait_timing,opposite_contact_03,65,frames,CANDIDATE_TARGET,UNVALIDATED,False,Not measured/supported by latest report; candidate engineering reference only,"CANDIDATE_TARGET: engineering candidate only, not measured by ONIQ and not a production gate"
CHAR-ENG-0877,gait_timing,step_interval_03,78,frames,CANDIDATE_TARGET,UNVALIDATED,False,Not measured/supported by latest report; candidate engineering reference only,"CANDIDATE_TARGET: engineering candidate only, not measured by ONIQ and not a production gate"
CHAR-ENG-0878,gait_timing,stride_interval_03,91,frames,CANDIDATE_TARGET,UNVALIDATED,False,Not measured/supported by latest report; candidate engineering reference only,"CANDIDATE_TARGET: engineering candidate only, not measured by ONIQ and not a production gate"
CHAR-ENG-0879,gait_timing,fps_03,104,frames,CANDIDATE_TARGET,UNVALIDATED,False,Not measured/supported by latest report; candidate engineering reference only,"CANDIDATE_TARGET: engineering candidate only, not measured by ONIQ and not a production gate"
CHAR-ENG-0880,gait_timing,duration_03,117,frames,CANDIDATE_TARGET,UNVALIDATED,False,Not measured/supported by latest report; candidate engineering reference only,"CANDIDATE_TARGET: engineering candidate only, not measured by ONIQ and not a production gate"
CHAR-ENG-0881,gait_timing,cycle_frames_04,10,frames,CANDIDATE_TARGET,UNVALIDATED,False,Not measured/supported by latest report; candidate engineering reference only,"CANDIDATE_TARGET: engineering candidate only, not measured by ONIQ and not a production gate"
CHAR-ENG-0882,gait_timing,contact_frame_04,23,frames,CANDIDATE_TARGET,UNVALIDATED,False,Not measured/supported by latest report; candidate engineering reference only,"CANDIDATE_TARGET: engineering candidate only, not measured by ONIQ and not a production gate"
CHAR-ENG-0883,gait_timing,down_frame_04,36,frames,CANDIDATE_TARGET,UNVALIDATED,False,Not measured/supported by latest report; candidate engineering reference only,"CANDIDATE_TARGET: engineering candidate only, not measured by ONIQ and not a production gate"
CHAR-ENG-0884,gait_timing,passing_frame_04,49,frames,CANDIDATE_TARGET,UNVALIDATED,False,Not measured/supported by latest report; candidate engineering reference only,"CANDIDATE_TARGET: engineering candidate only, not measured by ONIQ and not a production gate"
CHAR-ENG-0885,gait_timing,up_frame_04,62,frames,CANDIDATE_TARGET,UNVALIDATED,False,Not measured/supported by latest report; candidate engineering reference only,"CANDIDATE_TARGET: engineering candidate only, not measured by ONIQ and not a production gate"
CHAR-ENG-0886,gait_timing,opposite_contact_04,75,frames,CANDIDATE_TARGET,UNVALIDATED,False,Not measured/supported by latest report; candidate engineering reference only,"CANDIDATE_TARGET: engineering candidate only, not measured by ONIQ and not a production gate"
CHAR-ENG-0887,gait_timing,step_interval_04,88,frames,CANDIDATE_TARGET,UNVALIDATED,False,Not measured/supported by latest report; candidate engineering reference only,"CANDIDATE_TARGET: engineering candidate only, not measured by ONIQ and not a production gate"
CHAR-ENG-0888,gait_timing,stride_interval_04,101,frames,CANDIDATE_TARGET,UNVALIDATED,False,Not measured/supported by latest report; candidate engineering reference only,"CANDIDATE_TARGET: engineering candidate only, not measured by ONIQ and not a production gate"
CHAR-ENG-0889,gait_timing,fps_04,114,frames,CANDIDATE_TARGET,UNVALIDATED,False,Not measured/supported by latest report; candidate engineering reference only,"CANDIDATE_TARGET: engineering candidate only, not measured by ONIQ and not a production gate"
CHAR-ENG-0890,gait_timing,duration_04,7,frames,CANDIDATE_TARGET,UNVALIDATED,False,Not measured/supported by latest report; candidate engineering reference only,"CANDIDATE_TARGET: engineering candidate only, not measured by ONIQ and not a production gate"
CHAR-ENG-0891,gait_timing,cycle_frames_05,20,frames,CANDIDATE_TARGET,UNVALIDATED,False,Not measured/supported by latest report; candidate engineering reference only,"CANDIDATE_TARGET: engineering candidate only, not measured by ONIQ and not a production gate"
CHAR-ENG-0892,gait_timing,contact_frame_05,33,frames,CANDIDATE_TARGET,UNVALIDATED,False,Not measured/supported by latest report; candidate engineering reference only,"CANDIDATE_TARGET: engineering candidate only, not measured by ONIQ and not a production gate"
CHAR-ENG-0893,gait_timing,down_frame_05,46,frames,CANDIDATE_TARGET,UNVALIDATED,False,Not measured/supported by latest report; candidate engineering reference only,"CANDIDATE_TARGET: engineering candidate only, not measured by ONIQ and not a production gate"
CHAR-ENG-0894,gait_timing,passing_frame_05,59,frames,CANDIDATE_TARGET,UNVALIDATED,False,Not measured/supported by latest report; candidate engineering reference only,"CANDIDATE_TARGET: engineering candidate only, not measured by ONIQ and not a production gate"
CHAR-ENG-0895,gait_timing,up_frame_05,72,frames,CANDIDATE_TARGET,UNVALIDATED,False,Not measured/supported by latest report; candidate engineering reference only,"CANDIDATE_TARGET: engineering candidate only, not measured by ONIQ and not a production gate"
CHAR-ENG-0896,gait_timing,opposite_contact_05,85,frames,CANDIDATE_TARGET,UNVALIDATED,False,Not measured/supported by latest report; candidate engineering reference only,"CANDIDATE_TARGET: engineering candidate only, not measured by ONIQ and not a production gate"
CHAR-ENG-0897,gait_timing,step_interval_05,98,frames,CANDIDATE_TARGET,UNVALIDATED,False,Not measured/supported by latest report; candidate engineering reference only,"CANDIDATE_TARGET: engineering candidate only, not measured by ONIQ and not a production gate"
CHAR-ENG-0898,gait_timing,stride_interval_05,111,frames,CANDIDATE_TARGET,UNVALIDATED,False,Not measured/supported by latest report; candidate engineering reference only,"CANDIDATE_TARGET: engineering candidate only, not measured by ONIQ and not a production gate"
CHAR-ENG-0899,gait_timing,fps_05,4,frames,CANDIDATE_TARGET,UNVALIDATED,False,Not measured/supported by latest report; candidate engineering reference only,"CANDIDATE_TARGET: engineering candidate only, not measured by ONIQ and not a production gate"
CHAR-ENG-0900,gait_timing,duration_05,17,frames,CANDIDATE_TARGET,UNVALIDATED,False,Not measured/supported by latest report; candidate engineering reference only,"CANDIDATE_TARGET: engineering candidate only, not measured by ONIQ and not a production gate"
CHAR-ENG-0901,gait_kinematics,stride_length_01,0.906,silhouette-overlap ratio,SOURCE_LOCKED,REJECTED,False,Latest report: corrected maximum silhouette overlap,"value traces to a real measurement (corrected MAX SILHOUETTE OVERLAP 0.906) but the parameter name does not describe it: filed as stride_length; no stride length was measured. Not renamed, not promoted."
CHAR-ENG-0902,gait_kinematics,step_length_01,0.095,two-leg fraction,SOURCE_LOCKED,REJECTED,False,Latest report: corrected minimum two-leg fraction,"value traces to a real measurement (corrected MIN TWO-LEG FRACTION 0.095) but the parameter name does not describe it: filed as step_length; no step length was measured. Not renamed, not promoted."
CHAR-ENG-0903,gait_kinematics,pelvis_bob_01,2,px,SOURCE_LOCKED,REJECTED,False,"Latest report: minimum gap between legs is 2 px; retained as crossing-separation datum, not pelvis bob","value traces to a real measurement (minimum leg gap 2 px) but the parameter name does not describe it: filed as pelvis_bob; no pelvis bob was measured. Not renamed, not promoted."
CHAR-ENG-0904,gait_kinematics,pelvis_sway_01,17,frames,SOURCE_LOCKED,REJECTED,False,Latest report: corrected clip has 17 frames under 0.90 IoU,"value traces to a real measurement (corrected frames with IoU < 0.90 = 17) but the parameter name does not describe it: filed as pelvis_sway; a frame COUNT is not a sway distance. Not renamed, not promoted."
CHAR-ENG-0905,gait_kinematics,knee_peak_L_01,140.0,deg,SOURCE_LOCKED,REJECTED,False,Latest report: knee-0.50 f101 angle,"value traces to a real measurement (corrected minimum knee interior angle at frame 101 = 140.0 deg) but the parameter name does not describe it: filed as knee_peak_L; it is a per-FRAME minimum across both knees, not a left-knee peak. Not renamed, not promoted."
CHAR-ENG-0906,gait_kinematics,knee_peak_R_01,140.4,deg,SOURCE_LOCKED,REJECTED,False,Latest report: knee-0.50 f100 angle,"value traces to a real measurement (corrected minimum knee interior angle at frame 100 = 140.4 deg) but the parameter name does not describe it: filed as knee_peak_R; it is frame 100, not the right knee. Not renamed, not promoted."
CHAR-ENG-0907,gait_kinematics,ankle_peak_L_01,0.97,mixed,CANDIDATE_TARGET,UNVALIDATED,False,Not measured/supported by latest report; candidate engineering reference only,"CANDIDATE_TARGET: engineering candidate only, not measured by ONIQ and not a production gate"
CHAR-ENG-0908,gait_kinematics,ankle_peak_R_01,1.2,mixed,CANDIDATE_TARGET,UNVALIDATED,False,Not measured/supported by latest report; candidate engineering reference only,"CANDIDATE_TARGET: engineering candidate only, not measured by ONIQ and not a production gate"
CHAR-ENG-0909,gait_kinematics,hip_peak_L_01,1.43,mixed,CANDIDATE_TARGET,UNVALIDATED,False,Not measured/supported by latest report; candidate engineering reference only,"CANDIDATE_TARGET: engineering candidate only, not measured by ONIQ and not a production gate"
CHAR-ENG-0910,gait_kinematics,hip_peak_R_01,1.66,mixed,CANDIDATE_TARGET,UNVALIDATED,False,Not measured/supported by latest report; candidate engineering reference only,"CANDIDATE_TARGET: engineering candidate only, not measured by ONIQ and not a production gate"
CHAR-ENG-0911,gait_kinematics,stride_length_02,0.898,silhouette-overlap ratio,SOURCE_LOCKED,REJECTED,False,Latest report: control maximum silhouette overlap,"value traces to a real measurement (control MAX SILHOUETTE OVERLAP 0.898) but the parameter name does not describe it: filed as stride_length. Not renamed, not promoted."
CHAR-ENG-0912,gait_kinematics,step_length_02,0.102,two-leg fraction,SOURCE_LOCKED,REJECTED,False,Latest report: control minimum two-leg fraction,"value traces to a real measurement (control MIN TWO-LEG FRACTION 0.102) but the parameter name does not describe it: filed as step_length. Not renamed, not promoted."
CHAR-ENG-0913,gait_kinematics,pelvis_bob_02,2,px,SOURCE_LOCKED,REJECTED,False,Latest report: control minimum gap between legs is 2 px,"value traces to a real measurement (minimum leg gap 2 px) but the parameter name does not describe it: filed as pelvis_bob. Not renamed, not promoted."
CHAR-ENG-0914,gait_kinematics,pelvis_sway_02,11,frames,SOURCE_LOCKED,REJECTED,False,Latest report: control has 11 frames under 0.90 IoU,"value traces to a real measurement (control frames with IoU < 0.90 = 11) but the parameter name does not describe it: filed as pelvis_sway. Not renamed, not promoted."
CHAR-ENG-0915,gait_kinematics,knee_peak_L_02,141.0,deg,SOURCE_LOCKED,REJECTED,False,Latest report: knee-0.50 f102 angle,"value traces to a real measurement (corrected knee angle at frame 102 = 141.0 deg) but the parameter name does not describe it: filed as knee_peak_L_02; it is frame 102. Not renamed, not promoted."
CHAR-ENG-0916,gait_kinematics,knee_peak_R_02,147.2,deg,SOURCE_LOCKED,REJECTED,False,Latest report: knee-0.50 f126 angle,"value traces to a real measurement (corrected knee angle at frame 126 = 147.2 deg) but the parameter name does not describe it: filed as knee_peak_R_02; it is frame 126. Not renamed, not promoted."
CHAR-ENG-0917,gait_kinematics,ankle_peak_L_02,1.32,mixed,CANDIDATE_TARGET,UNVALIDATED,False,Not measured/supported by latest report; candidate engineering reference only,"CANDIDATE_TARGET: engineering candidate only, not measured by ONIQ and not a production gate"
CHAR-ENG-0918,gait_kinematics,ankle_peak_R_02,1.55,mixed,CANDIDATE_TARGET,UNVALIDATED,False,Not measured/supported by latest report; candidate engineering reference only,"CANDIDATE_TARGET: engineering candidate only, not measured by ONIQ and not a production gate"
CHAR-ENG-0919,gait_kinematics,hip_peak_L_02,1.78,mixed,CANDIDATE_TARGET,UNVALIDATED,False,Not measured/supported by latest report; candidate engineering reference only,"CANDIDATE_TARGET: engineering candidate only, not measured by ONIQ and not a production gate"
CHAR-ENG-0920,gait_kinematics,hip_peak_R_02,0.06,mixed,CANDIDATE_TARGET,UNVALIDATED,False,Not measured/supported by latest report; candidate engineering reference only,"CANDIDATE_TARGET: engineering candidate only, not measured by ONIQ and not a production gate"
CHAR-ENG-0921,gait_kinematics,stride_length_03,0.29,mixed,CANDIDATE_TARGET,UNVALIDATED,False,Not measured/supported by latest report; candidate engineering reference only,"CANDIDATE_TARGET: engineering candidate only, not measured by ONIQ and not a production gate"
CHAR-ENG-0922,gait_kinematics,step_length_03,0.52,mixed,CANDIDATE_TARGET,UNVALIDATED,False,Not measured/supported by latest report; candidate engineering reference only,"CANDIDATE_TARGET: engineering candidate only, not measured by ONIQ and not a production gate"
CHAR-ENG-0923,gait_kinematics,pelvis_bob_03,0.75,mixed,CANDIDATE_TARGET,UNVALIDATED,False,Not measured/supported by latest report; candidate engineering reference only,"CANDIDATE_TARGET: engineering candidate only, not measured by ONIQ and not a production gate"
CHAR-ENG-0924,gait_kinematics,pelvis_sway_03,0.98,mixed,CANDIDATE_TARGET,UNVALIDATED,False,Not measured/supported by latest report; candidate engineering reference only,"CANDIDATE_TARGET: engineering candidate only, not measured by ONIQ and not a production gate"
CHAR-ENG-0925,gait_kinematics,knee_peak_L_03,112.3,deg,SOURCE_LOCKED,REJECTED,False,Latest report: control f101 knee angle,"value traces to a real measurement (CONTROL knee angle at frame 101 = 112.3 deg) but the parameter name does not describe it: filed as knee_peak_L_03; it is a control-clip frame value. Not renamed, not promoted."
CHAR-ENG-0926,gait_kinematics,knee_peak_R_03,113.1,deg,SOURCE_LOCKED,REJECTED,False,Latest report: control f100 knee angle,"value traces to a real measurement (CONTROL knee angle at frame 100 = 113.1 deg) but the parameter name does not describe it: filed as knee_peak_R_03. Not renamed, not promoted."
CHAR-ENG-0927,gait_kinematics,ankle_peak_L_03,1.67,mixed,CANDIDATE_TARGET,UNVALIDATED,False,Not measured/supported by latest report; candidate engineering reference only,"CANDIDATE_TARGET: engineering candidate only, not measured by ONIQ and not a production gate"
CHAR-ENG-0928,gait_kinematics,ankle_peak_R_03,1.9,mixed,CANDIDATE_TARGET,UNVALIDATED,False,Not measured/supported by latest report; candidate engineering reference only,"CANDIDATE_TARGET: engineering candidate only, not measured by ONIQ and not a production gate"
CHAR-ENG-0929,gait_kinematics,hip_peak_L_03,0.18,mixed,CANDIDATE_TARGET,UNVALIDATED,False,Not measured/supported by latest report; candidate engineering reference only,"CANDIDATE_TARGET: engineering candidate only, not measured by ONIQ and not a production gate"
CHAR-ENG-0930,gait_kinematics,hip_peak_R_03,0.41,mixed,CANDIDATE_TARGET,UNVALIDATED,False,Not measured/supported by latest report; candidate engineering reference only,"CANDIDATE_TARGET: engineering candidate only, not measured by ONIQ and not a production gate"
CHAR-ENG-0931,gait_kinematics,stride_length_04,0.64,mixed,CANDIDATE_TARGET,UNVALIDATED,False,Not measured/supported by latest report; candidate engineering reference only,"CANDIDATE_TARGET: engineering candidate only, not measured by ONIQ and not a production gate"
CHAR-ENG-0932,gait_kinematics,step_length_04,0.87,mixed,CANDIDATE_TARGET,UNVALIDATED,False,Not measured/supported by latest report; candidate engineering reference only,"CANDIDATE_TARGET: engineering candidate only, not measured by ONIQ and not a production gate"
CHAR-ENG-0933,gait_kinematics,pelvis_bob_04,1.1,mixed,CANDIDATE_TARGET,UNVALIDATED,False,Not measured/supported by latest report; candidate engineering reference only,"CANDIDATE_TARGET: engineering candidate only, not measured by ONIQ and not a production gate"
CHAR-ENG-0934,gait_kinematics,pelvis_sway_04,1.33,mixed,CANDIDATE_TARGET,UNVALIDATED,False,Not measured/supported by latest report; candidate engineering reference only,"CANDIDATE_TARGET: engineering candidate only, not measured by ONIQ and not a production gate"
CHAR-ENG-0935,gait_kinematics,knee_peak_L_04,114.3,deg,SOURCE_LOCKED,REJECTED,False,Latest report: control f102 knee angle,"value traces to a real measurement (CONTROL knee angle at frame 102 = 114.3 deg) but the parameter name does not describe it: filed as knee_peak_L_04. Not renamed, not promoted."
CHAR-ENG-0936,gait_kinematics,knee_peak_R_04,115.7,deg,SOURCE_LOCKED,REJECTED,False,Latest report: control f126 knee angle,"value traces to a real measurement (CONTROL knee angle at frame 126 = 115.7 deg) but the parameter name does not describe it: filed as knee_peak_R_04. Not renamed, not promoted."
CHAR-ENG-0937,gait_kinematics,ankle_peak_L_04,0.07,mixed,CANDIDATE_TARGET,UNVALIDATED,False,Not measured/supported by latest report; candidate engineering reference only,"CANDIDATE_TARGET: engineering candidate only, not measured by ONIQ and not a production gate"
CHAR-ENG-0938,gait_kinematics,ankle_peak_R_04,0.3,mixed,CANDIDATE_TARGET,UNVALIDATED,False,Not measured/supported by latest report; candidate engineering reference only,"CANDIDATE_TARGET: engineering candidate only, not measured by ONIQ and not a production gate"
CHAR-ENG-0939,gait_kinematics,hip_peak_L_04,0.53,mixed,CANDIDATE_TARGET,UNVALIDATED,False,Not measured/supported by latest report; candidate engineering reference only,"CANDIDATE_TARGET: engineering candidate only, not measured by ONIQ and not a production gate"
CHAR-ENG-0940,gait_kinematics,hip_peak_R_04,0.76,mixed,CANDIDATE_TARGET,UNVALIDATED,False,Not measured/supported by latest report; candidate engineering reference only,"CANDIDATE_TARGET: engineering candidate only, not measured by ONIQ and not a production gate"
CHAR-ENG-0941,gait_kinematics,stride_length_05,0.99,mixed,CANDIDATE_TARGET,UNVALIDATED,False,Not measured/supported by latest report; candidate engineering reference only,"CANDIDATE_TARGET: engineering candidate only, not measured by ONIQ and not a production gate"
CHAR-ENG-0942,gait_kinematics,step_length_05,1.22,mixed,CANDIDATE_TARGET,UNVALIDATED,False,Not measured/supported by latest report; candidate engineering reference only,"CANDIDATE_TARGET: engineering candidate only, not measured by ONIQ and not a production gate"
CHAR-ENG-0943,gait_kinematics,pelvis_bob_05,1.45,mixed,CANDIDATE_TARGET,UNVALIDATED,False,Not measured/supported by latest report; candidate engineering reference only,"CANDIDATE_TARGET: engineering candidate only, not measured by ONIQ and not a production gate"
CHAR-ENG-0944,gait_kinematics,pelvis_sway_05,1.68,mixed,CANDIDATE_TARGET,UNVALIDATED,False,Not measured/supported by latest report; candidate engineering reference only,"CANDIDATE_TARGET: engineering candidate only, not measured by ONIQ and not a production gate"
CHAR-ENG-0945,gait_kinematics,knee_peak_L_05,1.91,mixed,CANDIDATE_TARGET,UNVALIDATED,False,Not measured/supported by latest report; candidate engineering reference only,"CANDIDATE_TARGET: engineering candidate only, not measured by ONIQ and not a production gate"
CHAR-ENG-0946,gait_kinematics,knee_peak_R_05,0.19,mixed,CANDIDATE_TARGET,UNVALIDATED,False,Not measured/supported by latest report; candidate engineering reference only,"CANDIDATE_TARGET: engineering candidate only, not measured by ONIQ and not a production gate"
CHAR-ENG-0947,gait_kinematics,ankle_peak_L_05,0.42,mixed,CANDIDATE_TARGET,UNVALIDATED,False,Not measured/supported by latest report; candidate engineering reference only,"CANDIDATE_TARGET: engineering candidate only, not measured by ONIQ and not a production gate"
CHAR-ENG-0948,gait_kinematics,ankle_peak_R_05,0.65,mixed,CANDIDATE_TARGET,UNVALIDATED,False,Not measured/supported by latest report; candidate engineering reference only,"CANDIDATE_TARGET: engineering candidate only, not measured by ONIQ and not a production gate"
CHAR-ENG-0949,gait_kinematics,hip_peak_L_05,0.88,mixed,CANDIDATE_TARGET,UNVALIDATED,False,Not measured/supported by latest report; candidate engineering reference only,"CANDIDATE_TARGET: engineering candidate only, not measured by ONIQ and not a production gate"
CHAR-ENG-0950,gait_kinematics,hip_peak_R_05,1.11,mixed,CANDIDATE_TARGET,UNVALIDATED,False,Not measured/supported by latest report; candidate engineering reference only,"CANDIDATE_TARGET: engineering candidate only, not measured by ONIQ and not a production gate"
CHAR-ENG-0951,motion_limits,spine_flex_01,0.5,scale,SOURCE_LOCKED,REJECTED,False,Latest report: knee damping constant; motion_limits row repurposed only as a source-locked damping datum,"value traces to a real measurement (KNEE DAMPING SCALE 0.50) but the parameter name does not describe it: filed under motion_limits as spine_flex; it is the knee damping constant and must never act as a spine limit. Not renamed, not promoted."
CHAR-ENG-0952,motion_limits,spine_ext_01,89,deg,CANDIDATE_TARGET,UNVALIDATED,False,Not measured/supported by latest report; candidate engineering reference only,"CANDIDATE_TARGET: engineering candidate only, not measured by ONIQ and not a production gate"
CHAR-ENG-0953,motion_limits,spine_twist_01,108,deg,CANDIDATE_TARGET,UNVALIDATED,False,Not measured/supported by latest report; candidate engineering reference only,"CANDIDATE_TARGET: engineering candidate only, not measured by ONIQ and not a production gate"
CHAR-ENG-0954,motion_limits,neck_flex_01,127,deg,CANDIDATE_TARGET,UNVALIDATED,False,Not measured/supported by latest report; candidate engineering reference only,"CANDIDATE_TARGET: engineering candidate only, not measured by ONIQ and not a production gate"
CHAR-ENG-0955,motion_limits,neck_ext_01,146,deg,CANDIDATE_TARGET,UNVALIDATED,False,Not measured/supported by latest report; candidate engineering reference only,"CANDIDATE_TARGET: engineering candidate only, not measured by ONIQ and not a production gate"
CHAR-ENG-0956,motion_limits,neck_twist_01,165,deg,CANDIDATE_TARGET,UNVALIDATED,False,Not measured/supported by latest report; candidate engineering reference only,"CANDIDATE_TARGET: engineering candidate only, not measured by ONIQ and not a production gate"
CHAR-ENG-0957,motion_limits,shoulder_abduction_01,3,deg,CANDIDATE_TARGET,UNVALIDATED,False,Not measured/supported by latest report; candidate engineering reference only,"CANDIDATE_TARGET: engineering candidate only, not measured by ONIQ and not a production gate"
CHAR-ENG-0958,motion_limits,shoulder_adduction_01,22,deg,CANDIDATE_TARGET,UNVALIDATED,False,Not measured/supported by latest report; candidate engineering reference only,"CANDIDATE_TARGET: engineering candidate only, not measured by ONIQ and not a production gate"
CHAR-ENG-0959,motion_limits,wrist_flex_01,41,deg,CANDIDATE_TARGET,UNVALIDATED,False,Not measured/supported by latest report; candidate engineering reference only,"CANDIDATE_TARGET: engineering candidate only, not measured by ONIQ and not a production gate"
CHAR-ENG-0960,motion_limits,wrist_ext_01,60,deg,CANDIDATE_TARGET,UNVALIDATED,False,Not measured/supported by latest report; candidate engineering reference only,"CANDIDATE_TARGET: engineering candidate only, not measured by ONIQ and not a production gate"
CHAR-ENG-0961,motion_limits,spine_flex_02,79,deg,CANDIDATE_TARGET,UNVALIDATED,False,Not measured/supported by latest report; candidate engineering reference only,"CANDIDATE_TARGET: engineering candidate only, not measured by ONIQ and not a production gate"
CHAR-ENG-0962,motion_limits,spine_ext_02,98,deg,CANDIDATE_TARGET,UNVALIDATED,False,Not measured/supported by latest report; candidate engineering reference only,"CANDIDATE_TARGET: engineering candidate only, not measured by ONIQ and not a production gate"
CHAR-ENG-0963,motion_limits,spine_twist_02,117,deg,CANDIDATE_TARGET,UNVALIDATED,False,Not measured/supported by latest report; candidate engineering reference only,"CANDIDATE_TARGET: engineering candidate only, not measured by ONIQ and not a production gate"
CHAR-ENG-0964,motion_limits,neck_flex_02,136,deg,CANDIDATE_TARGET,UNVALIDATED,False,Not measured/supported by latest report; candidate engineering reference only,"CANDIDATE_TARGET: engineering candidate only, not measured by ONIQ and not a production gate"
CHAR-ENG-0965,motion_limits,neck_ext_02,155,deg,CANDIDATE_TARGET,UNVALIDATED,False,Not measured/supported by latest report; candidate engineering reference only,"CANDIDATE_TARGET: engineering candidate only, not measured by ONIQ and not a production gate"
CHAR-ENG-0966,motion_limits,neck_twist_02,-7,deg,CANDIDATE_TARGET,UNVALIDATED,False,Not measured/supported by latest report; candidate engineering reference only,"CANDIDATE_TARGET: engineering candidate only, not measured by ONIQ and not a production gate"
CHAR-ENG-0967,motion_limits,shoulder_abduction_02,12,deg,CANDIDATE_TARGET,UNVALIDATED,False,Not measured/supported by latest report; candidate engineering reference only,"CANDIDATE_TARGET: engineering candidate only, not measured by ONIQ and not a production gate"
CHAR-ENG-0968,motion_limits,shoulder_adduction_02,31,deg,CANDIDATE_TARGET,UNVALIDATED,False,Not measured/supported by latest report; candidate engineering reference only,"CANDIDATE_TARGET: engineering candidate only, not measured by ONIQ and not a production gate"
CHAR-ENG-0969,motion_limits,wrist_flex_02,50,deg,CANDIDATE_TARGET,UNVALIDATED,False,Not measured/supported by latest report; candidate engineering reference only,"CANDIDATE_TARGET: engineering candidate only, not measured by ONIQ and not a production gate"
CHAR-ENG-0970,motion_limits,wrist_ext_02,69,deg,CANDIDATE_TARGET,UNVALIDATED,False,Not measured/supported by latest report; candidate engineering reference only,"CANDIDATE_TARGET: engineering candidate only, not measured by ONIQ and not a production gate"
CHAR-ENG-0971,motion_limits,spine_flex_03,88,deg,CANDIDATE_TARGET,UNVALIDATED,False,Not measured/supported by latest report; candidate engineering reference only,"CANDIDATE_TARGET: engineering candidate only, not measured by ONIQ and not a production gate"
CHAR-ENG-0972,motion_limits,spine_ext_03,107,deg,CANDIDATE_TARGET,UNVALIDATED,False,Not measured/supported by latest report; candidate engineering reference only,"CANDIDATE_TARGET: engineering candidate only, not measured by ONIQ and not a production gate"
CHAR-ENG-0973,motion_limits,spine_twist_03,126,deg,CANDIDATE_TARGET,UNVALIDATED,False,Not measured/supported by latest report; candidate engineering reference only,"CANDIDATE_TARGET: engineering candidate only, not measured by ONIQ and not a production gate"
CHAR-ENG-0974,motion_limits,neck_flex_03,145,deg,CANDIDATE_TARGET,UNVALIDATED,False,Not measured/supported by latest report; candidate engineering reference only,"CANDIDATE_TARGET: engineering candidate only, not measured by ONIQ and not a production gate"
CHAR-ENG-0975,motion_limits,neck_ext_03,164,deg,CANDIDATE_TARGET,UNVALIDATED,False,Not measured/supported by latest report; candidate engineering reference only,"CANDIDATE_TARGET: engineering candidate only, not measured by ONIQ and not a production gate"
CHAR-ENG-0976,motion_limits,neck_twist_03,2,deg,CANDIDATE_TARGET,UNVALIDATED,False,Not measured/supported by latest report; candidate engineering reference only,"CANDIDATE_TARGET: engineering candidate only, not measured by ONIQ and not a production gate"
CHAR-ENG-0977,motion_limits,shoulder_abduction_03,21,deg,CANDIDATE_TARGET,UNVALIDATED,False,Not measured/supported by latest report; candidate engineering reference only,"CANDIDATE_TARGET: engineering candidate only, not measured by ONIQ and not a production gate"
CHAR-ENG-0978,motion_limits,shoulder_adduction_03,40,deg,CANDIDATE_TARGET,UNVALIDATED,False,Not measured/supported by latest report; candidate engineering reference only,"CANDIDATE_TARGET: engineering candidate only, not measured by ONIQ and not a production gate"
CHAR-ENG-0979,motion_limits,wrist_flex_03,59,deg,CANDIDATE_TARGET,UNVALIDATED,False,Not measured/supported by latest report; candidate engineering reference only,"CANDIDATE_TARGET: engineering candidate only, not measured by ONIQ and not a production gate"
CHAR-ENG-0980,motion_limits,wrist_ext_03,78,deg,CANDIDATE_TARGET,UNVALIDATED,False,Not measured/supported by latest report; candidate engineering reference only,"CANDIDATE_TARGET: engineering candidate only, not measured by ONIQ and not a production gate"
CHAR-ENG-0981,motion_limits,spine_flex_04,97,deg,CANDIDATE_TARGET,UNVALIDATED,False,Not measured/supported by latest report; candidate engineering reference only,"CANDIDATE_TARGET: engineering candidate only, not measured by ONIQ and not a production gate"
CHAR-ENG-0982,motion_limits,spine_ext_04,116,deg,CANDIDATE_TARGET,UNVALIDATED,False,Not measured/supported by latest report; candidate engineering reference only,"CANDIDATE_TARGET: engineering candidate only, not measured by ONIQ and not a production gate"
CHAR-ENG-0983,motion_limits,spine_twist_04,135,deg,CANDIDATE_TARGET,UNVALIDATED,False,Not measured/supported by latest report; candidate engineering reference only,"CANDIDATE_TARGET: engineering candidate only, not measured by ONIQ and not a production gate"
CHAR-ENG-0984,motion_limits,neck_flex_04,154,deg,CANDIDATE_TARGET,UNVALIDATED,False,Not measured/supported by latest report; candidate engineering reference only,"CANDIDATE_TARGET: engineering candidate only, not measured by ONIQ and not a production gate"
CHAR-ENG-0985,motion_limits,neck_ext_04,-8,deg,CANDIDATE_TARGET,UNVALIDATED,False,Not measured/supported by latest report; candidate engineering reference only,"CANDIDATE_TARGET: engineering candidate only, not measured by ONIQ and not a production gate"
CHAR-ENG-0986,motion_limits,neck_twist_04,11,deg,CANDIDATE_TARGET,UNVALIDATED,False,Not measured/supported by latest report; candidate engineering reference only,"CANDIDATE_TARGET: engineering candidate only, not measured by ONIQ and not a production gate"
CHAR-ENG-0987,motion_limits,shoulder_abduction_04,30,deg,CANDIDATE_TARGET,UNVALIDATED,False,Not measured/supported by latest report; candidate engineering reference only,"CANDIDATE_TARGET: engineering candidate only, not measured by ONIQ and not a production gate"
CHAR-ENG-0988,motion_limits,shoulder_adduction_04,49,deg,CANDIDATE_TARGET,UNVALIDATED,False,Not measured/supported by latest report; candidate engineering reference only,"CANDIDATE_TARGET: engineering candidate only, not measured by ONIQ and not a production gate"
CHAR-ENG-0989,motion_limits,wrist_flex_04,68,deg,CANDIDATE_TARGET,UNVALIDATED,False,Not measured/supported by latest report; candidate engineering reference only,"CANDIDATE_TARGET: engineering candidate only, not measured by ONIQ and not a production gate"
CHAR-ENG-0990,motion_limits,wrist_ext_04,87,deg,CANDIDATE_TARGET,UNVALIDATED,False,Not measured/supported by latest report; candidate engineering reference only,"CANDIDATE_TARGET: engineering candidate only, not measured by ONIQ and not a production gate"
CHAR-ENG-0991,motion_limits,spine_flex_05,106,deg,CANDIDATE_TARGET,UNVALIDATED,False,Not measured/supported by latest report; candidate engineering reference only,"CANDIDATE_TARGET: engineering candidate only, not measured by ONIQ and not a production gate"
CHAR-ENG-0992,motion_limits,spine_ext_05,125,deg,CANDIDATE_TARGET,UNVALIDATED,False,Not measured/supported by latest report; candidate engineering reference only,"CANDIDATE_TARGET: engineering candidate only, not measured by ONIQ and not a production gate"
CHAR-ENG-0993,motion_limits,spine_twist_05,144,deg,CANDIDATE_TARGET,UNVALIDATED,False,Not measured/supported by latest report; candidate engineering reference only,"CANDIDATE_TARGET: engineering candidate only, not measured by ONIQ and not a production gate"
CHAR-ENG-0994,motion_limits,neck_flex_05,163,deg,CANDIDATE_TARGET,UNVALIDATED,False,Not measured/supported by latest report; candidate engineering reference only,"CANDIDATE_TARGET: engineering candidate only, not measured by ONIQ and not a production gate"
CHAR-ENG-0995,motion_limits,neck_ext_05,1,deg,CANDIDATE_TARGET,UNVALIDATED,False,Not measured/supported by latest report; candidate engineering reference only,"CANDIDATE_TARGET: engineering candidate only, not measured by ONIQ and not a production gate"
CHAR-ENG-0996,motion_limits,neck_twist_05,20,deg,CANDIDATE_TARGET,UNVALIDATED,False,Not measured/supported by latest report; candidate engineering reference only,"CANDIDATE_TARGET: engineering candidate only, not measured by ONIQ and not a production gate"
CHAR-ENG-0997,motion_limits,shoulder_abduction_05,39,deg,CANDIDATE_TARGET,UNVALIDATED,False,Not measured/supported by latest report; candidate engineering reference only,"CANDIDATE_TARGET: engineering candidate only, not measured by ONIQ and not a production gate"
CHAR-ENG-0998,motion_limits,shoulder_adduction_05,58,deg,CANDIDATE_TARGET,UNVALIDATED,False,Not measured/supported by latest report; candidate engineering reference only,"CANDIDATE_TARGET: engineering candidate only, not measured by ONIQ and not a production gate"
CHAR-ENG-0999,motion_limits,wrist_flex_05,77,deg,CANDIDATE_TARGET,UNVALIDATED,False,Not measured/supported by latest report; candidate engineering reference only,"CANDIDATE_TARGET: engineering candidate only, not measured by ONIQ and not a production gate"
CHAR-ENG-1000,motion_limits,wrist_ext_05,96,deg,CANDIDATE_TARGET,UNVALIDATED,False,Not measured/supported by latest report; candidate engineering reference only,"CANDIDATE_TARGET: engineering candidate only, not measured by ONIQ and not a production gate"
